entry_id	surface_form	nfc_search_key	casefold_search_key	frequency	document_part_count	document_parts	first_locator	last_locator	sample_locators	first_context	container_initial_count	container_final_count	top_left_neighbors	top_right_neighbors	unicode_char_length	exact_character_sequence	first_char	last_char	first_two_chars	last_two_chars	casefold_surface_relatives	semantic_status	interpretive_status	corpus_scope_status	notes
W000001	1	1	1	4	1	BODY	BODY-P000007-W00001	BODY-P000203-W00001	BODY-P000007-W00001 | BODY-P000016-W00001 | BODY-P000103-W00002 | BODY-P000203-W00001	1. Katalog û Analîza Berheman	3	1	Rûpel::1	Katalog::1 | ji::1 | Mem::1	1	1	1	1	1	1		SEMANTIC VALUE UNRESOLVED	INTERPRETATION UNREVIEWED	CORPUS-SCOPE UNREVIEWED	
W000002	1-8	1-8	1-8	2	1	BODY	BODY-P000045-W00004	BODY-P000229-W00005	BODY-P000045-W00004 | BODY-P000229-W00005	Dîwana Cigerxwîn (BeIên 1-8)	0	1	BeIên::2	Cigerxwîn::1	3	1 - 8	1	8	1-	-8		SEMANTIC VALUE UNRESOLVED	INTERPRETATION UNREVIEWED	CORPUS-SCOPE UNREVIEWED	
W000003	10	10	10	2	1	BODY	BODY-P000059-W00001	BODY-P000242-W00001	BODY-P000059-W00001 | BODY-P000242-W00001	10	2	1		Jiyana::1	2	1 0	1	0	10	10		SEMANTIC VALUE UNRESOLVED	INTERPRETATION UNREVIEWED	CORPUS-SCOPE UNREVIEWED	
W000004	11	11	11	2	1	BODY	BODY-P000063-W00001	BODY-P000246-W00001	BODY-P000063-W00001 | BODY-P000246-W00001	11	2	1		Dimdim::1	2	1 1	1	1	11	11		SEMANTIC VALUE UNRESOLVED	INTERPRETATION UNREVIEWED	CORPUS-SCOPE UNREVIEWED	
W000005	12	12	12	2	1	BODY	BODY-P000067-W00001	BODY-P000250-W00001	BODY-P000067-W00001 | BODY-P000250-W00001	12	2	1		Hopo::1	2	1 2	1	2	12	12		SEMANTIC VALUE UNRESOLVED	INTERPRETATION UNREVIEWED	CORPUS-SCOPE UNREVIEWED	
W000006	13	13	13	2	1	BODY	BODY-P000071-W00001	BODY-P000254-W00001	BODY-P000071-W00001 | BODY-P000254-W00001	13	2	1		Tu::1	2	1 3	1	3	13	13		SEMANTIC VALUE UNRESOLVED	INTERPRETATION UNREVIEWED	CORPUS-SCOPE UNREVIEWED	
W000007	14	14	14	2	1	BODY	BODY-P000075-W00001	BODY-P000258-W00001	BODY-P000075-W00001 | BODY-P000258-W00001	14	2	1		Girtî::1	2	1 4	1	4	14	14		SEMANTIC VALUE UNRESOLVED	INTERPRETATION UNREVIEWED	CORPUS-SCOPE UNREVIEWED	
W000008	15	15	15	2	1	BODY	BODY-P000079-W00001	BODY-P000262-W00001	BODY-P000079-W00001 | BODY-P000262-W00001	15	2	1		Mirina::1	2	1 5	1	5	15	15		SEMANTIC VALUE UNRESOLVED	INTERPRETATION UNREVIEWED	CORPUS-SCOPE UNREVIEWED	
W000009	16	16	16	2	1	BODY	BODY-P000083-W00001	BODY-P000267-W00001	BODY-P000083-W00001 | BODY-P000267-W00001	16	2	1		Siya::1	2	1 6	1	6	16	16		SEMANTIC VALUE UNRESOLVED	INTERPRETATION UNREVIEWED	CORPUS-SCOPE UNREVIEWED	
W000010	1692	1692	1692	3	1	BODY	BODY-P000019-W00001	BODY-P000204-W00008	BODY-P000019-W00001 | BODY-P000203-W00007 | BODY-P000204-W00008	1692	1	3	Xanî::1 | Çapê::1		4	1 6 9 2	1	2	16	92		SEMANTIC VALUE UNRESOLVED	INTERPRETATION UNREVIEWED	CORPUS-SCOPE UNREVIEWED	
W000011	16an-17an	16an-17an	16an-17an	3	1	BODY	BODY-P000028-W00001	BODY-P000213-W00008	BODY-P000028-W00001 | BODY-P000212-W00008 | BODY-P000213-W00008	16an-17an	1	3	Sedsala::2		9	1 6 a n - 1 7 a n	1	n	16	an		SEMANTIC VALUE UNRESOLVED	INTERPRETATION UNREVIEWED	CORPUS-SCOPE UNREVIEWED	
W000012	17	17	17	2	1	BODY	BODY-P000087-W00001	BODY-P000271-W00001	BODY-P000087-W00001 | BODY-P000271-W00001	17	2	1		Ji::1	2	1 7	1	7	17	17		SEMANTIC VALUE UNRESOLVED	INTERPRETATION UNREVIEWED	CORPUS-SCOPE UNREVIEWED	
W000013	17an	17an	17an	3	1	BODY	BODY-P000023-W00002	BODY-P000209-W00008	BODY-P000023-W00002 | BODY-P000208-W00006 | BODY-P000209-W00008	Sedsala 17an	0	3	Sedsala::3		4	1 7 a n	1	n	17	an		SEMANTIC VALUE UNRESOLVED	INTERPRETATION UNREVIEWED	CORPUS-SCOPE UNREVIEWED	
W000014	18	18	18	2	1	BODY	BODY-P000091-W00001	BODY-P000275-W00001	BODY-P000091-W00001 | BODY-P000275-W00001	18	2	1		Rojek::1	2	1 8	1	8	18	18		SEMANTIC VALUE UNRESOLVED	INTERPRETATION UNREVIEWED	CORPUS-SCOPE UNREVIEWED	
W000015	18an	18an	18an	3	1	BODY	BODY-P000033-W00002	BODY-P000217-W00008	BODY-P000033-W00002 | BODY-P000216-W00008 | BODY-P000217-W00008	Sedsala 18an	0	3	Sedsala::3		4	1 8 a n	1	n	18	an		SEMANTIC VALUE UNRESOLVED	INTERPRETATION UNREVIEWED	CORPUS-SCOPE UNREVIEWED	
W000016	19	19	19	2	1	BODY	BODY-P000095-W00001	BODY-P000279-W00001	BODY-P000095-W00001 | BODY-P000279-W00001	19	2	1		Kevoka::1	2	1 9	1	9	19	19		SEMANTIC VALUE UNRESOLVED	INTERPRETATION UNREVIEWED	CORPUS-SCOPE UNREVIEWED	
W000017	1930	1930	1930	3	1	BODY	BODY-P000038-W00001	BODY-P000221-W00008	BODY-P000038-W00001 | BODY-P000220-W00008 | BODY-P000221-W00008	1930	1	3	Iamilov::1 | Çapê::1		4	1 9 3 0	1	0	19	30		SEMANTIC VALUE UNRESOLVED	INTERPRETATION UNREVIEWED	CORPUS-SCOPE UNREVIEWED	
W000018	1932	1932	1932	3	1	BODY	BODY-P000043-W00001	BODY-P000226-W00008	BODY-P000043-W00001 | BODY-P000225-W00010 | BODY-P000226-W00008	1932	1	3	Bedirxan::1 | Çapê::1		4	1 9 3 2	1	2	19	32		SEMANTIC VALUE UNRESOLVED	INTERPRETATION UNREVIEWED	CORPUS-SCOPE UNREVIEWED	
W000019	1945-1984	1945-1984	1945-1984	3	1	BODY	BODY-P000049-W00001	BODY-P000230-W00007	BODY-P000049-W00001 | BODY-P000229-W00009 | BODY-P000230-W00007	1945-1984	1	3	Hasan::1 | Çapê::1		9	1 9 4 5 - 1 9 8 4	1	4	19	84		SEMANTIC VALUE UNRESOLVED	INTERPRETATION UNREVIEWED	CORPUS-SCOPE UNREVIEWED	
W000020	1956	1956	1956	3	1	BODY	BODY-P000053-W00001	BODY-P000235-W00008	BODY-P000053-W00001 | BODY-P000234-W00007 | BODY-P000235-W00008	1956	1	3	Sebrî::1 | Çapê::1		4	1 9 5 6	1	6	19	56		SEMANTIC VALUE UNRESOLVED	INTERPRETATION UNREVIEWED	CORPUS-SCOPE UNREVIEWED	
W000021	1959	1959	1959	6	1	BODY	BODY-P000058-W00001	BODY-P000243-W00006	BODY-P000058-W00001 | BODY-P000062-W00001 | BODY-P000238-W00006 | BODY-P000239-W00006 | BODY-P000242-W00006 | BODY-P000243-W00006	1959	2	6	Çapê::2 | Ebdilrehman::1 | Iemo::1		4	1 9 5 9	1	9	19	59		SEMANTIC VALUE UNRESOLVED	INTERPRETATION UNREVIEWED	CORPUS-SCOPE UNREVIEWED	
W000022	1960an	1960an	1960an	1	1	BODY	BODY-P000368-W00008	BODY-P000368-W00008	BODY-P000368-W00008	Vegotina trajediya Iewitîna sînemaya Kobanê ya sala 1960an di pirtûkeke kûr de.	0	0	sala::1	di::1	6	1 9 6 0 a n	1	n	19	an		SEMANTIC VALUE UNRESOLVED	INTERPRETATION UNREVIEWED	CORPUS-SCOPE UNREVIEWED	
W000023	1966	1966	1966	3	1	BODY	BODY-P000066-W00001	BODY-P000247-W00007	BODY-P000066-W00001 | BODY-P000246-W00005 | BODY-P000247-W00007	1966	1	3	Iemo::1 | Çapê::1		4	1 9 6 6	1	6	19	66		SEMANTIC VALUE UNRESOLVED	INTERPRETATION UNREVIEWED	CORPUS-SCOPE UNREVIEWED	
W000024	1969	1969	1969	3	1	BODY	BODY-P000070-W00001	BODY-P000251-W00006	BODY-P000070-W00001 | BODY-P000250-W00005 | BODY-P000251-W00006	1969	1	3	Iemo::1 | Çapê::1		4	1 9 6 9	1	9	19	69		SEMANTIC VALUE UNRESOLVED	INTERPRETATION UNREVIEWED	CORPUS-SCOPE UNREVIEWED	
W000025	1985	1985	1985	3	1	BODY	BODY-P000074-W00001	BODY-P000255-W00006	BODY-P000074-W00001 | BODY-P000254-W00005 | BODY-P000255-W00006	1985	1	3	Uzun::1 | Çapê::1		4	1 9 8 5	1	5	19	85		SEMANTIC VALUE UNRESOLVED	INTERPRETATION UNREVIEWED	CORPUS-SCOPE UNREVIEWED	
W000026	1986	1986	1986	3	1	BODY	BODY-P000078-W00001	BODY-P000259-W00006	BODY-P000078-W00001 | BODY-P000258-W00005 | BODY-P000259-W00006	1986	1	3	Cewerî::1 | Çapê::1		4	1 9 8 6	1	6	19	86		SEMANTIC VALUE UNRESOLVED	INTERPRETATION UNREVIEWED	CORPUS-SCOPE UNREVIEWED	
W000027	1987	1987	1987	3	1	BODY	BODY-P000082-W00001	BODY-P000263-W00006	BODY-P000082-W00001 | BODY-P000262-W00007 | BODY-P000263-W00006	1987	1	3	Uzun::1 | Çapê::1		4	1 9 8 7	1	7	19	87		SEMANTIC VALUE UNRESOLVED	INTERPRETATION UNREVIEWED	CORPUS-SCOPE UNREVIEWED	
W000028	1989	1989	1989	3	1	BODY	BODY-P000086-W00001	BODY-P000268-W00007	BODY-P000086-W00001 | BODY-P000267-W00006 | BODY-P000268-W00007	1989	1	3	Uzun::1 | Çapê::1		4	1 9 8 9	1	9	19	89		SEMANTIC VALUE UNRESOLVED	INTERPRETATION UNREVIEWED	CORPUS-SCOPE UNREVIEWED	
W000029	1991	1991	1991	3	1	BODY	BODY-P000090-W00001	BODY-P000272-W00006	BODY-P000090-W00001 | BODY-P000271-W00008 | BODY-P000272-W00006	1991	1	3	Yûsiv::1 | Çapê::1		4	1 9 9 1	1	1	19	91		SEMANTIC VALUE UNRESOLVED	INTERPRETATION UNREVIEWED	CORPUS-SCOPE UNREVIEWED	
W000030	1992	1992	1992	6	1	BODY	BODY-P000094-W00001	BODY-P000280-W00006	BODY-P000094-W00001 | BODY-P000098-W00001 | BODY-P000275-W00009 | BODY-P000276-W00007 | BODY-P000279-W00006 | BODY-P000280-W00006	1992	2	6	Çapê::2 | Uzun::1 | Cewerî::1		4	1 9 9 2	1	2	19	92		SEMANTIC VALUE UNRESOLVED	INTERPRETATION UNREVIEWED	CORPUS-SCOPE UNREVIEWED	
W000031	1993	1993	1993	3	1	BODY	BODY-P000102-W00001	BODY-P000284-W00006	BODY-P000102-W00001 | BODY-P000283-W00007 | BODY-P000284-W00006	1993	1	3	Nazê::1 | Çapê::1		4	1 9 9 3	1	3	19	93		SEMANTIC VALUE UNRESOLVED	INTERPRETATION UNREVIEWED	CORPUS-SCOPE UNREVIEWED	
W000032	1994	1994	1994	3	1	BODY	BODY-P000107-W00001	BODY-P000288-W00006	BODY-P000107-W00001 | BODY-P000287-W00007 | BODY-P000288-W00006	1994	1	3	Metê::1 | Çapê::1		4	1 9 9 4	1	4	19	94		SEMANTIC VALUE UNRESOLVED	INTERPRETATION UNREVIEWED	CORPUS-SCOPE UNREVIEWED	
W000033	1995	1995	1995	3	1	BODY	BODY-P000111-W00001	BODY-P000292-W00007	BODY-P000111-W00001 | BODY-P000291-W00006 | BODY-P000292-W00007	1995	1	3	Uzun::1 | Çapê::1		4	1 9 9 5	1	5	19	95		SEMANTIC VALUE UNRESOLVED	INTERPRETATION UNREVIEWED	CORPUS-SCOPE UNREVIEWED	
W000034	1996	1996	1996	3	1	BODY	BODY-P000115-W00001	BODY-P000296-W00006	BODY-P000115-W00001 | BODY-P000295-W00006 | BODY-P000296-W00006	1996	1	3	Yûsiv::1 | Çapê::1		4	1 9 9 6	1	6	19	96		SEMANTIC VALUE UNRESOLVED	INTERPRETATION UNREVIEWED	CORPUS-SCOPE UNREVIEWED	
W000035	1997	1997	1997	3	1	BODY	BODY-P000119-W00001	BODY-P000301-W00006	BODY-P000119-W00001 | BODY-P000300-W00006 | BODY-P000301-W00006	1997	1	3	Yûsiv::1 | Çapê::1		4	1 9 9 7	1	7	19	97		SEMANTIC VALUE UNRESOLVED	INTERPRETATION UNREVIEWED	CORPUS-SCOPE UNREVIEWED	
W000036	1998	1998	1998	6	1	BODY	BODY-P000123-W00001	BODY-P000309-W00006	BODY-P000123-W00001 | BODY-P000127-W00001 | BODY-P000304-W00010 | BODY-P000305-W00007 | BODY-P000308-W00010 | BODY-P000309-W00006	1998	2	6	Çapê::2 | Cewerî::1 | Uzun::1		4	1 9 9 8	1	8	19	98		SEMANTIC VALUE UNRESOLVED	INTERPRETATION UNREVIEWED	CORPUS-SCOPE UNREVIEWED	
W000037	1999	1999	1999	6	1	BODY	BODY-P000131-W00001	BODY-P000317-W00006	BODY-P000131-W00001 | BODY-P000135-W00001 | BODY-P000312-W00005 | BODY-P000313-W00006 | BODY-P000316-W00007 | BODY-P000317-W00006	1999	2	6	Çapê::2 | Yûsiv::1 | Cewerî::1		4	1 9 9 9	1	9	19	99		SEMANTIC VALUE UNRESOLVED	INTERPRETATION UNREVIEWED	CORPUS-SCOPE UNREVIEWED	
W000038	2	2	2	5	1	BODY	BODY-P000020-W00001	BODY-P000320-W00004	BODY-P000020-W00001 | BODY-P000137-W00003 | BODY-P000200-W00002 | BODY-P000208-W00001 | BODY-P000320-W00004	2	2	1	Dîcleyê::2 | Rûpel::1	Berg::2 | ji::1 | ZembîlfroI::1	1	2	2	2	2	2		SEMANTIC VALUE UNRESOLVED	INTERPRETATION UNREVIEWED	CORPUS-SCOPE UNREVIEWED	
W000039	20	20	20	2	1	BODY	BODY-P000099-W00001	BODY-P000283-W00001	BODY-P000099-W00001 | BODY-P000283-W00001	20	2	1		Sîpan::1	2	2 0	2	0	20	20		SEMANTIC VALUE UNRESOLVED	INTERPRETATION UNREVIEWED	CORPUS-SCOPE UNREVIEWED	
W000040	2001-2003	2001-2003	2001-2003	3	1	BODY	BODY-P000139-W00001	BODY-P000321-W00007	BODY-P000139-W00001 | BODY-P000320-W00008 | BODY-P000321-W00007	2001-2003	1	3	Uzun::1 | Çapê::1		9	2 0 0 1 - 2 0 0 3	2	3	20	03		SEMANTIC VALUE UNRESOLVED	INTERPRETATION UNREVIEWED	CORPUS-SCOPE UNREVIEWED	
W000041	2004	2004	2004	3	1	BODY	BODY-P000143-W00001	BODY-P000325-W00007	BODY-P000143-W00001 | BODY-P000324-W00005 | BODY-P000325-W00007	2004	1	3	Dost::1 | Çapê::1		4	2 0 0 4	2	4	20	04		SEMANTIC VALUE UNRESOLVED	INTERPRETATION UNREVIEWED	CORPUS-SCOPE UNREVIEWED	
W000042	2005	2005	2005	3	1	BODY	BODY-P000147-W00001	BODY-P000329-W00006	BODY-P000147-W00001 | BODY-P000328-W00006 | BODY-P000329-W00006	2005	1	3	Cewerî::1 | Çapê::1		4	2 0 0 5	2	5	20	05		SEMANTIC VALUE UNRESOLVED	INTERPRETATION UNREVIEWED	CORPUS-SCOPE UNREVIEWED	
W000043	2007	2007	2007	6	1	BODY	BODY-P000151-W00001	BODY-P000338-W00007	BODY-P000151-W00001 | BODY-P000155-W00001 | BODY-P000333-W00006 | BODY-P000334-W00006 | BODY-P000337-W00009 | BODY-P000338-W00007	2007	2	6	Çapê::2 | Metê::1 | Dost::1		4	2 0 0 7	2	7	20	07		SEMANTIC VALUE UNRESOLVED	INTERPRETATION UNREVIEWED	CORPUS-SCOPE UNREVIEWED	
W000044	2008	2008	2008	6	1	BODY	BODY-P000159-W00001	BODY-P000346-W00006	BODY-P000159-W00001 | BODY-P000163-W00001 | BODY-P000341-W00005 | BODY-P000342-W00007 | BODY-P000345-W00009 | BODY-P000346-W00006	2008	2	6	Çapê::2 | Dost::1 | Yûsiv::1		4	2 0 0 8	2	8	20	08		SEMANTIC VALUE UNRESOLVED	INTERPRETATION UNREVIEWED	CORPUS-SCOPE UNREVIEWED	
W000045	2011	2011	2011	6	1	BODY	BODY-P000167-W00001	BODY-P000354-W00006	BODY-P000167-W00001 | BODY-P000171-W00001 | BODY-P000349-W00006 | BODY-P000350-W00007 | BODY-P000353-W00006 | BODY-P000354-W00006	2011	2	6	Dost::2 | Çapê::2		4	2 0 1 1	2	1	20	11		SEMANTIC VALUE UNRESOLVED	INTERPRETATION UNREVIEWED	CORPUS-SCOPE UNREVIEWED	
W000046	2012	2012	2012	3	1	BODY	BODY-P000175-W00001	BODY-P000358-W00006	BODY-P000175-W00001 | BODY-P000357-W00008 | BODY-P000358-W00006	2012	1	3	Cewerî::1 | Çapê::1		4	2 0 1 2	2	2	20	12		SEMANTIC VALUE UNRESOLVED	INTERPRETATION UNREVIEWED	CORPUS-SCOPE UNREVIEWED	
W000047	2013	2013	2013	3	1	BODY	BODY-P000179-W00001	BODY-P000362-W00006	BODY-P000179-W00001 | BODY-P000361-W00005 | BODY-P000362-W00006	2013	1	3	Cewerî::1 | Çapê::1		4	2 0 1 3	2	3	20	13		SEMANTIC VALUE UNRESOLVED	INTERPRETATION UNREVIEWED	CORPUS-SCOPE UNREVIEWED	
W000048	2014	2014	2014	9	1	BODY	BODY-P000183-W00001	BODY-P000375-W00007	BODY-P000183-W00001 | BODY-P000187-W00001 | BODY-P000191-W00001 | BODY-P000366-W00007 | BODY-P000367-W00007 | BODY-P000370-W00007 | BODY-P000371-W00006 | BODY-P000374-W00006 | BODY-P000375-W00007	2014	3	9	Çapê::3 | Dost::1 | Cewerî::1 | Nemir::1		4	2 0 1 4	2	4	20	14		SEMANTIC VALUE UNRESOLVED	INTERPRETATION UNREVIEWED	CORPUS-SCOPE UNREVIEWED	
W000049	2016	2016	2016	3	1	BODY	BODY-P000195-W00001	BODY-P000379-W00008	BODY-P000195-W00001 | BODY-P000378-W00006 | BODY-P000379-W00008	2016	1	3	Jiyan::1 | Çapê::1		4	2 0 1 6	2	6	20	16		SEMANTIC VALUE UNRESOLVED	INTERPRETATION UNREVIEWED	CORPUS-SCOPE UNREVIEWED	
W000050	2017	2017	2017	3	1	BODY	BODY-P000199-W00001	BODY-P000383-W00007	BODY-P000199-W00001 | BODY-P000382-W00005 | BODY-P000383-W00007	2017	1	3	Dost::1 | Çapê::1		4	2 0 1 7	2	7	20	17		SEMANTIC VALUE UNRESOLVED	INTERPRETATION UNREVIEWED	CORPUS-SCOPE UNREVIEWED	
W000051	2020'AN	2020'AN	2020'an	1	1	BODY	BODY-P000001-W00007	BODY-P000001-W00007	BODY-P000001-W00007	KORPUSA PIRTÛK Û ROMANÊN KURMANCÎ (BERIYA 2020'AN)	0	1	BERIYA::1		7	2 0 2 0 ' A N	2	N	20	AN		SEMANTIC VALUE UNRESOLVED	INTERPRETATION UNREVIEWED	CORPUS-SCOPE UNREVIEWED	
W000052	2020AN	2020AN	2020an	2	1	BODY	BODY-P000009-W00001	BODY-P000201-W00007	BODY-P000009-W00001 | BODY-P000201-W00007	2020AN)	1	2	BERIYA::1		6	2 0 2 0 A N	2	N	20	AN	2020an	SEMANTIC VALUE UNRESOLVED	INTERPRETATION UNREVIEWED	CORPUS-SCOPE UNREVIEWED	
W000053	2020an	2020an	2020an	1	1	BODY	BODY-P000010-W00014	BODY-P000010-W00014	BODY-P000010-W00014	Katalog Û Xulaseya Berfireh A 44 Pirtûk Û Romanên Kurmancî Yên Beriya Sala 2020an	0	1	Sala::1		6	2 0 2 0 a n	2	n	20	an	2020AN	SEMANTIC VALUE UNRESOLVED	INTERPRETATION UNREVIEWED	CORPUS-SCOPE UNREVIEWED	
W000054	21	21	21	2	1	BODY	BODY-P000104-W00001	BODY-P000287-W00001	BODY-P000104-W00001 | BODY-P000287-W00001	21	2	1		Labîrenta::1	2	2 1	2	1	21	21		SEMANTIC VALUE UNRESOLVED	INTERPRETATION UNREVIEWED	CORPUS-SCOPE UNREVIEWED	
W000055	22	22	22	2	1	BODY	BODY-P000108-W00001	BODY-P000291-W00001	BODY-P000108-W00001 | BODY-P000291-W00001	22	2	1		Bîra::1	2	2 2	2	2	22	22		SEMANTIC VALUE UNRESOLVED	INTERPRETATION UNREVIEWED	CORPUS-SCOPE UNREVIEWED	
W000056	23	23	23	2	1	BODY	BODY-P000112-W00001	BODY-P000295-W00001	BODY-P000112-W00001 | BODY-P000295-W00001	23	2	1		Mirî::1	2	2 3	2	3	23	23		SEMANTIC VALUE UNRESOLVED	INTERPRETATION UNREVIEWED	CORPUS-SCOPE UNREVIEWED	
W000057	24	24	24	2	1	BODY	BODY-P000116-W00001	BODY-P000300-W00001	BODY-P000116-W00001 | BODY-P000300-W00001	24	2	1		Mêrê::1	2	2 4	2	4	24	24		SEMANTIC VALUE UNRESOLVED	INTERPRETATION UNREVIEWED	CORPUS-SCOPE UNREVIEWED	
W000058	25	25	25	2	1	BODY	BODY-P000120-W00001	BODY-P000304-W00001	BODY-P000120-W00001 | BODY-P000304-W00001	25	2	1		Li::1	2	2 5	2	5	25	25		SEMANTIC VALUE UNRESOLVED	INTERPRETATION UNREVIEWED	CORPUS-SCOPE UNREVIEWED	
W000059	26	26	26	2	1	BODY	BODY-P000124-W00001	BODY-P000308-W00001	BODY-P000124-W00001 | BODY-P000308-W00001	26	2	1		Ronî::1	2	2 6	2	6	26	26		SEMANTIC VALUE UNRESOLVED	INTERPRETATION UNREVIEWED	CORPUS-SCOPE UNREVIEWED	
W000060	27	27	27	2	1	BODY	BODY-P000128-W00001	BODY-P000312-W00001	BODY-P000128-W00001 | BODY-P000312-W00001	27	2	1		Sobarto::1	2	2 7	2	7	27	27		SEMANTIC VALUE UNRESOLVED	INTERPRETATION UNREVIEWED	CORPUS-SCOPE UNREVIEWED	
W000061	28	28	28	2	1	BODY	BODY-P000132-W00001	BODY-P000316-W00001	BODY-P000132-W00001 | BODY-P000316-W00001	28	2	1		Çîroka::1	2	2 8	2	8	28	28		SEMANTIC VALUE UNRESOLVED	INTERPRETATION UNREVIEWED	CORPUS-SCOPE UNREVIEWED	
W000062	29	29	29	2	1	BODY	BODY-P000136-W00001	BODY-P000320-W00001	BODY-P000136-W00001 | BODY-P000320-W00001	29	2	1		Hawara::1	2	2 9	2	9	29	29		SEMANTIC VALUE UNRESOLVED	INTERPRETATION UNREVIEWED	CORPUS-SCOPE UNREVIEWED	
W000063	3	3	3	3	1	BODY	BODY-P000024-W00001	BODY-P000232-W00002	BODY-P000024-W00001 | BODY-P000212-W00001 | BODY-P000232-W00002	3	2	1	Rûpel::1	Dîwana::1 | ji::1	1	3	3	3	3	3		SEMANTIC VALUE UNRESOLVED	INTERPRETATION UNREVIEWED	CORPUS-SCOPE UNREVIEWED	
W000064	30	30	30	2	1	BODY	BODY-P000140-W00001	BODY-P000324-W00001	BODY-P000140-W00001 | BODY-P000324-W00001	30	2	1		Mijabad::1	2	3 0	3	0	30	30		SEMANTIC VALUE UNRESOLVED	INTERPRETATION UNREVIEWED	CORPUS-SCOPE UNREVIEWED	
W000065	31	31	31	2	1	BODY	BODY-P000144-W00001	BODY-P000328-W00001	BODY-P000144-W00001 | BODY-P000328-W00001	31	2	1		Payiza::1	2	3 1	3	1	31	31		SEMANTIC VALUE UNRESOLVED	INTERPRETATION UNREVIEWED	CORPUS-SCOPE UNREVIEWED	
W000066	32	32	32	2	1	BODY	BODY-P000148-W00001	BODY-P000333-W00001	BODY-P000148-W00001 | BODY-P000333-W00001	32	2	1		Gotinên::1	2	3 2	3	2	32	32		SEMANTIC VALUE UNRESOLVED	INTERPRETATION UNREVIEWED	CORPUS-SCOPE UNREVIEWED	
W000067	33	33	33	4	1	BODY	BODY-P000152-W00001	BODY-P000366-W00002	BODY-P000152-W00001 | BODY-P000181-W00001 | BODY-P000337-W00001 | BODY-P000366-W00002	33	3	1	40::1	Sêwiyên::2 | Sê::1	2	3 3	3	3	33	33		SEMANTIC VALUE UNRESOLVED	INTERPRETATION UNREVIEWED	CORPUS-SCOPE UNREVIEWED	
W000068	34	34	34	2	1	BODY	BODY-P000156-W00001	BODY-P000341-W00001	BODY-P000156-W00001 | BODY-P000341-W00001	34	2	1		Mîrname::1	2	3 4	3	4	34	34		SEMANTIC VALUE UNRESOLVED	INTERPRETATION UNREVIEWED	CORPUS-SCOPE UNREVIEWED	
W000069	35	35	35	2	1	BODY	BODY-P000160-W00001	BODY-P000345-W00001	BODY-P000160-W00001 | BODY-P000345-W00001	35	2	1		Gava::1	2	3 5	3	5	35	35		SEMANTIC VALUE UNRESOLVED	INTERPRETATION UNREVIEWED	CORPUS-SCOPE UNREVIEWED	
W000070	36	36	36	2	1	BODY	BODY-P000164-W00001	BODY-P000349-W00001	BODY-P000164-W00001 | BODY-P000349-W00001	36	2	1		Kela::1	2	3 6	3	6	36	36		SEMANTIC VALUE UNRESOLVED	INTERPRETATION UNREVIEWED	CORPUS-SCOPE UNREVIEWED	
W000071	37	37	37	2	1	BODY	BODY-P000168-W00001	BODY-P000353-W00001	BODY-P000168-W00001 | BODY-P000353-W00001	37	2	1		Martînê::1	2	3 7	3	7	37	37		SEMANTIC VALUE UNRESOLVED	INTERPRETATION UNREVIEWED	CORPUS-SCOPE UNREVIEWED	
W000072	38	38	38	2	1	BODY	BODY-P000172-W00001	BODY-P000357-W00001	BODY-P000172-W00001 | BODY-P000357-W00001	38	2	1		Ez::1	2	3 8	3	8	38	38		SEMANTIC VALUE UNRESOLVED	INTERPRETATION UNREVIEWED	CORPUS-SCOPE UNREVIEWED	
W000073	39	39	39	2	1	BODY	BODY-P000176-W00001	BODY-P000361-W00001	BODY-P000176-W00001 | BODY-P000361-W00001	39	2	1		Lehî::1	2	3 9	3	9	39	39		SEMANTIC VALUE UNRESOLVED	INTERPRETATION UNREVIEWED	CORPUS-SCOPE UNREVIEWED	
W000074	4	4	4	3	1	BODY	BODY-P000029-W00001	BODY-P000265-W00002	BODY-P000029-W00001 | BODY-P000216-W00001 | BODY-P000265-W00002	4	2	1	Rûpel::1	Mewlûda::1 | ji::1	1	4	4	4	4	4		SEMANTIC VALUE UNRESOLVED	INTERPRETATION UNREVIEWED	CORPUS-SCOPE UNREVIEWED	
W000075	40	40	40	2	1	BODY	BODY-P000180-W00001	BODY-P000366-W00001	BODY-P000180-W00001 | BODY-P000366-W00001	40	2	1		33::1	2	4 0	4	0	40	40		SEMANTIC VALUE UNRESOLVED	INTERPRETATION UNREVIEWED	CORPUS-SCOPE UNREVIEWED	
W000076	41	41	41	2	1	BODY	BODY-P000184-W00001	BODY-P000370-W00001	BODY-P000184-W00001 | BODY-P000370-W00001	41	2	1		Maria::1	2	4 1	4	1	41	41		SEMANTIC VALUE UNRESOLVED	INTERPRETATION UNREVIEWED	CORPUS-SCOPE UNREVIEWED	
W000077	42	42	42	2	1	BODY	BODY-P000188-W00001	BODY-P000374-W00001	BODY-P000188-W00001 | BODY-P000374-W00001	42	2	1		Bêdengiya::1	2	4 2	4	2	42	42		SEMANTIC VALUE UNRESOLVED	INTERPRETATION UNREVIEWED	CORPUS-SCOPE UNREVIEWED	
W000078	43	43	43	2	1	BODY	BODY-P000192-W00001	BODY-P000378-W00001	BODY-P000192-W00001 | BODY-P000378-W00001	43	2	1		Ievbuhêrka::1	2	4 3	4	3	43	43		SEMANTIC VALUE UNRESOLVED	INTERPRETATION UNREVIEWED	CORPUS-SCOPE UNREVIEWED	
W000079	44	44	44	4	1	BODY	BODY-P000002-W00006	BODY-P000382-W00001	BODY-P000002-W00006 | BODY-P000010-W00006 | BODY-P000196-W00001 | BODY-P000382-W00001	Katalog û Xulaseya Berfireh a 44 Berhemên Klasîk û Nûjen ên Zimanê Kurdî	2	1	a::1 | A::1	Berhemên::1 | Pirtûk::1 | Kobanî::1	2	4 4	4	4	44	44		SEMANTIC VALUE UNRESOLVED	INTERPRETATION UNREVIEWED	CORPUS-SCOPE UNREVIEWED	
W000080	5	5	5	3	1	BODY	BODY-P000034-W00001	BODY-P000298-W00002	BODY-P000034-W00001 | BODY-P000220-W00001 | BODY-P000298-W00002	5	2	1	Rûpel::1	Iivanê::1 | ji::1	1	5	5	5	5	5		SEMANTIC VALUE UNRESOLVED	INTERPRETATION UNREVIEWED	CORPUS-SCOPE UNREVIEWED	
W000081	6	6	6	3	1	BODY	BODY-P000039-W00001	BODY-P000331-W00002	BODY-P000039-W00001 | BODY-P000225-W00001 | BODY-P000331-W00002	6	2	1	Rûpel::1	Govar::1 | ji::1	1	6	6	6	6	6		SEMANTIC VALUE UNRESOLVED	INTERPRETATION UNREVIEWED	CORPUS-SCOPE UNREVIEWED	
W000082	7	7	7	3	1	BODY	BODY-P000044-W00001	BODY-P000364-W00002	BODY-P000044-W00001 | BODY-P000229-W00001 | BODY-P000364-W00002	7	2	1	Rûpel::1	Dîwana::1 | ji::1	1	7	7	7	7	7		SEMANTIC VALUE UNRESOLVED	INTERPRETATION UNREVIEWED	CORPUS-SCOPE UNREVIEWED	
W000083	8	8	8	11	1	BODY	BODY-P000050-W00001	BODY-P000385-W00004	BODY-P000050-W00001 | BODY-P000103-W00004 | BODY-P000200-W00004 | BODY-P000232-W00004 | BODY-P000234-W00001 | BODY-P000265-W00004 | BODY-P000298-W00004 | BODY-P000331-W00004 | BODY-P000364-W00004 | BODY-P000385-W00002 | BODY-P000385-W00004	8	2	9	ji::8 | Rûpel::1	Bahoz::1 | ji::1	1	8	8	8	8	8		SEMANTIC VALUE UNRESOLVED	INTERPRETATION UNREVIEWED	CORPUS-SCOPE UNREVIEWED	
W000084	9	9	9	2	1	BODY	BODY-P000054-W00001	BODY-P000238-W00001	BODY-P000054-W00001 | BODY-P000238-W00001	9	2	1		Xatê::1	1	9	9	9	9	9		SEMANTIC VALUE UNRESOLVED	INTERPRETATION UNREVIEWED	CORPUS-SCOPE UNREVIEWED	
W000085	A	A	a	2	1	BODY	BODY-P000008-W00003	BODY-P000010-W00005	BODY-P000008-W00003 | BODY-P000010-W00005	ARIÎVA GELÊRÎ A PIRTÛKÊN KURMANCÎ (BERIYA	0	0	GELÊRÎ::1 | Berfireh::1	PIRTÛKÊN::1 | 44::1	1	A	A	A	A	A	a	SEMANTIC VALUE UNRESOLVED	INTERPRETATION UNREVIEWED	CORPUS-SCOPE UNREVIEWED	
W000086	a	a	a	24	1	BODY	BODY-P000002-W00005	BODY-P000384-W00004	BODY-P000002-W00005 | BODY-P000205-W00008 | BODY-P000205-W00011 | BODY-P000210-W00003 | BODY-P000227-W00009 | BODY-P000244-W00003 | BODY-P000256-W00005 | BODY-P000273-W00003 | BODY-P000273-W00005 | BODY-P000281-W00003 | BODY-P000289-W00003 | BODY-P000293-W00003	Katalog û Xulaseya Berfireh a 44 Berhemên Klasîk û Nûjen ên Zimanê Kurdî	0	0	navdar::5 | nûjen::3 | mezin::2 | Uzun::2 | çîrokan::2 | Dost::2 | Berfireh::1 | klasîk::1 | taybet::1 | masterpîs::1 | berçav::1 | kûr::1	Helîm::3 | Firat::3 | ku::2 | Hesenê::2 | li::2 | ser::2 | 44::1 | wêjeya::1 | Kurmancî::1 | Feqiyê::1 | Hawar::1 | Erebê::1	1	a	a	a	a	a	A	SEMANTIC VALUE UNRESOLVED	INTERPRETATION UNREVIEWED	CORPUS-SCOPE UNREVIEWED	
W000087	alfabeya	alfabeya	alfabeya	1	1	BODY	BODY-P000227-W00002	BODY-P000227-W00002	BODY-P000227-W00002	Bingeha alfabeya Kurdî ya Latînî û kovala mezin a Hawar ku IoreIa zimanî û wêjeyî li Iamê dest pê kir.	0	0	Bingeha::1	Kurdî::1	8	a l f a b e y a	a	a	al	ya		SEMANTIC VALUE UNRESOLVED	INTERPRETATION UNREVIEWED	CORPUS-SCOPE UNREVIEWED	
W000088	aloz	aloz	aloz	1	1	BODY	BODY-P000285-W00016	BODY-P000285-W00016	BODY-P000285-W00016	Romana evînî û civakî di navbera du ciwanên Kurd de di nava rewIa Ier û aloz de.	0	0	û::1	de::1	4	a l o z	a	z	al	oz		SEMANTIC VALUE UNRESOLVED	INTERPRETATION UNREVIEWED	CORPUS-SCOPE UNREVIEWED	
W000089	alozî	alozî	alozî	1	1	BODY	BODY-P000363-W00005	BODY-P000363-W00005	BODY-P000363-W00005	Romana Firat Cewerî ku alozî û rabûna pêlên guherîna civakî nîIan dide.	0	0	ku::1	û::1	5	a l o z î	a	î	al	zî		SEMANTIC VALUE UNRESOLVED	INTERPRETATION UNREVIEWED	CORPUS-SCOPE UNREVIEWED	
W000090	Alî	Alî	alî	4	1	BODY	BODY-P000041-W00003	BODY-P000304-W00006	BODY-P000041-W00003 | BODY-P000121-W00005 | BODY-P000225-W00008 | BODY-P000304-W00006	Mîr Celadet Alî	0	1	Celadet::4	Bedir-Xan::2 | Bedirxan::1	3	A l î	A	î	Al	lî		SEMANTIC VALUE UNRESOLVED	INTERPRETATION UNREVIEWED	CORPUS-SCOPE UNREVIEWED	
W000091	analîz	analîz	analîz	1	1	BODY	BODY-P000252-W00014	BODY-P000252-W00014	BODY-P000252-W00014	Yek ji berhemên dawî yên Erebê Iemo ku jiyan û çanda Kurdên Qafqasyayê analîz dike.	0	0	Qafqasyayê::1	dike::1	6	a n a l î z	a	z	an	îz		SEMANTIC VALUE UNRESOLVED	INTERPRETATION UNREVIEWED	CORPUS-SCOPE UNREVIEWED	
W000092	ANALÎZA	ANALÎZA	analîza	1	1	BODY	BODY-P000201-W00003	BODY-P000201-W00003	BODY-P000201-W00003	NAVEROK Û ANALÎZA BERHEMÊN KURMANCÎ (BERIYA 2020AN)	0	0	Û::1	BERHEMÊN::1	7	A N A L Î Z A	A	A	AN	ZA	Analîza	SEMANTIC VALUE UNRESOLVED	INTERPRETATION UNREVIEWED	CORPUS-SCOPE UNREVIEWED	
W000093	Analîza	Analîza	analîza	1	1	BODY	BODY-P000007-W00004	BODY-P000007-W00004	BODY-P000007-W00004	1. Katalog û Analîza Berheman	0	0	û::1	Berheman::1	7	A n a l î z a	A	a	An	za	ANALÎZA	SEMANTIC VALUE UNRESOLVED	INTERPRETATION UNREVIEWED	CORPUS-SCOPE UNREVIEWED	
W000094	anî	anî	anî	1	1	BODY	BODY-P000273-W00013	BODY-P000273-W00013	BODY-P000273-W00013	Pirtûka çîrokan a navdar a Helîm Yûsiv ku Iêwazek nû û surrealîst anî nav wêjeya Kurmancî.	0	0	surrealîst::1	nav::1	3	a n î	a	î	an	nî		SEMANTIC VALUE UNRESOLVED	INTERPRETATION UNREVIEWED	CORPUS-SCOPE UNREVIEWED	
W000095	Apo	Apo	apo	2	1	BODY	BODY-P000051-W00003	BODY-P000234-W00004	BODY-P000051-W00003 | BODY-P000234-W00004	Bahoz û Apo	0	1	û::2	Osman::1	3	A p o	A	o	Ap	po		SEMANTIC VALUE UNRESOLVED	INTERPRETATION UNREVIEWED	CORPUS-SCOPE UNREVIEWED	
W000096	ARIÎVA	ARIÎVA	ariîva	1	1	BODY	BODY-P000008-W00001	BODY-P000008-W00001	BODY-P000008-W00001	ARIÎVA GELÊRÎ A PIRTÛKÊN KURMANCÎ (BERIYA	1	0		GELÊRÎ::1	6	A R I Î V A	A	A	AR	VA		SEMANTIC VALUE UNRESOLVED	INTERPRETATION UNREVIEWED	CORPUS-SCOPE UNREVIEWED	
W000097	avis	avis	avis	2	1	BODY	BODY-P000117-W00002	BODY-P000300-W00003	BODY-P000117-W00002 | BODY-P000300-W00003	Mêrê avis	0	1	Mêrê::2	Helîm::1	4	a v i s	a	s	av	is		SEMANTIC VALUE UNRESOLVED	INTERPRETATION UNREVIEWED	CORPUS-SCOPE UNREVIEWED	
W000098	azadî	azadî	azadî	1	1	BODY	BODY-P000355-W00006	BODY-P000355-W00006	BODY-P000355-W00006	Romana Jan Dost a ser azadî, wateya jiyanê û Iopandina xeyalan.	0	0	ser::1	wateya::1	5	a z a d î	a	î	az	dî		SEMANTIC VALUE UNRESOLVED	INTERPRETATION UNREVIEWED	CORPUS-SCOPE UNREVIEWED	
W000099	Bahoz	Bahoz	bahoz	2	1	BODY	BODY-P000051-W00001	BODY-P000234-W00002	BODY-P000051-W00001 | BODY-P000234-W00002	Bahoz û Apo	1	0	8::1	û::2	5	B a h o z	B	z	Ba	oz		SEMANTIC VALUE UNRESOLVED	INTERPRETATION UNREVIEWED	CORPUS-SCOPE UNREVIEWED	
W000100	bajarê	bajarê	bajarê	1	1	BODY	BODY-P000384-W00009	BODY-P000384-W00009	BODY-P000384-W00009	Romana Jan Dost a ser berxwedan û trawma bajarê Kobanî di Ierê li dijî terorê de.	0	0	trawma::1	Kobanî::1	6	b a j a r ê	b	ê	ba	rê		SEMANTIC VALUE UNRESOLVED	INTERPRETATION UNREVIEWED	CORPUS-SCOPE UNREVIEWED	
W000101	balê	balê	balê	1	1	BODY	BODY-P000240-W00006	BODY-P000240-W00006	BODY-P000240-W00006	Romana dîrokî û civakî ku balê dikiIîne ser rola jinê û tevgera civakî di nav Kurdan de.	0	0	ku::1	dikiIîne::1	4	b a l ê	b	ê	ba	lê		SEMANTIC VALUE UNRESOLVED	INTERPRETATION UNREVIEWED	CORPUS-SCOPE UNREVIEWED	
W000102	Bateyî	Bateyî	bateyî	2	1	BODY	BODY-P000032-W00001	BODY-P000216-W00006	BODY-P000032-W00001 | BODY-P000216-W00006	Bateyî	1	1	Huseynê::1	Sedsala::1	6	B a t e y î	B	î	Ba	yî		SEMANTIC VALUE UNRESOLVED	INTERPRETATION UNREVIEWED	CORPUS-SCOPE UNREVIEWED	
W000103	Bavê	Bavê	bavê	2	1	BODY	BODY-P000101-W00001	BODY-P000283-W00005	BODY-P000101-W00001 | BODY-P000283-W00005	Bavê Nazê	1	0	Jîn::1	Nazê::2	4	B a v ê	B	ê	Ba	vê		SEMANTIC VALUE UNRESOLVED	INTERPRETATION UNREVIEWED	CORPUS-SCOPE UNREVIEWED	
W000104	Bedir-Xan	Bedir-Xan	bedir-xan	2	1	BODY	BODY-P000121-W00006	BODY-P000304-W00007	BODY-P000121-W00006 | BODY-P000304-W00007	Li Mala Mîr Celadet Alî Bedir-Xan	0	1	Alî::2	Firat::1	9	B e d i r - X a n	B	n	Be	an		SEMANTIC VALUE UNRESOLVED	INTERPRETATION UNREVIEWED	CORPUS-SCOPE UNREVIEWED	
W000105	Bedirxan	Bedirxan	bedirxan	4	1	BODY	BODY-P000042-W00001	BODY-P000306-W00010	BODY-P000042-W00001 | BODY-P000225-W00009 | BODY-P000293-W00009 | BODY-P000306-W00010	Bedirxan	1	2	Celadet::2 | Alî::1	1932::1 | û::1	8	B e d i r x a n	B	n	Be	an		SEMANTIC VALUE UNRESOLVED	INTERPRETATION UNREVIEWED	CORPUS-SCOPE UNREVIEWED	
W000106	Bedirxaniyan	Bedirxaniyan	bedirxaniyan	1	1	BODY	BODY-P000293-W00013	BODY-P000293-W00013	BODY-P000293-W00013	Romana mezin a li ser jiyana Mîr Celadet Bedirxan û serboriya malbata Bedirxaniyan.	0	1	malbata::1		12	B e d i r x a n i y a n	B	n	Be	an		SEMANTIC VALUE UNRESOLVED	INTERPRETATION UNREVIEWED	CORPUS-SCOPE UNREVIEWED	
W000107	Beg	Beg	beg	1	1	BODY	BODY-P000269-W00009	BODY-P000269-W00009	BODY-P000269-W00009	Romana dîrokî ku li ser jiyana Memduh Selim Beg û rewIenbîrên civata Xoybûnê hatiye nivîsandin.	0	0	Selim::1	û::1	3	B e g	B	g	Be	eg		SEMANTIC VALUE UNRESOLVED	INTERPRETATION UNREVIEWED	CORPUS-SCOPE UNREVIEWED	
W000108	BeIên	BeIên	beiên	2	1	BODY	BODY-P000045-W00003	BODY-P000229-W00004	BODY-P000045-W00003 | BODY-P000229-W00004	Dîwana Cigerxwîn (BeIên 1-8)	0	0	Cigerxwîn::2	1-8::2	5	B e I ê n	B	n	Be	ên		SEMANTIC VALUE UNRESOLVED	INTERPRETATION UNREVIEWED	CORPUS-SCOPE UNREVIEWED	
W000109	belavbûyî	belavbûyî	belavbûyî	1	1	BODY	BODY-P000218-W00005	BODY-P000218-W00005	BODY-P000218-W00005	Mewlûda herî navdar û belavbûyî di nava Kurdên Kurmanc de ku gelek sedsalan hatiye xwendin.	0	0	û::1	di::1	9	b e l a v b û y î	b	î	be	yî		SEMANTIC VALUE UNRESOLVED	INTERPRETATION UNREVIEWED	CORPUS-SCOPE UNREVIEWED	
W000110	ber	ber	ber	5	1	BODY	BODY-P000223-W00004	BODY-P000376-W00011	BODY-P000223-W00004 | BODY-P000318-W00009 | BODY-P000339-W00013 | BODY-P000347-W00015 | BODY-P000376-W00011	Yekîtiya Sovyetê radixe ber çavan.	0	0	radixe::4 | li::1	çavan::4 | darvekirinê::1	3	b e r	b	r	be	er		SEMANTIC VALUE UNRESOLVED	INTERPRETATION UNREVIEWED	CORPUS-SCOPE UNREVIEWED	
W000111	Berfireh	Berfireh	berfireh	2	1	BODY	BODY-P000002-W00004	BODY-P000010-W00004	BODY-P000002-W00004 | BODY-P000010-W00004	Katalog û Xulaseya Berfireh a 44 Berhemên Klasîk û Nûjen ên Zimanê Kurdî	0	0	Xulaseya::2	a::1 | A::1	8	B e r f i r e h	B	h	Be	eh		SEMANTIC VALUE UNRESOLVED	INTERPRETATION UNREVIEWED	CORPUS-SCOPE UNREVIEWED	
W000112	Berg	Berg	berg	2	1	BODY	BODY-P000137-W00004	BODY-P000320-W00005	BODY-P000137-W00004 | BODY-P000320-W00005	Hawara Dîcleyê (2 Berg)	0	1	2::2	Mehmed::1	4	B e r g	B	g	Be	rg		SEMANTIC VALUE UNRESOLVED	INTERPRETATION UNREVIEWED	CORPUS-SCOPE UNREVIEWED	
W000113	Berhema	Berhema	berhema	3	1	BODY	BODY-P000210-W00001	BODY-P000376-W00001	BODY-P000210-W00001 | BODY-P000306-W00001 | BODY-P000376-W00001	Berhema navdar a Feqiyê Teyran ku li ser mijarên evînî, olî û felsefî hatiye hûnandin.	3	0		navdar::1 | bîranîn::1 | Kawa::1	7	B e r h e m a	B	a	Be	ma		SEMANTIC VALUE UNRESOLVED	INTERPRETATION UNREVIEWED	CORPUS-SCOPE UNREVIEWED	
W000114	Berheman	Berheman	berheman	1	1	BODY	BODY-P000007-W00005	BODY-P000007-W00005	BODY-P000007-W00005	1. Katalog û Analîza Berheman	0	1	Analîza::1		8	B e r h e m a n	B	n	Be	an		SEMANTIC VALUE UNRESOLVED	INTERPRETATION UNREVIEWED	CORPUS-SCOPE UNREVIEWED	
W000115	berhemdar	berhemdar	berhemdar	1	1	BODY	BODY-P000302-W00004	BODY-P000302-W00004	BODY-P000302-W00004	Çîrokên taybet ên berhemdar ku rexneyên civakî û siyasî bi tanz û Iêwazek nû pêIkêI dikin.	0	0	ên::1	ku::1	9	b e r h e m d a r	b	r	be	ar		SEMANTIC VALUE UNRESOLVED	INTERPRETATION UNREVIEWED	CORPUS-SCOPE UNREVIEWED	
W000116	Berhemê	Berhemê	berhemê	44	1	BODY	BODY-P000204-W00002	BODY-P000383-W00002	BODY-P000204-W00002 | BODY-P000209-W00002 | BODY-P000213-W00002 | BODY-P000217-W00002 | BODY-P000221-W00002 | BODY-P000226-W00002 | BODY-P000230-W00002 | BODY-P000235-W00002 | BODY-P000239-W00002 | BODY-P000243-W00002 | BODY-P000247-W00002 | BODY-P000251-W00002	Cinsê Berhemê: Destan / Helbesta Klasîk | Sala Çapê: 1692	0	0	Cinsê::44	Roman::18 | Romana::11 | Çîrok::5 | Destan::2 | Dîwan::1 | Mewlûd::1 | Yekem::1 | Ziman::1 | Helbesta::1 | Kurteçîrok::1 | Gername::1 | Helbest::1	7	B e r h e m ê	B	ê	Be	mê	berhemê	SEMANTIC VALUE UNRESOLVED	INTERPRETATION UNREVIEWED	CORPUS-SCOPE UNREVIEWED	
W000117	berhemê	berhemê	berhemê	1	1	BODY	BODY-P000205-W00017	BODY-P000205-W00017	BODY-P000205-W00017	Destana evînî û neteweyî ya herî navdar a wêjeya klasîk a Kurmancî. Ehmedê Xanî di vê berhemê de felsefeya	0	0	vê::1	de::1	7	b e r h e m ê	b	ê	be	mê	Berhemê	SEMANTIC VALUE UNRESOLVED	INTERPRETATION UNREVIEWED	CORPUS-SCOPE UNREVIEWED	
W000118	BERHEMÊN	BERHEMÊN	berhemên	1	1	BODY	BODY-P000201-W00004	BODY-P000201-W00004	BODY-P000201-W00004	NAVEROK Û ANALÎZA BERHEMÊN KURMANCÎ (BERIYA 2020AN)	0	0	ANALÎZA::1	KURMANCÎ::1	8	B E R H E M Ê N	B	N	BE	ÊN	Berhemên | berhemên	SEMANTIC VALUE UNRESOLVED	INTERPRETATION UNREVIEWED	CORPUS-SCOPE UNREVIEWED	
W000119	Berhemên	Berhemên	berhemên	2	1	BODY	BODY-P000002-W00007	BODY-P000236-W00001	BODY-P000002-W00007 | BODY-P000236-W00001	Katalog û Xulaseya Berfireh a 44 Berhemên Klasîk û Nûjen ên Zimanê Kurdî	1	0	44::1	Klasîk::1 | xebatkarê::1	8	B e r h e m ê n	B	n	Be	ên	BERHEMÊN | berhemên	SEMANTIC VALUE UNRESOLVED	INTERPRETATION UNREVIEWED	CORPUS-SCOPE UNREVIEWED	
W000120	berhemên	berhemên	berhemên	1	1	BODY	BODY-P000252-W00003	BODY-P000252-W00003	BODY-P000252-W00003	Yek ji berhemên dawî yên Erebê Iemo ku jiyan û çanda Kurdên Qafqasyayê analîz dike.	0	0	ji::1	dawî::1	8	b e r h e m ê n	b	n	be	ên	BERHEMÊN | Berhemên	SEMANTIC VALUE UNRESOLVED	INTERPRETATION UNREVIEWED	CORPUS-SCOPE UNREVIEWED	
W000121	BERIYA	BERIYA	beriya	3	1	BODY	BODY-P000001-W00006	BODY-P000201-W00006	BODY-P000001-W00006 | BODY-P000008-W00006 | BODY-P000201-W00006	KORPUSA PIRTÛK Û ROMANÊN KURMANCÎ (BERIYA 2020'AN)	0	1	KURMANCÎ::3	2020'AN::1 | 2020AN::1	6	B E R I Y A	B	A	BE	YA	Beriya	SEMANTIC VALUE UNRESOLVED	INTERPRETATION UNREVIEWED	CORPUS-SCOPE UNREVIEWED	
W000122	Beriya	Beriya	beriya	1	1	BODY	BODY-P000010-W00012	BODY-P000010-W00012	BODY-P000010-W00012	Katalog Û Xulaseya Berfireh A 44 Pirtûk Û Romanên Kurmancî Yên Beriya Sala 2020an	0	0	Yên::1	Sala::1	6	B e r i y a	B	a	Be	ya	BERIYA	SEMANTIC VALUE UNRESOLVED	INTERPRETATION UNREVIEWED	CORPUS-SCOPE UNREVIEWED	
W000123	berxwedan	berxwedan	berxwedan	2	1	BODY	BODY-P000244-W00011	BODY-P000384-W00006	BODY-P000244-W00011 | BODY-P000384-W00006	Romana navdar a Erebê Iemo ya serdema Sovyetê ku qala berxwedan û jiyana gundiyên Kurd dike.	0	0	qala::1 | ser::1	û::2	9	b e r x w e d a n	b	n	be	an		SEMANTIC VALUE UNRESOLVED	INTERPRETATION UNREVIEWED	CORPUS-SCOPE UNREVIEWED	
W000124	berxwedana	berxwedana	berxwedana	2	1	BODY	BODY-P000248-W00005	BODY-P000351-W00003	BODY-P000248-W00005 | BODY-P000351-W00003	Vegotina romana dîrokî ya berxwedana Kela Dimdimê û Emîrxanê Lepzêrîn.	0	0	ya::1 | serdema::1	Kela::1 | Dimdimê::1	10	b e r x w e d a n a	b	a	be	na		SEMANTIC VALUE UNRESOLVED	INTERPRETATION UNREVIEWED	CORPUS-SCOPE UNREVIEWED	
W000125	berçav	berçav	berçav	1	1	BODY	BODY-P000314-W00002	BODY-P000314-W00002	BODY-P000314-W00002	Romana berçav a Helîm Yûsiv ku li ser jiyana Kurdên Rojavayê Kurdistanê sekiniye.	0	0	Romana::1	a::1	6	b e r ç a v	b	v	be	av		SEMANTIC VALUE UNRESOLVED	INTERPRETATION UNREVIEWED	CORPUS-SCOPE UNREVIEWED	
W000126	Bextewar	Bextewar	bextewar	2	1	BODY	BODY-P000060-W00002	BODY-P000242-W00003	BODY-P000060-W00002 | BODY-P000242-W00003	Jiyana Bextewar	0	1	Jiyana::2	Erebê::1	8	B e x t e w a r	B	r	Be	ar		SEMANTIC VALUE UNRESOLVED	INTERPRETATION UNREVIEWED	CORPUS-SCOPE UNREVIEWED	
W000127	Bextewer	Bextewer	bextewer	2	1	BODY	BODY-P000169-W00002	BODY-P000353-W00003	BODY-P000169-W00002 | BODY-P000353-W00003	Martînê Bextewer	0	1	Martînê::2	Jan::1	8	B e x t e w e r	B	r	Be	er		SEMANTIC VALUE UNRESOLVED	INTERPRETATION UNREVIEWED	CORPUS-SCOPE UNREVIEWED	
W000128	bi	bi	bi	4	1	BODY	BODY-P000222-W00004	BODY-P000347-W00011	BODY-P000222-W00004 | BODY-P000289-W00007 | BODY-P000302-W00010 | BODY-P000347-W00011	Yekem romana ku bi zimanê Kurdî Kurmancî li Yêrêvanê hatiye weIandin. Jiyan û tewangên civaka Kurdên	0	0	ku::2 | siyasî::1 | penaberiyê::1	zimanê::1 | Iêwaza::1 | tanz::1 | Iêwazek::1	2	b i	b	i	bi	bi		SEMANTIC VALUE UNRESOLVED	INTERPRETATION UNREVIEWED	CORPUS-SCOPE UNREVIEWED	
W000129	bihêz	bihêz	bihêz	1	1	BODY	BODY-P000214-W00014	BODY-P000214-W00014	BODY-P000214-W00014	Iehkera helbesta felsefî û îrfanî ya Kurmancî ku bingeha zimanê wêjeyî yê Kurmancî bihêz kiriye.	0	0	Kurmancî::1	kiriye::1	5	b i h ê z	b	z	bi	êz		SEMANTIC VALUE UNRESOLVED	INTERPRETATION UNREVIEWED	CORPUS-SCOPE UNREVIEWED	
W000130	bikujim	bikujim	bikujim	2	1	BODY	BODY-P000173-W00004	BODY-P000357-W00005	BODY-P000173-W00004 | BODY-P000357-W00005	Ez ê yekî bikujim	0	1	yekî::2	Firat::1	7	b i k u j i m	b	m	bi	im		SEMANTIC VALUE UNRESOLVED	INTERPRETATION UNREVIEWED	CORPUS-SCOPE UNREVIEWED	
W000131	Bingeha	Bingeha	bingeha	1	1	BODY	BODY-P000227-W00001	BODY-P000227-W00001	BODY-P000227-W00001	Bingeha alfabeya Kurdî ya Latînî û kovala mezin a Hawar ku IoreIa zimanî û wêjeyî li Iamê dest pê kir.	1	0		alfabeya::1	7	B i n g e h a	B	a	Bi	ha	bingeha	SEMANTIC VALUE UNRESOLVED	INTERPRETATION UNREVIEWED	CORPUS-SCOPE UNREVIEWED	
W000132	bingeha	bingeha	bingeha	2	1	BODY	BODY-P000214-W00009	BODY-P000256-W00007	BODY-P000214-W00009 | BODY-P000256-W00007	Iehkera helbesta felsefî û îrfanî ya Kurmancî ku bingeha zimanê wêjeyî yê Kurmancî bihêz kiriye.	0	0	ku::2	zimanê::1 | nûjenbûn::1	7	b i n g e h a	b	a	bi	ha	Bingeha	SEMANTIC VALUE UNRESOLVED	INTERPRETATION UNREVIEWED	CORPUS-SCOPE UNREVIEWED	
W000133	birîn	birîn	birîn	1	1	BODY	BODY-P000297-W00005	BODY-P000297-W00005	BODY-P000297-W00005	Koleksiyona çîrokan li ser birîn û trawmayên Ier û jiyanê.	0	0	ser::1	û::1	5	b i r î n	b	n	bi	în		SEMANTIC VALUE UNRESOLVED	INTERPRETATION UNREVIEWED	CORPUS-SCOPE UNREVIEWED	
W000134	birînên	birînên	birînên	1	1	BODY	BODY-P000359-W00012	BODY-P000359-W00012	BODY-P000359-W00012	Romana psîkolojîk a Firat Cewerî ku li ser sîxurî, tirs û birînên mirovê Kurd sekiniye.	0	0	û::1	mirovê::1	7	b i r î n ê n	b	n	bi	ên		SEMANTIC VALUE UNRESOLVED	INTERPRETATION UNREVIEWED	CORPUS-SCOPE UNREVIEWED	
W000135	Bêdengiya	Bêdengiya	bêdengiya	2	1	BODY	BODY-P000189-W00001	BODY-P000374-W00002	BODY-P000189-W00001 | BODY-P000374-W00002	Bêdengiya Mîr	1	0	42::1	Mîr::2	9	B ê d e n g i y a	B	a	Bê	ya		SEMANTIC VALUE UNRESOLVED	INTERPRETATION UNREVIEWED	CORPUS-SCOPE UNREVIEWED	
W000136	Bîra	Bîra	bîra	2	1	BODY	BODY-P000109-W00001	BODY-P000291-W00002	BODY-P000109-W00001 | BODY-P000291-W00002	Bîra Qederê	1	0	22::1	Qederê::2	4	B î r a	B	a	Bî	ra		SEMANTIC VALUE UNRESOLVED	INTERPRETATION UNREVIEWED	CORPUS-SCOPE UNREVIEWED	
W000137	Bîranîn	Bîranîn	bîranîn	1	1	BODY	BODY-P000305-W00004	BODY-P000305-W00004	BODY-P000305-W00004	Cinsê Berhemê: Gername / Bîranîn | Sala Çapê: 1998	0	0	Gername::1	Sala::1	7	B î r a n î n	B	n	Bî	în	bîranîn	SEMANTIC VALUE UNRESOLVED	INTERPRETATION UNREVIEWED	CORPUS-SCOPE UNREVIEWED	
W000138	bîranîn	bîranîn	bîranîn	2	1	BODY	BODY-P000264-W00011	BODY-P000306-W00002	BODY-P000264-W00011 | BODY-P000306-W00002	Romana kûr û felsefî ya Mehmed Uzun ku li ser bîranîn, ronakbîrî û xeyalên serdema nûjen sekiniye.	0	0	ser::1 | Berhema::1	ronakbîrî::1 | û::1	7	b î r a n î n	b	n	bî	în	Bîranîn	SEMANTIC VALUE UNRESOLVED	INTERPRETATION UNREVIEWED	CORPUS-SCOPE UNREVIEWED	
W000139	Bû	Bû	bû	2	1	BODY	BODY-P000185-W00003	BODY-P000370-W00004	BODY-P000185-W00003 | BODY-P000370-W00004	Maria Melekek Bû	0	1	Melekek::2	Firat::1	2	B û	B	û	Bû	Bû		SEMANTIC VALUE UNRESOLVED	INTERPRETATION UNREVIEWED	CORPUS-SCOPE UNREVIEWED	
W000140	Celadet	Celadet	celadet	6	1	BODY	BODY-P000041-W00002	BODY-P000306-W00009	BODY-P000041-W00002 | BODY-P000121-W00004 | BODY-P000225-W00007 | BODY-P000293-W00008 | BODY-P000304-W00005 | BODY-P000306-W00009	Mîr Celadet Alî	0	0	Mîr::5 | mîrata::1	Alî::4 | Bedirxan::2	7	C e l a d e t	C	t	Ce	et		SEMANTIC VALUE UNRESOLVED	INTERPRETATION UNREVIEWED	CORPUS-SCOPE UNREVIEWED	
W000141	Cewerî	Cewerî	cewerî	21	1	BODY	BODY-P000077-W00002	BODY-P000370-W00006	BODY-P000077-W00002 | BODY-P000097-W00002 | BODY-P000122-W00002 | BODY-P000134-W00002 | BODY-P000146-W00002 | BODY-P000174-W00002 | BODY-P000178-W00002 | BODY-P000186-W00002 | BODY-P000258-W00004 | BODY-P000260-W00008 | BODY-P000279-W00005 | BODY-P000281-W00005	Firat Cewerî	0	8	Firat::21	ku::3 | 1986::1 | yên::1 | 1992::1 | 1998::1 | 1999::1 | 2005::1 | li::1 | 2012::1 | 2013::1 | 2014::1	6	C e w e r î	C	î	Ce	rî		SEMANTIC VALUE UNRESOLVED	INTERPRETATION UNREVIEWED	CORPUS-SCOPE UNREVIEWED	
W000142	Cigerxwîn	Cigerxwîn	cigerxwîn	5	1	BODY	BODY-P000045-W00002	BODY-P000231-W00004	BODY-P000045-W00002 | BODY-P000046-W00001 | BODY-P000229-W00003 | BODY-P000229-W00006 | BODY-P000231-W00004	Dîwana Cigerxwîn (BeIên 1-8)	1	1	Dîwana::2 | 1-8::1 | ên::1	BeIên::2 | Iêxmus::1 | ku::1	9	C i g e r x w î n	C	n	Ci	în		SEMANTIC VALUE UNRESOLVED	INTERPRETATION UNREVIEWED	CORPUS-SCOPE UNREVIEWED	
W000143	Cinsê	Cinsê	cinsê	44	1	BODY	BODY-P000204-W00001	BODY-P000383-W00001	BODY-P000204-W00001 | BODY-P000209-W00001 | BODY-P000213-W00001 | BODY-P000217-W00001 | BODY-P000221-W00001 | BODY-P000226-W00001 | BODY-P000230-W00001 | BODY-P000235-W00001 | BODY-P000239-W00001 | BODY-P000243-W00001 | BODY-P000247-W00001 | BODY-P000251-W00001	Cinsê Berhemê: Destan / Helbesta Klasîk | Sala Çapê: 1692	44	0		Berhemê::44	5	C i n s ê	C	ê	Ci	sê		SEMANTIC VALUE UNRESOLVED	INTERPRETATION UNREVIEWED	CORPUS-SCOPE UNREVIEWED	
W000144	civaka	civaka	civaka	1	1	BODY	BODY-P000222-W00015	BODY-P000222-W00015	BODY-P000222-W00015	Yekem romana ku bi zimanê Kurdî Kurmancî li Yêrêvanê hatiye weIandin. Jiyan û tewangên civaka Kurdên	0	0	tewangên::1	Kurdên::1	6	c i v a k a	c	a	ci	ka		SEMANTIC VALUE UNRESOLVED	INTERPRETATION UNREVIEWED	CORPUS-SCOPE UNREVIEWED	
W000145	civakên	civakên	civakên	1	1	BODY	BODY-P000372-W00009	BODY-P000372-W00009	BODY-P000372-W00009	Romana evînî û nakokiyên çandî yên di nava civakên Ewropî û Kurd de.	0	0	nava::1	Ewropî::1	7	c i v a k ê n	c	n	ci	ên		SEMANTIC VALUE UNRESOLVED	INTERPRETATION UNREVIEWED	CORPUS-SCOPE UNREVIEWED	
W000146	civakî	civakî	civakî	7	1	BODY	BODY-P000231-W00011	BODY-P000363-W00010	BODY-P000231-W00011 | BODY-P000240-W00004 | BODY-P000240-W00013 | BODY-P000285-W00004 | BODY-P000302-W00007 | BODY-P000318-W00004 | BODY-P000363-W00010	Dîwanên nemir ên Cigerxwîn ku tije ye ji helbestên welatparêzî, civakî û IoreIgerî.	0	0	û::3 | welatparêzî::1 | tevgera::1 | rexneyên::1 | guherîna::1	û::2 | ku::2 | di::2 | nîIan::1	6	c i v a k î	c	î	ci	kî		SEMANTIC VALUE UNRESOLVED	INTERPRETATION UNREVIEWED	CORPUS-SCOPE UNREVIEWED	
W000147	civata	civata	civata	1	1	BODY	BODY-P000269-W00012	BODY-P000269-W00012	BODY-P000269-W00012	Romana dîrokî ku li ser jiyana Memduh Selim Beg û rewIenbîrên civata Xoybûnê hatiye nivîsandin.	0	0	rewIenbîrên::1	Xoybûnê::1	6	c i v a t a	c	a	ci	ta		SEMANTIC VALUE UNRESOLVED	INTERPRETATION UNREVIEWED	CORPUS-SCOPE UNREVIEWED	
W000148	ciwanên	ciwanên	ciwanên	1	1	BODY	BODY-P000285-W00008	BODY-P000285-W00008	BODY-P000285-W00008	Romana evînî û civakî di navbera du ciwanên Kurd de di nava rewIa Ier û aloz de.	0	0	du::1	Kurd::1	7	c i w a n ê n	c	n	ci	ên		SEMANTIC VALUE UNRESOLVED	INTERPRETATION UNREVIEWED	CORPUS-SCOPE UNREVIEWED	
W000149	Cizîrî	Cizîrî	cizîrî	4	1	BODY	BODY-P000025-W00003	BODY-P000212-W00006	BODY-P000025-W00003 | BODY-P000026-W00002 | BODY-P000212-W00004 | BODY-P000212-W00006	Dîwana Melayê Cizîrî	0	2	Melayê::4	Melayê::1 | Sedsala::1	6	C i z î r î	C	î	Ci	rî		SEMANTIC VALUE UNRESOLVED	INTERPRETATION UNREVIEWED	CORPUS-SCOPE UNREVIEWED	
W000150	Contents	Contents	contents	2	1	BODY	BODY-P000004-W00003	BODY-P000011-W00004	BODY-P000004-W00003 | BODY-P000011-W00004	Table of Contents / Pêrist	0	1	of::2	Pêrist::1	8	C o n t e n t s	C	s	Co	ts		SEMANTIC VALUE UNRESOLVED	INTERPRETATION UNREVIEWED	CORPUS-SCOPE UNREVIEWED	
W000151	danî	danî	danî	1	1	BODY	BODY-P000256-W00014	BODY-P000256-W00014	BODY-P000256-W00014	Yekem romana Mehmed Uzun a ku bingeha nûjenbûn û Iêwazxaneya moderna romana Kurmancî danî.	0	1	Kurmancî::1		4	d a n î	d	î	da	nî		SEMANTIC VALUE UNRESOLVED	INTERPRETATION UNREVIEWED	CORPUS-SCOPE UNREVIEWED	
W000152	darek	darek	darek	2	1	BODY	BODY-P000153-W00005	BODY-P000337-W00006	BODY-P000153-W00005 | BODY-P000337-W00006	Sê gav û sê darek	0	1	sê::2	Jan::1	5	d a r e k	d	k	da	ek		SEMANTIC VALUE UNRESOLVED	INTERPRETATION UNREVIEWED	CORPUS-SCOPE UNREVIEWED	
W000153	darvekirinê	darvekirinê	darvekirinê	1	1	BODY	BODY-P000339-W00014	BODY-P000339-W00014	BODY-P000339-W00014	Romana kûr ku qala Ieva dawî ya jiyana Iêx Seîdê Pîran li ber darvekirinê dike.	0	0	ber::1	dike::1	11	d a r v e k i r i n ê	d	ê	da	nê		SEMANTIC VALUE UNRESOLVED	INTERPRETATION UNREVIEWED	CORPUS-SCOPE UNREVIEWED	
W000154	dawî	dawî	dawî	3	1	BODY	BODY-P000252-W00004	BODY-P000339-W00006	BODY-P000252-W00004 | BODY-P000322-W00002 | BODY-P000339-W00006	Yek ji berhemên dawî yên Erebê Iemo ku jiyan û çanda Kurdên Qafqasyayê analîz dike.	0	0	berhemên::1 | Romana::1 | Ieva::1	ya::2 | yên::1	4	d a w î	d	î	da	wî		SEMANTIC VALUE UNRESOLVED	INTERPRETATION UNREVIEWED	CORPUS-SCOPE UNREVIEWED	
W000155	de	de	de	9	1	BODY	BODY-P000205-W00018	BODY-P000384-W00016	BODY-P000205-W00018 | BODY-P000218-W00010 | BODY-P000240-W00017 | BODY-P000285-W00010 | BODY-P000285-W00017 | BODY-P000351-W00011 | BODY-P000368-W00012 | BODY-P000372-W00013 | BODY-P000384-W00016	Destana evînî û neteweyî ya herî navdar a wêjeya klasîk a Kurmancî. Ehmedê Xanî di vê berhemê de felsefeya	0	6	Kurd::2 | berhemê::1 | Kurmanc::1 | Kurdan::1 | aloz::1 | nûjen::1 | kûr::1 | terorê::1	felsefeya::1 | ku::1 | di::1	2	d e	d	e	de	de		SEMANTIC VALUE UNRESOLVED	INTERPRETATION UNREVIEWED	CORPUS-SCOPE UNREVIEWED	
W000156	dengbêjiyê	dengbêjiyê	dengbêjiyê	2	1	BODY	BODY-P000277-W00012	BODY-P000322-W00013	BODY-P000277-W00012 | BODY-P000322-W00013	Romana dîrokî li ser jiyana dengbêjê mezin Evdalê Zeynikê û çanda dengbêjiyê.	0	2	çanda::1 | û::1		10	d e n g b ê j i y ê	d	ê	de	yê		SEMANTIC VALUE UNRESOLVED	INTERPRETATION UNREVIEWED	CORPUS-SCOPE UNREVIEWED	
W000157	dengbêjê	dengbêjê	dengbêjê	1	1	BODY	BODY-P000277-W00006	BODY-P000277-W00006	BODY-P000277-W00006	Romana dîrokî li ser jiyana dengbêjê mezin Evdalê Zeynikê û çanda dengbêjiyê.	0	0	jiyana::1	mezin::1	8	d e n g b ê j ê	d	ê	de	jê		SEMANTIC VALUE UNRESOLVED	INTERPRETATION UNREVIEWED	CORPUS-SCOPE UNREVIEWED	
W000158	Dereng	Dereng	dereng	2	1	BODY	BODY-P000145-W00002	BODY-P000328-W00003	BODY-P000145-W00002 | BODY-P000328-W00003	Payiza Dereng	0	1	Payiza::2	Firat::1	6	D e r e n g	D	g	De	ng		SEMANTIC VALUE UNRESOLVED	INTERPRETATION UNREVIEWED	CORPUS-SCOPE UNREVIEWED	
W000159	derûnî	derûnî	derûnî	1	1	BODY	BODY-P000335-W00007	BODY-P000335-W00007	BODY-P000335-W00007	Romana nûjen a Hesenê Metê ku derûnî û pirsgirêkên ronakbîriya Kurdî nîIan dide.	0	0	ku::1	û::1	6	d e r û n î	d	î	de	nî		SEMANTIC VALUE UNRESOLVED	INTERPRETATION UNREVIEWED	CORPUS-SCOPE UNREVIEWED	
W000160	dest	dest	dest	1	1	BODY	BODY-P000227-W00018	BODY-P000227-W00018	BODY-P000227-W00018	Bingeha alfabeya Kurdî ya Latînî û kovala mezin a Hawar ku IoreIa zimanî û wêjeyî li Iamê dest pê kir.	0	0	Iamê::1	pê::1	4	d e s t	d	t	de	st		SEMANTIC VALUE UNRESOLVED	INTERPRETATION UNREVIEWED	CORPUS-SCOPE UNREVIEWED	
W000161	Destan	Destan	destan	2	1	BODY	BODY-P000204-W00003	BODY-P000209-W00003	BODY-P000204-W00003 | BODY-P000209-W00003	Cinsê Berhemê: Destan / Helbesta Klasîk | Sala Çapê: 1692	0	0	Berhemê::2	Helbesta::1 | Helbest::1	6	D e s t a n	D	n	De	an		SEMANTIC VALUE UNRESOLVED	INTERPRETATION UNREVIEWED	CORPUS-SCOPE UNREVIEWED	
W000162	Destana	Destana	destana	1	1	BODY	BODY-P000205-W00001	BODY-P000205-W00001	BODY-P000205-W00001	Destana evînî û neteweyî ya herî navdar a wêjeya klasîk a Kurmancî. Ehmedê Xanî di vê berhemê de felsefeya	1	0		evînî::1	7	D e s t a n a	D	a	De	na		SEMANTIC VALUE UNRESOLVED	INTERPRETATION UNREVIEWED	CORPUS-SCOPE UNREVIEWED	
W000163	dewlemend	dewlemend	dewlemend	1	1	BODY	BODY-P000376-W00009	BODY-P000376-W00009	BODY-P000376-W00009	Berhema Kawa Nemir a ku zimanê Kurmancî yê dewlemend radixe ber çavan.	0	0	yê::1	radixe::1	9	d e w l e m e n d	d	d	de	nd		SEMANTIC VALUE UNRESOLVED	INTERPRETATION UNREVIEWED	CORPUS-SCOPE UNREVIEWED	
W000164	di	di	di	9	1	BODY	BODY-P000205-W00015	BODY-P000384-W00011	BODY-P000205-W00015 | BODY-P000218-W00006 | BODY-P000240-W00014 | BODY-P000285-W00005 | BODY-P000285-W00011 | BODY-P000351-W00005 | BODY-P000368-W00009 | BODY-P000372-W00007 | BODY-P000384-W00011	Destana evînî û neteweyî ya herî navdar a wêjeya klasîk a Kurmancî. Ehmedê Xanî di vê berhemê de felsefeya	0	0	civakî::2 | Xanî::1 | belavbûyî::1 | de::1 | Dimdimê::1 | 1960an::1 | yên::1 | Kobanî::1	nava::3 | vê::1 | nav::1 | navbera::1 | Iêwazek::1 | pirtûkeke::1 | Ierê::1	2	d i	d	i	di	di		SEMANTIC VALUE UNRESOLVED	INTERPRETATION UNREVIEWED	CORPUS-SCOPE UNREVIEWED	
W000165	Dibin	Dibin	dibin	2	1	BODY	BODY-P000161-W00005	BODY-P000345-W00006	BODY-P000161-W00005 | BODY-P000345-W00006	Gava Ku Masî Tî Dibin	0	1	Tî::2	Helîm::1	5	D i b i n	D	n	Di	in		SEMANTIC VALUE UNRESOLVED	INTERPRETATION UNREVIEWED	CORPUS-SCOPE UNREVIEWED	
W000166	dide	dide	dide	2	1	BODY	BODY-P000335-W00013	BODY-P000363-W00012	BODY-P000335-W00013 | BODY-P000363-W00012	Romana nûjen a Hesenê Metê ku derûnî û pirsgirêkên ronakbîriya Kurdî nîIan dide.	0	2	nîIan::2		4	d i d e	d	e	di	de		SEMANTIC VALUE UNRESOLVED	INTERPRETATION UNREVIEWED	CORPUS-SCOPE UNREVIEWED	
W000167	dijî	dijî	dijî	1	1	BODY	BODY-P000384-W00014	BODY-P000384-W00014	BODY-P000384-W00014	Romana Jan Dost a ser berxwedan û trawma bajarê Kobanî di Ierê li dijî terorê de.	0	0	li::1	terorê::1	4	d i j î	d	î	di	jî		SEMANTIC VALUE UNRESOLVED	INTERPRETATION UNREVIEWED	CORPUS-SCOPE UNREVIEWED	
W000168	dike	dike	dike	4	1	BODY	BODY-P000244-W00016	BODY-P000380-W00014	BODY-P000244-W00016 | BODY-P000252-W00015 | BODY-P000339-W00015 | BODY-P000380-W00014	Romana navdar a Erebê Iemo ya serdema Sovyetê ku qala berxwedan û jiyana gundiyên Kurd dike.	0	4	Kurd::1 | analîz::1 | darvekirinê::1 | lêkolîn::1		4	d i k e	d	e	di	ke		SEMANTIC VALUE UNRESOLVED	INTERPRETATION UNREVIEWED	CORPUS-SCOPE UNREVIEWED	
W000169	dikiIîne	dikiIîne	dikiiîne	1	1	BODY	BODY-P000240-W00007	BODY-P000240-W00007	BODY-P000240-W00007	Romana dîrokî û civakî ku balê dikiIîne ser rola jinê û tevgera civakî di nav Kurdan de.	0	0	balê::1	ser::1	8	d i k i I î n e	d	e	di	ne		SEMANTIC VALUE UNRESOLVED	INTERPRETATION UNREVIEWED	CORPUS-SCOPE UNREVIEWED	
W000170	dikin	dikin	dikin	1	1	BODY	BODY-P000302-W00016	BODY-P000302-W00016	BODY-P000302-W00016	Çîrokên taybet ên berhemdar ku rexneyên civakî û siyasî bi tanz û Iêwazek nû pêIkêI dikin.	0	1	pêIkêI::1		5	d i k i n	d	n	di	in		SEMANTIC VALUE UNRESOLVED	INTERPRETATION UNREVIEWED	CORPUS-SCOPE UNREVIEWED	
W000171	Dimdim	Dimdim	dimdim	2	1	BODY	BODY-P000064-W00001	BODY-P000246-W00002	BODY-P000064-W00001 | BODY-P000246-W00002	Dimdim	1	1	11::1	Erebê::1	6	D i m d i m	D	m	Di	im		SEMANTIC VALUE UNRESOLVED	INTERPRETATION UNREVIEWED	CORPUS-SCOPE UNREVIEWED	
W000172	Dimdimê	Dimdimê	dimdimê	4	1	BODY	BODY-P000165-W00002	BODY-P000351-W00004	BODY-P000165-W00002 | BODY-P000248-W00007 | BODY-P000349-W00003 | BODY-P000351-W00004	Kela Dimdimê	0	1	Kela::3 | berxwedana::1	û::1 | Jan::1 | di::1	7	D i m d i m ê	D	ê	Di	mê		SEMANTIC VALUE UNRESOLVED	INTERPRETATION UNREVIEWED	CORPUS-SCOPE UNREVIEWED	
W000173	diyasporayê	diyasporayê	diyasporayê	1	1	BODY	BODY-P000260-W00011	BODY-P000260-W00011	BODY-P000260-W00011	Yek ji yekem pirtûkên çîrokan ên Firat Cewerî yên li diyasporayê (Swêd).	0	0	li::1	Swêd::1	11	d i y a s p o r a y ê	d	ê	di	yê		SEMANTIC VALUE UNRESOLVED	INTERPRETATION UNREVIEWED	CORPUS-SCOPE UNREVIEWED	
W000174	Dost	Dost	dost	18	1	BODY	BODY-P000142-W00002	BODY-P000384-W00003	BODY-P000142-W00002 | BODY-P000154-W00002 | BODY-P000158-W00002 | BODY-P000166-W00002 | BODY-P000170-W00002 | BODY-P000182-W00002 | BODY-P000198-W00002 | BODY-P000324-W00004 | BODY-P000326-W00007 | BODY-P000337-W00008 | BODY-P000341-W00004 | BODY-P000343-W00005	Jan Dost	0	7	Jan::18	ku::2 | 2011::2 | a::2 | 2004::1 | 2007::1 | 2008::1 | 2014::1 | 2017::1	4	D o s t	D	t	Do	st		SEMANTIC VALUE UNRESOLVED	INTERPRETATION UNREVIEWED	CORPUS-SCOPE UNREVIEWED	
W000175	du	du	du	1	1	BODY	BODY-P000285-W00007	BODY-P000285-W00007	BODY-P000285-W00007	Romana evînî û civakî di navbera du ciwanên Kurd de di nava rewIa Ier û aloz de.	0	0	navbera::1	ciwanên::1	2	d u	d	u	du	du		SEMANTIC VALUE UNRESOLVED	INTERPRETATION UNREVIEWED	CORPUS-SCOPE UNREVIEWED	
W000176	Dîcleyê	Dîcleyê	dîcleyê	2	1	BODY	BODY-P000137-W00002	BODY-P000320-W00003	BODY-P000137-W00002 | BODY-P000320-W00003	Hawara Dîcleyê (2 Berg)	0	0	Hawara::2	2::2	7	D î c l e y ê	D	ê	Dî	yê		SEMANTIC VALUE UNRESOLVED	INTERPRETATION UNREVIEWED	CORPUS-SCOPE UNREVIEWED	
W000177	dîroka	dîroka	dîroka	1	1	BODY	BODY-P000322-W00009	BODY-P000322-W00009	BODY-P000322-W00009	Romana dawî ya Mehmed Uzun a li ser dîroka Mezopotamya, çand û dengbêjiyê.	0	0	ser::1	Mezopotamya::1	6	d î r o k a	d	a	dî	ka		SEMANTIC VALUE UNRESOLVED	INTERPRETATION UNREVIEWED	CORPUS-SCOPE UNREVIEWED	
W000178	Dîrokî	Dîrokî	dîrokî	11	1	BODY	BODY-P000247-W00004	BODY-P000383-W00004	BODY-P000247-W00004 | BODY-P000268-W00004 | BODY-P000276-W00004 | BODY-P000292-W00004 | BODY-P000321-W00004 | BODY-P000325-W00004 | BODY-P000338-W00004 | BODY-P000342-W00004 | BODY-P000350-W00004 | BODY-P000367-W00004 | BODY-P000383-W00004	Cinsê Berhemê: Romana Dîrokî | Sala Çapê: 1966	0	0	Romana::11	Sala::11	6	D î r o k î	D	î	Dî	kî	dîrokî	SEMANTIC VALUE UNRESOLVED	INTERPRETATION UNREVIEWED	CORPUS-SCOPE UNREVIEWED	
W000179	dîrokî	dîrokî	dîrokî	7	1	BODY	BODY-P000240-W00002	BODY-P000351-W00008	BODY-P000240-W00002 | BODY-P000248-W00003 | BODY-P000269-W00002 | BODY-P000277-W00002 | BODY-P000326-W00002 | BODY-P000343-W00002 | BODY-P000351-W00008	Romana dîrokî û civakî ku balê dikiIîne ser rola jinê û tevgera civakî di nav Kurdan de.	0	0	Romana::5 | romana::2	ya::4 | û::1 | ku::1 | li::1	6	d î r o k î	d	î	dî	kî	Dîrokî	SEMANTIC VALUE UNRESOLVED	INTERPRETATION UNREVIEWED	CORPUS-SCOPE UNREVIEWED	
W000180	Dîwan	Dîwan	dîwan	1	1	BODY	BODY-P000213-W00003	BODY-P000213-W00003	BODY-P000213-W00003	Cinsê Berhemê: Dîwan / Helbest | Sala Çapê: Sedsala 16an-17an	0	0	Berhemê::1	Helbest::1	5	D î w a n	D	n	Dî	an		SEMANTIC VALUE UNRESOLVED	INTERPRETATION UNREVIEWED	CORPUS-SCOPE UNREVIEWED	
W000181	Dîwana	Dîwana	dîwana	4	1	BODY	BODY-P000025-W00001	BODY-P000229-W00002	BODY-P000025-W00001 | BODY-P000045-W00001 | BODY-P000212-W00002 | BODY-P000229-W00002	Dîwana Melayê Cizîrî	2	0	3::1 | 7::1	Melayê::2 | Cigerxwîn::2	6	D î w a n a	D	a	Dî	na		SEMANTIC VALUE UNRESOLVED	INTERPRETATION UNREVIEWED	CORPUS-SCOPE UNREVIEWED	
W000182	Dîwanên	Dîwanên	dîwanên	1	1	BODY	BODY-P000231-W00001	BODY-P000231-W00001	BODY-P000231-W00001	Dîwanên nemir ên Cigerxwîn ku tije ye ji helbestên welatparêzî, civakî û IoreIgerî.	1	0		nemir::1	7	D î w a n ê n	D	n	Dî	ên		SEMANTIC VALUE UNRESOLVED	INTERPRETATION UNREVIEWED	CORPUS-SCOPE UNREVIEWED	
W000183	Ebdilrehman	Ebdilrehman	ebdilrehman	2	1	BODY	BODY-P000057-W00001	BODY-P000238-W00005	BODY-P000057-W00001 | BODY-P000238-W00005	Ebdilrehman	1	1	Eliyê::1	1959::1	11	E b d i l r e h m a n	E	n	Eb	an		SEMANTIC VALUE UNRESOLVED	INTERPRETATION UNREVIEWED	CORPUS-SCOPE UNREVIEWED	
W000184	Efendî	Efendî	efendî	2	1	BODY	BODY-P000088-W00004	BODY-P000271-W00005	BODY-P000088-W00004 | BODY-P000271-W00005	Ji Rojên Evdila Efendî	0	1	Evdila::2	Helîm::1	6	E f e n d î	E	î	Ef	dî		SEMANTIC VALUE UNRESOLVED	INTERPRETATION UNREVIEWED	CORPUS-SCOPE UNREVIEWED	
W000185	Ehmedê	Ehmedê	ehmedê	4	1	BODY	BODY-P000018-W00001	BODY-P000343-W00012	BODY-P000018-W00001 | BODY-P000203-W00005 | BODY-P000205-W00013 | BODY-P000343-W00012	Ehmedê Xanî	1	0	Zîn::1 | Kurmancî::1 | mezin::1	Xanî::4	6	E h m e d ê	E	ê	Eh	dê		SEMANTIC VALUE UNRESOLVED	INTERPRETATION UNREVIEWED	CORPUS-SCOPE UNREVIEWED	
W000186	Elfabeya	Elfabeya	elfabeya	2	1	BODY	BODY-P000040-W00003	BODY-P000225-W00004	BODY-P000040-W00003 | BODY-P000225-W00004	Govar û Elfabeya Hawar	0	0	û::2	Hawar::2	8	E l f a b e y a	E	a	El	ya		SEMANTIC VALUE UNRESOLVED	INTERPRETATION UNREVIEWED	CORPUS-SCOPE UNREVIEWED	
W000187	Eliyê	Eliyê	eliyê	2	1	BODY	BODY-P000056-W00001	BODY-P000238-W00004	BODY-P000056-W00001 | BODY-P000238-W00004	Eliyê	1	1	Xanimê::1	Ebdilrehman::1	5	E l i y ê	E	ê	El	yê		SEMANTIC VALUE UNRESOLVED	INTERPRETATION UNREVIEWED	CORPUS-SCOPE UNREVIEWED	
W000188	Emîrxanê	Emîrxanê	emîrxanê	1	1	BODY	BODY-P000248-W00009	BODY-P000248-W00009	BODY-P000248-W00009	Vegotina romana dîrokî ya berxwedana Kela Dimdimê û Emîrxanê Lepzêrîn.	0	0	û::1	Lepzêrîn::1	8	E m î r x a n ê	E	ê	Em	nê		SEMANTIC VALUE UNRESOLVED	INTERPRETATION UNREVIEWED	CORPUS-SCOPE UNREVIEWED	
W000189	Ereb	Ereb	ereb	2	1	BODY	BODY-P000037-W00001	BODY-P000220-W00006	BODY-P000037-W00001 | BODY-P000220-W00006	(Ereb Iamilov)	1	0	Iemo::1	Iamilov::2	4	E r e b	E	b	Er	eb		SEMANTIC VALUE UNRESOLVED	INTERPRETATION UNREVIEWED	CORPUS-SCOPE UNREVIEWED	
W000190	Erebê	Erebê	erebê	10	1	BODY	BODY-P000036-W00001	BODY-P000252-W00006	BODY-P000036-W00001 | BODY-P000061-W00001 | BODY-P000065-W00001 | BODY-P000069-W00001 | BODY-P000220-W00004 | BODY-P000242-W00004 | BODY-P000244-W00004 | BODY-P000246-W00003 | BODY-P000250-W00003 | BODY-P000252-W00006	Erebê Iemo	4	0	Kurmanca::1 | Bextewar::1 | a::1 | Dimdim::1 | Hopo::1 | yên::1	Iemo::10	5	E r e b ê	E	ê	Er	bê		SEMANTIC VALUE UNRESOLVED	INTERPRETATION UNREVIEWED	CORPUS-SCOPE UNREVIEWED	
W000191	Evdalê	Evdalê	evdalê	3	1	BODY	BODY-P000092-W00004	BODY-P000277-W00008	BODY-P000092-W00004 | BODY-P000275-W00005 | BODY-P000277-W00008	Rojek ji Rojên Evdalê Zeynikê	0	0	Rojên::2 | mezin::1	Zeynikê::3	6	E v d a l ê	E	ê	Ev	lê		SEMANTIC VALUE UNRESOLVED	INTERPRETATION UNREVIEWED	CORPUS-SCOPE UNREVIEWED	
W000192	Evdila	Evdila	evdila	2	1	BODY	BODY-P000088-W00003	BODY-P000271-W00004	BODY-P000088-W00003 | BODY-P000271-W00004	Ji Rojên Evdila Efendî	0	0	Rojên::2	Efendî::2	6	E v d i l a	E	a	Ev	la		SEMANTIC VALUE UNRESOLVED	INTERPRETATION UNREVIEWED	CORPUS-SCOPE UNREVIEWED	
W000193	Evdo	Evdo	evdo	2	1	BODY	BODY-P000133-W00003	BODY-P000316-W00004	BODY-P000133-W00003 | BODY-P000316-W00004	Çîroka Malbata Evdo	0	1	Malbata::2	Firat::1	4	E v d o	E	o	Ev	do		SEMANTIC VALUE UNRESOLVED	INTERPRETATION UNREVIEWED	CORPUS-SCOPE UNREVIEWED	
W000194	evîn	evîn	evîn	1	1	BODY	BODY-P000310-W00009	BODY-P000310-W00009	BODY-P000310-W00009	Romana masterpîs a Mehmed Uzun ku li ser evîn, Ier, trawma û mirovbûnê hatiye nivîsandin.	0	0	ser::1	Ier::1	4	e v î n	e	n	ev	în		SEMANTIC VALUE UNRESOLVED	INTERPRETATION UNREVIEWED	CORPUS-SCOPE UNREVIEWED	
W000195	Evîndaran	Evîndaran	evîndaran	2	1	BODY	BODY-P000193-W00002	BODY-P000378-W00003	BODY-P000193-W00002 | BODY-P000378-W00003	Ievbuhêrka Evîndaran	0	1	Ievbuhêrka::2	Rênas::1	9	E v î n d a r a n	E	n	Ev	an		SEMANTIC VALUE UNRESOLVED	INTERPRETATION UNREVIEWED	CORPUS-SCOPE UNREVIEWED	
W000196	Evînê	Evînê	evînê	4	1	BODY	BODY-P000084-W00002	BODY-P000308-W00004	BODY-P000084-W00002 | BODY-P000125-W00003 | BODY-P000267-W00003 | BODY-P000308-W00004	Siya Evînê	0	1	Siya::2 | Mîna::2	Tarî::2 | Mehmed::1	5	E v î n ê	E	ê	Ev	nê		SEMANTIC VALUE UNRESOLVED	INTERPRETATION UNREVIEWED	CORPUS-SCOPE UNREVIEWED	
W000197	evînî	evînî	evînî	4	1	BODY	BODY-P000205-W00002	BODY-P000372-W00002	BODY-P000205-W00002 | BODY-P000210-W00010 | BODY-P000285-W00002 | BODY-P000372-W00002	Destana evînî û neteweyî ya herî navdar a wêjeya klasîk a Kurmancî. Ehmedê Xanî di vê berhemê de felsefeya	0	0	Romana::2 | Destana::1 | mijarên::1	û::3 | olî::1	5	e v î n î	e	î	ev	nî		SEMANTIC VALUE UNRESOLVED	INTERPRETATION UNREVIEWED	CORPUS-SCOPE UNREVIEWED	
W000198	Ewropî	Ewropî	ewropî	1	1	BODY	BODY-P000372-W00010	BODY-P000372-W00010	BODY-P000372-W00010	Romana evînî û nakokiyên çandî yên di nava civakên Ewropî û Kurd de.	0	0	civakên::1	û::1	6	E w r o p î	E	î	Ew	pî		SEMANTIC VALUE UNRESOLVED	INTERPRETATION UNREVIEWED	CORPUS-SCOPE UNREVIEWED	
W000199	Ez	Ez	ez	2	1	BODY	BODY-P000173-W00001	BODY-P000357-W00002	BODY-P000173-W00001 | BODY-P000357-W00002	Ez ê yekî bikujim	1	0	38::1	ê::2	2	E z	E	z	Ez	Ez		SEMANTIC VALUE UNRESOLVED	INTERPRETATION UNREVIEWED	CORPUS-SCOPE UNREVIEWED	
W000200	felsefeya	felsefeya	felsefeya	1	1	BODY	BODY-P000205-W00019	BODY-P000205-W00019	BODY-P000205-W00019	Destana evînî û neteweyî ya herî navdar a wêjeya klasîk a Kurmancî. Ehmedê Xanî di vê berhemê de felsefeya	0	1	de::1		9	f e l s e f e y a	f	a	fe	ya		SEMANTIC VALUE UNRESOLVED	INTERPRETATION UNREVIEWED	CORPUS-SCOPE UNREVIEWED	
W000201	felsefî	felsefî	felsefî	3	1	BODY	BODY-P000210-W00013	BODY-P000264-W00004	BODY-P000210-W00013 | BODY-P000214-W00003 | BODY-P000264-W00004	Berhema navdar a Feqiyê Teyran ku li ser mijarên evînî, olî û felsefî hatiye hûnandin.	0	0	û::2 | helbesta::1	hatiye::1 | û::1 | ya::1	7	f e l s e f î	f	î	fe	fî		SEMANTIC VALUE UNRESOLVED	INTERPRETATION UNREVIEWED	CORPUS-SCOPE UNREVIEWED	
W000202	Feqiyê	Feqiyê	feqiyê	3	1	BODY	BODY-P000022-W00001	BODY-P000210-W00004	BODY-P000022-W00001 | BODY-P000208-W00003 | BODY-P000210-W00004	Feqiyê Teyran	1	0	ZembîlfroI::1 | a::1	Teyran::3	6	F e q i y ê	F	ê	Fe	yê		SEMANTIC VALUE UNRESOLVED	INTERPRETATION UNREVIEWED	CORPUS-SCOPE UNREVIEWED	
W000203	Firat	Firat	firat	21	1	BODY	BODY-P000077-W00001	BODY-P000370-W00005	BODY-P000077-W00001 | BODY-P000097-W00001 | BODY-P000122-W00001 | BODY-P000134-W00001 | BODY-P000146-W00001 | BODY-P000174-W00001 | BODY-P000178-W00001 | BODY-P000186-W00001 | BODY-P000258-W00003 | BODY-P000260-W00007 | BODY-P000279-W00004 | BODY-P000281-W00004	Firat Cewerî	8	0	a::3 | Girtî::1 | ên::1 | Spî::1 | Bedir-Xan::1 | Evdo::1 | Dereng::1 | bikujim::1 | Lehî::1 | Romana::1 | Bû::1	Cewerî::21	5	F i r a t	F	t	Fi	at		SEMANTIC VALUE UNRESOLVED	INTERPRETATION UNREVIEWED	CORPUS-SCOPE UNREVIEWED	
W000204	gav	gav	gav	2	1	BODY	BODY-P000153-W00002	BODY-P000337-W00003	BODY-P000153-W00002 | BODY-P000337-W00003	Sê gav û sê darek	0	0	Sê::2	û::2	3	g a v	g	v	ga	av		SEMANTIC VALUE UNRESOLVED	INTERPRETATION UNREVIEWED	CORPUS-SCOPE UNREVIEWED	
W000205	Gava	Gava	gava	2	1	BODY	BODY-P000161-W00001	BODY-P000345-W00002	BODY-P000161-W00001 | BODY-P000345-W00002	Gava Ku Masî Tî Dibin	1	0	35::1	Ku::2	4	G a v a	G	a	Ga	va		SEMANTIC VALUE UNRESOLVED	INTERPRETATION UNREVIEWED	CORPUS-SCOPE UNREVIEWED	
W000206	gelek	gelek	gelek	1	1	BODY	BODY-P000218-W00012	BODY-P000218-W00012	BODY-P000218-W00012	Mewlûda herî navdar û belavbûyî di nava Kurdên Kurmanc de ku gelek sedsalan hatiye xwendin.	0	0	ku::1	sedsalan::1	5	g e l e k	g	k	ge	ek		SEMANTIC VALUE UNRESOLVED	INTERPRETATION UNREVIEWED	CORPUS-SCOPE UNREVIEWED	
W000207	GELÊRÎ	GELÊRÎ	gelêrî	1	1	BODY	BODY-P000008-W00002	BODY-P000008-W00002	BODY-P000008-W00002	ARIÎVA GELÊRÎ A PIRTÛKÊN KURMANCÎ (BERIYA	0	0	ARIÎVA::1	A::1	6	G E L Ê R Î	G	Î	GE	RÎ		SEMANTIC VALUE UNRESOLVED	INTERPRETATION UNREVIEWED	CORPUS-SCOPE UNREVIEWED	
W000208	Gername	Gername	gername	1	1	BODY	BODY-P000305-W00003	BODY-P000305-W00003	BODY-P000305-W00003	Cinsê Berhemê: Gername / Bîranîn | Sala Çapê: 1998	0	0	Berhemê::1	Bîranîn::1	7	G e r n a m e	G	e	Ge	me		SEMANTIC VALUE UNRESOLVED	INTERPRETATION UNREVIEWED	CORPUS-SCOPE UNREVIEWED	
W000209	Girtî	Girtî	girtî	2	1	BODY	BODY-P000076-W00001	BODY-P000258-W00002	BODY-P000076-W00001 | BODY-P000258-W00002	Girtî	1	1	14::1	Firat::1	5	G i r t î	G	î	Gi	tî		SEMANTIC VALUE UNRESOLVED	INTERPRETATION UNREVIEWED	CORPUS-SCOPE UNREVIEWED	
W000210	Gotinên	Gotinên	gotinên	2	1	BODY	BODY-P000149-W00001	BODY-P000333-W00002	BODY-P000149-W00001 | BODY-P000333-W00002	Gotinên Gunehkar	1	0	32::1	Gunehkar::2	7	G o t i n ê n	G	n	Go	ên		SEMANTIC VALUE UNRESOLVED	INTERPRETATION UNREVIEWED	CORPUS-SCOPE UNREVIEWED	
W000211	Govar	Govar	govar	2	1	BODY	BODY-P000040-W00001	BODY-P000225-W00002	BODY-P000040-W00001 | BODY-P000225-W00002	Govar û Elfabeya Hawar	1	0	6::1	û::2	5	G o v a r	G	r	Go	ar		SEMANTIC VALUE UNRESOLVED	INTERPRETATION UNREVIEWED	CORPUS-SCOPE UNREVIEWED	
W000212	guherîna	guherîna	guherîna	1	1	BODY	BODY-P000363-W00009	BODY-P000363-W00009	BODY-P000363-W00009	Romana Firat Cewerî ku alozî û rabûna pêlên guherîna civakî nîIan dide.	0	0	pêlên::1	civakî::1	8	g u h e r î n a	g	a	gu	na		SEMANTIC VALUE UNRESOLVED	INTERPRETATION UNREVIEWED	CORPUS-SCOPE UNREVIEWED	
W000213	guherînên	guherînên	guherînên	1	1	BODY	BODY-P000318-W00006	BODY-P000318-W00006	BODY-P000318-W00006	Romana malbatî û civakî ku guherînên sedsalekê radixe ber çavan.	0	0	ku::1	sedsalekê::1	9	g u h e r î n ê n	g	n	gu	ên		SEMANTIC VALUE UNRESOLVED	INTERPRETATION UNREVIEWED	CORPUS-SCOPE UNREVIEWED	
W000214	gundiyên	gundiyên	gundiyên	1	1	BODY	BODY-P000244-W00014	BODY-P000244-W00014	BODY-P000244-W00014	Romana navdar a Erebê Iemo ya serdema Sovyetê ku qala berxwedan û jiyana gundiyên Kurd dike.	0	0	jiyana::1	Kurd::1	8	g u n d i y ê n	g	n	gu	ên		SEMANTIC VALUE UNRESOLVED	INTERPRETATION UNREVIEWED	CORPUS-SCOPE UNREVIEWED	
W000215	Gunehkar	Gunehkar	gunehkar	2	1	BODY	BODY-P000149-W00002	BODY-P000333-W00003	BODY-P000149-W00002 | BODY-P000333-W00003	Gotinên Gunehkar	0	1	Gotinên::2	Hesenê::1	8	G u n e h k a r	G	r	Gu	ar		SEMANTIC VALUE UNRESOLVED	INTERPRETATION UNREVIEWED	CORPUS-SCOPE UNREVIEWED	
W000216	Hasan	Hasan	hasan	2	1	BODY	BODY-P000048-W00001	BODY-P000229-W00008	BODY-P000048-W00001 | BODY-P000229-W00008	Hasan)	1	1	Iêxmus::1	1945-1984::1	5	H a s a n	H	n	Ha	an		SEMANTIC VALUE UNRESOLVED	INTERPRETATION UNREVIEWED	CORPUS-SCOPE UNREVIEWED	
W000217	hatiye	hatiye	hatiye	7	1	BODY	BODY-P000210-W00014	BODY-P000343-W00014	BODY-P000210-W00014 | BODY-P000218-W00014 | BODY-P000222-W00010 | BODY-P000269-W00014 | BODY-P000310-W00014 | BODY-P000326-W00016 | BODY-P000343-W00014	Berhema navdar a Feqiyê Teyran ku li ser mijarên evînî, olî û felsefî hatiye hûnandin.	0	0	felsefî::1 | sedsalan::1 | Yêrêvanê::1 | Xoybûnê::1 | mirovbûnê::1 | Mihemed::1 | Xanî::1	nivîsandin::4 | hûnandin::1 | xwendin::1 | weIandin::1	6	h a t i y e	h	e	ha	ye		SEMANTIC VALUE UNRESOLVED	INTERPRETATION UNREVIEWED	CORPUS-SCOPE UNREVIEWED	
W000218	Hawar	Hawar	hawar	3	1	BODY	BODY-P000040-W00004	BODY-P000227-W00010	BODY-P000040-W00004 | BODY-P000225-W00005 | BODY-P000227-W00010	Govar û Elfabeya Hawar	0	1	Elfabeya::2 | a::1	Mîr::1 | ku::1	5	H a w a r	H	r	Ha	ar		SEMANTIC VALUE UNRESOLVED	INTERPRETATION UNREVIEWED	CORPUS-SCOPE UNREVIEWED	
W000219	Hawara	Hawara	hawara	2	1	BODY	BODY-P000137-W00001	BODY-P000320-W00002	BODY-P000137-W00001 | BODY-P000320-W00002	Hawara Dîcleyê (2 Berg)	1	0	29::1	Dîcleyê::2	6	H a w a r a	H	a	Ha	ra		SEMANTIC VALUE UNRESOLVED	INTERPRETATION UNREVIEWED	CORPUS-SCOPE UNREVIEWED	
W000220	hebûn	hebûn	hebûn	1	1	BODY	BODY-P000206-W00001	BODY-P000206-W00001	BODY-P000206-W00001	hebûn û hevrêziya neteweya Kurd honaye.	1	0		û::1	5	h e b û n	h	n	he	ûn		SEMANTIC VALUE UNRESOLVED	INTERPRETATION UNREVIEWED	CORPUS-SCOPE UNREVIEWED	
W000221	Helbest	Helbest	helbest	6	1	BODY	BODY-P000209-W00004	BODY-P000379-W00003	BODY-P000209-W00004 | BODY-P000213-W00004 | BODY-P000217-W00004 | BODY-P000235-W00005 | BODY-P000375-W00004 | BODY-P000379-W00003	Cinsê Berhemê: Destan / Helbest | Sala Çapê: Sedsala 17an	0	0	Destan::1 | Dîwan::1 | Mewlûd::1 | û::1 | Roman::1 | Berhemê::1	Sala::5 | Ianoya::1	7	H e l b e s t	H	t	He	st	helbest	SEMANTIC VALUE UNRESOLVED	INTERPRETATION UNREVIEWED	CORPUS-SCOPE UNREVIEWED	
W000222	helbest	helbest	helbest	1	1	BODY	BODY-P000380-W00010	BODY-P000380-W00010	BODY-P000380-W00010	Pirtûka nûjen a Rênas Jiyan ku zimanê nûjen ê helbest û Ianoyê lêkolîn dike.	0	0	ê::1	û::1	7	h e l b e s t	h	t	he	st	Helbest	SEMANTIC VALUE UNRESOLVED	INTERPRETATION UNREVIEWED	CORPUS-SCOPE UNREVIEWED	
W000223	Helbesta	Helbesta	helbesta	2	1	BODY	BODY-P000204-W00004	BODY-P000230-W00003	BODY-P000204-W00004 | BODY-P000230-W00003	Cinsê Berhemê: Destan / Helbesta Klasîk | Sala Çapê: 1692	0	0	Destan::1 | Berhemê::1	Klasîk::1 | Neteweyî::1	8	H e l b e s t a	H	a	He	ta	helbesta	SEMANTIC VALUE UNRESOLVED	INTERPRETATION UNREVIEWED	CORPUS-SCOPE UNREVIEWED	
W000224	helbesta	helbesta	helbesta	1	1	BODY	BODY-P000214-W00002	BODY-P000214-W00002	BODY-P000214-W00002	Iehkera helbesta felsefî û îrfanî ya Kurmancî ku bingeha zimanê wêjeyî yê Kurmancî bihêz kiriye.	0	0	Iehkera::1	felsefî::1	8	h e l b e s t a	h	a	he	ta	Helbesta	SEMANTIC VALUE UNRESOLVED	INTERPRETATION UNREVIEWED	CORPUS-SCOPE UNREVIEWED	
W000225	helbestvanê	helbestvanê	helbestvanê	1	1	BODY	BODY-P000343-W00010	BODY-P000343-W00010	BODY-P000343-W00010	Romana dîrokî ya Jan Dost ku li ser jiyana helbestvanê mezin Ehmedê Xanî hatiye nivîsandin.	0	0	jiyana::1	mezin::1	11	h e l b e s t v a n ê	h	ê	he	nê		SEMANTIC VALUE UNRESOLVED	INTERPRETATION UNREVIEWED	CORPUS-SCOPE UNREVIEWED	
W000226	helbestên	helbestên	helbestên	1	1	BODY	BODY-P000231-W00009	BODY-P000231-W00009	BODY-P000231-W00009	Dîwanên nemir ên Cigerxwîn ku tije ye ji helbestên welatparêzî, civakî û IoreIgerî.	0	0	ji::1	welatparêzî::1	9	h e l b e s t ê n	h	n	he	ên		SEMANTIC VALUE UNRESOLVED	INTERPRETATION UNREVIEWED	CORPUS-SCOPE UNREVIEWED	
W000227	Helîm	Helîm	helîm	13	1	BODY	BODY-P000089-W00001	BODY-P000347-W00004	BODY-P000089-W00001 | BODY-P000114-W00001 | BODY-P000118-W00001 | BODY-P000130-W00001 | BODY-P000162-W00001 | BODY-P000271-W00006 | BODY-P000273-W00006 | BODY-P000295-W00004 | BODY-P000300-W00004 | BODY-P000312-W00003 | BODY-P000314-W00004 | BODY-P000345-W00007	Helîm Yûsiv	5	0	a::3 | Efendî::1 | ranazin::1 | avis::1 | Sobarto::1 | Dibin::1	Yûsiv::13	5	H e l î m	H	m	He	îm		SEMANTIC VALUE UNRESOLVED	INTERPRETATION UNREVIEWED	CORPUS-SCOPE UNREVIEWED	
W000228	herî	herî	herî	2	1	BODY	BODY-P000205-W00006	BODY-P000218-W00002	BODY-P000205-W00006 | BODY-P000218-W00002	Destana evînî û neteweyî ya herî navdar a wêjeya klasîk a Kurmancî. Ehmedê Xanî di vê berhemê de felsefeya	0	0	ya::1 | Mewlûda::1	navdar::2	4	h e r î	h	î	he	rî		SEMANTIC VALUE UNRESOLVED	INTERPRETATION UNREVIEWED	CORPUS-SCOPE UNREVIEWED	
W000229	Hesenê	Hesenê	hesenê	6	1	BODY	BODY-P000106-W00001	BODY-P000335-W00004	BODY-P000106-W00001 | BODY-P000150-W00001 | BODY-P000287-W00005 | BODY-P000289-W00004 | BODY-P000333-W00004 | BODY-P000335-W00004	Hesenê Metê	2	0	a::2 | Windabûyî::1 | Gunehkar::1	Metê::6	6	H e s e n ê	H	ê	He	nê		SEMANTIC VALUE UNRESOLVED	INTERPRETATION UNREVIEWED	CORPUS-SCOPE UNREVIEWED	
W000230	hevrêziya	hevrêziya	hevrêziya	1	1	BODY	BODY-P000206-W00003	BODY-P000206-W00003	BODY-P000206-W00003	hebûn û hevrêziya neteweya Kurd honaye.	0	0	û::1	neteweya::1	9	h e v r ê z i y a	h	a	he	ya		SEMANTIC VALUE UNRESOLVED	INTERPRETATION UNREVIEWED	CORPUS-SCOPE UNREVIEWED	
W000231	honaye	honaye	honaye	1	1	BODY	BODY-P000206-W00006	BODY-P000206-W00006	BODY-P000206-W00006	hebûn û hevrêziya neteweya Kurd honaye.	0	1	Kurd::1		6	h o n a y e	h	e	ho	ye		SEMANTIC VALUE UNRESOLVED	INTERPRETATION UNREVIEWED	CORPUS-SCOPE UNREVIEWED	
W000232	Hopo	Hopo	hopo	2	1	BODY	BODY-P000068-W00001	BODY-P000250-W00002	BODY-P000068-W00001 | BODY-P000250-W00002	Hopo	1	1	12::1	Erebê::1	4	H o p o	H	o	Ho	po		SEMANTIC VALUE UNRESOLVED	INTERPRETATION UNREVIEWED	CORPUS-SCOPE UNREVIEWED	
W000233	Huseynê	Huseynê	huseynê	2	1	BODY	BODY-P000031-W00002	BODY-P000216-W00005	BODY-P000031-W00002 | BODY-P000216-W00005	Mela Huseynê	0	1	Mela::2	Bateyî::1	7	H u s e y n ê	H	ê	Hu	nê		SEMANTIC VALUE UNRESOLVED	INTERPRETATION UNREVIEWED	CORPUS-SCOPE UNREVIEWED	
W000234	hûnandin	hûnandin	hûnandin	1	1	BODY	BODY-P000210-W00015	BODY-P000210-W00015	BODY-P000210-W00015	Berhema navdar a Feqiyê Teyran ku li ser mijarên evînî, olî û felsefî hatiye hûnandin.	0	1	hatiye::1		8	h û n a n d i n	h	n	hû	in		SEMANTIC VALUE UNRESOLVED	INTERPRETATION UNREVIEWED	CORPUS-SCOPE UNREVIEWED	
W000235	Iamilov	Iamilov	iamilov	2	1	BODY	BODY-P000037-W00002	BODY-P000220-W00007	BODY-P000037-W00002 | BODY-P000220-W00007	(Ereb Iamilov)	0	1	Ereb::2	1930::1	7	I a m i l o v	I	v	Ia	ov		SEMANTIC VALUE UNRESOLVED	INTERPRETATION UNREVIEWED	CORPUS-SCOPE UNREVIEWED	
W000236	Iamê	Iamê	iamê	1	1	BODY	BODY-P000227-W00017	BODY-P000227-W00017	BODY-P000227-W00017	Bingeha alfabeya Kurdî ya Latînî û kovala mezin a Hawar ku IoreIa zimanî û wêjeyî li Iamê dest pê kir.	0	0	li::1	dest::1	4	I a m ê	I	ê	Ia	mê		SEMANTIC VALUE UNRESOLVED	INTERPRETATION UNREVIEWED	CORPUS-SCOPE UNREVIEWED	
W000237	Ianoya	Ianoya	ianoya	1	1	BODY	BODY-P000379-W00004	BODY-P000379-W00004	BODY-P000379-W00004	Cinsê Berhemê: Helbest / Ianoya Wêjeyî | Sala Çapê: 2016	0	0	Helbest::1	Wêjeyî::1	6	I a n o y a	I	a	Ia	ya		SEMANTIC VALUE UNRESOLVED	INTERPRETATION UNREVIEWED	CORPUS-SCOPE UNREVIEWED	
W000238	Ianoyê	Ianoyê	ianoyê	1	1	BODY	BODY-P000380-W00012	BODY-P000380-W00012	BODY-P000380-W00012	Pirtûka nûjen a Rênas Jiyan ku zimanê nûjen ê helbest û Ianoyê lêkolîn dike.	0	0	û::1	lêkolîn::1	6	I a n o y ê	I	ê	Ia	yê		SEMANTIC VALUE UNRESOLVED	INTERPRETATION UNREVIEWED	CORPUS-SCOPE UNREVIEWED	
W000239	Iehkera	Iehkera	iehkera	1	1	BODY	BODY-P000214-W00001	BODY-P000214-W00001	BODY-P000214-W00001	Iehkera helbesta felsefî û îrfanî ya Kurmancî ku bingeha zimanê wêjeyî yê Kurmancî bihêz kiriye.	1	0		helbesta::1	7	I e h k e r a	I	a	Ie	ra		SEMANTIC VALUE UNRESOLVED	INTERPRETATION UNREVIEWED	CORPUS-SCOPE UNREVIEWED	
W000240	Iemo	Iemo	iemo	10	1	BODY	BODY-P000036-W00002	BODY-P000252-W00007	BODY-P000036-W00002 | BODY-P000061-W00002 | BODY-P000065-W00002 | BODY-P000069-W00002 | BODY-P000220-W00005 | BODY-P000242-W00005 | BODY-P000244-W00005 | BODY-P000246-W00004 | BODY-P000250-W00004 | BODY-P000252-W00007	Erebê Iemo	0	4	Erebê::10	Ereb::1 | 1959::1 | ya::1 | 1966::1 | 1969::1 | ku::1	4	I e m o	I	o	Ie	mo		SEMANTIC VALUE UNRESOLVED	INTERPRETATION UNREVIEWED	CORPUS-SCOPE UNREVIEWED	
W000241	Ier	Ier	ier	3	1	BODY	BODY-P000285-W00014	BODY-P000310-W00010	BODY-P000285-W00014 | BODY-P000297-W00008 | BODY-P000310-W00010	Romana evînî û civakî di navbera du ciwanên Kurd de di nava rewIa Ier û aloz de.	0	0	rewIa::1 | trawmayên::1 | evîn::1	û::2 | trawma::1	3	I e r	I	r	Ie	er		SEMANTIC VALUE UNRESOLVED	INTERPRETATION UNREVIEWED	CORPUS-SCOPE UNREVIEWED	
W000242	Ierê	Ierê	ierê	1	1	BODY	BODY-P000384-W00012	BODY-P000384-W00012	BODY-P000384-W00012	Romana Jan Dost a ser berxwedan û trawma bajarê Kobanî di Ierê li dijî terorê de.	0	0	di::1	li::1	4	I e r ê	I	ê	Ie	rê		SEMANTIC VALUE UNRESOLVED	INTERPRETATION UNREVIEWED	CORPUS-SCOPE UNREVIEWED	
W000243	Ieva	Ieva	ieva	1	1	BODY	BODY-P000339-W00005	BODY-P000339-W00005	BODY-P000339-W00005	Romana kûr ku qala Ieva dawî ya jiyana Iêx Seîdê Pîran li ber darvekirinê dike.	0	0	qala::1	dawî::1	4	I e v a	I	a	Ie	va		SEMANTIC VALUE UNRESOLVED	INTERPRETATION UNREVIEWED	CORPUS-SCOPE UNREVIEWED	
W000244	Ievbuhêrka	Ievbuhêrka	ievbuhêrka	2	1	BODY	BODY-P000193-W00001	BODY-P000378-W00002	BODY-P000193-W00001 | BODY-P000378-W00002	Ievbuhêrka Evîndaran	1	0	43::1	Evîndaran::2	10	I e v b u h ê r k a	I	a	Ie	ka		SEMANTIC VALUE UNRESOLVED	INTERPRETATION UNREVIEWED	CORPUS-SCOPE UNREVIEWED	
W000245	Iewitîna	Iewitîna	iewitîna	1	1	BODY	BODY-P000368-W00003	BODY-P000368-W00003	BODY-P000368-W00003	Vegotina trajediya Iewitîna sînemaya Kobanê ya sala 1960an di pirtûkeke kûr de.	0	0	trajediya::1	sînemaya::1	8	I e w i t î n a	I	a	Ie	na		SEMANTIC VALUE UNRESOLVED	INTERPRETATION UNREVIEWED	CORPUS-SCOPE UNREVIEWED	
W000246	Iivanê	Iivanê	iivanê	2	1	BODY	BODY-P000035-W00001	BODY-P000220-W00002	BODY-P000035-W00001 | BODY-P000220-W00002	Iivanê Kurmanca	1	0	5::1	Kurmanca::2	6	I i v a n ê	I	ê	Ii	nê		SEMANTIC VALUE UNRESOLVED	INTERPRETATION UNREVIEWED	CORPUS-SCOPE UNREVIEWED	
W000247	Iop	Iop	iop	1	1	BODY	BODY-P000306-W00006	BODY-P000306-W00006	BODY-P000306-W00006	Berhema bîranîn û lêkolînê ser Iop û mîrata Celadet Bedirxan.	0	0	ser::1	û::1	3	I o p	I	p	Io	op		SEMANTIC VALUE UNRESOLVED	INTERPRETATION UNREVIEWED	CORPUS-SCOPE UNREVIEWED	
W000248	Iopandina	Iopandina	iopandina	1	1	BODY	BODY-P000355-W00010	BODY-P000355-W00010	BODY-P000355-W00010	Romana Jan Dost a ser azadî, wateya jiyanê û Iopandina xeyalan.	0	0	û::1	xeyalan::1	9	I o p a n d i n a	I	a	Io	na		SEMANTIC VALUE UNRESOLVED	INTERPRETATION UNREVIEWED	CORPUS-SCOPE UNREVIEWED	
W000249	IoreIa	IoreIa	ioreia	1	1	BODY	BODY-P000227-W00012	BODY-P000227-W00012	BODY-P000227-W00012	Bingeha alfabeya Kurdî ya Latînî û kovala mezin a Hawar ku IoreIa zimanî û wêjeyî li Iamê dest pê kir.	0	0	ku::1	zimanî::1	6	I o r e I a	I	a	Io	Ia		SEMANTIC VALUE UNRESOLVED	INTERPRETATION UNREVIEWED	CORPUS-SCOPE UNREVIEWED	
W000250	IoreIgerî	IoreIgerî	ioreigerî	1	1	BODY	BODY-P000231-W00013	BODY-P000231-W00013	BODY-P000231-W00013	Dîwanên nemir ên Cigerxwîn ku tije ye ji helbestên welatparêzî, civakî û IoreIgerî.	0	1	û::1		9	I o r e I g e r î	I	î	Io	rî		SEMANTIC VALUE UNRESOLVED	INTERPRETATION UNREVIEWED	CORPUS-SCOPE UNREVIEWED	
W000251	Iêwaza	Iêwaza	iêwaza	1	1	BODY	BODY-P000289-W00008	BODY-P000289-W00008	BODY-P000289-W00008	Romana taybet a Hesenê Metê ku bi Iêwaza psîkolojîk û zimana kûr naskirî ye.	0	0	bi::1	psîkolojîk::1	6	I ê w a z a	I	a	Iê	za		SEMANTIC VALUE UNRESOLVED	INTERPRETATION UNREVIEWED	CORPUS-SCOPE UNREVIEWED	
W000252	Iêwazek	Iêwazek	iêwazek	4	1	BODY	BODY-P000273-W00009	BODY-P000351-W00006	BODY-P000273-W00009 | BODY-P000302-W00013 | BODY-P000347-W00012 | BODY-P000351-W00006	Pirtûka çîrokan a navdar a Helîm Yûsiv ku Iêwazek nû û surrealîst anî nav wêjeya Kurmancî.	0	0	ku::1 | û::1 | bi::1 | di::1	nû::2 | nûjen::1 | romana::1	7	I ê w a z e k	I	k	Iê	ek		SEMANTIC VALUE UNRESOLVED	INTERPRETATION UNREVIEWED	CORPUS-SCOPE UNREVIEWED	
W000253	Iêwazxaneya	Iêwazxaneya	iêwazxaneya	1	1	BODY	BODY-P000256-W00010	BODY-P000256-W00010	BODY-P000256-W00010	Yekem romana Mehmed Uzun a ku bingeha nûjenbûn û Iêwazxaneya moderna romana Kurmancî danî.	0	0	û::1	moderna::1	11	I ê w a z x a n e y a	I	a	Iê	ya		SEMANTIC VALUE UNRESOLVED	INTERPRETATION UNREVIEWED	CORPUS-SCOPE UNREVIEWED	
W000254	Iêx	Iêx	iêx	1	1	BODY	BODY-P000339-W00009	BODY-P000339-W00009	BODY-P000339-W00009	Romana kûr ku qala Ieva dawî ya jiyana Iêx Seîdê Pîran li ber darvekirinê dike.	0	0	jiyana::1	Seîdê::1	3	I ê x	I	x	Iê	êx		SEMANTIC VALUE UNRESOLVED	INTERPRETATION UNREVIEWED	CORPUS-SCOPE UNREVIEWED	
W000255	Iêxmus	Iêxmus	iêxmus	2	1	BODY	BODY-P000047-W00001	BODY-P000229-W00007	BODY-P000047-W00001 | BODY-P000229-W00007	(Iêxmus	1	1	Cigerxwîn::1	Hasan::1	6	I ê x m u s	I	s	Iê	us		SEMANTIC VALUE UNRESOLVED	INTERPRETATION UNREVIEWED	CORPUS-SCOPE UNREVIEWED	
W000256	Jan	Jan	jan	18	1	BODY	BODY-P000142-W00001	BODY-P000384-W00002	BODY-P000142-W00001 | BODY-P000154-W00001 | BODY-P000158-W00001 | BODY-P000166-W00001 | BODY-P000170-W00001 | BODY-P000182-W00001 | BODY-P000198-W00001 | BODY-P000324-W00003 | BODY-P000326-W00006 | BODY-P000337-W00007 | BODY-P000341-W00003 | BODY-P000343-W00004	Jan Dost	7	0	Romana::2 | Mijabad::1 | a::1 | darek::1 | Mîrname::1 | ya::1 | Dimdimê::1 | Bextewer::1 | Kobanê::1 | Kobanî::1	Dost::18	3	J a n	J	n	Ja	an		SEMANTIC VALUE UNRESOLVED	INTERPRETATION UNREVIEWED	CORPUS-SCOPE UNREVIEWED	
W000257	Ji	Ji	ji	2	1	BODY	BODY-P000088-W00001	BODY-P000271-W00002	BODY-P000088-W00001 | BODY-P000271-W00002	Ji Rojên Evdila Efendî	1	0	17::1	Rojên::2	2	J i	J	i	Ji	Ji	ji	SEMANTIC VALUE UNRESOLVED	INTERPRETATION UNREVIEWED	CORPUS-SCOPE UNREVIEWED	
W000258	ji	ji	ji	13	1	BODY	BODY-P000092-W00002	BODY-P000385-W00003	BODY-P000092-W00002 | BODY-P000103-W00003 | BODY-P000200-W00003 | BODY-P000231-W00008 | BODY-P000232-W00003 | BODY-P000252-W00002 | BODY-P000260-W00002 | BODY-P000265-W00003 | BODY-P000275-W00003 | BODY-P000298-W00003 | BODY-P000331-W00003 | BODY-P000364-W00003	Rojek ji Rojên Evdalê Zeynikê	0	0	Rojek::2 | Yek::2 | 1::1 | 2::1 | ye::1 | 3::1 | 4::1 | 5::1 | 6::1 | 7::1 | 8::1	8::8 | Rojên::2 | helbestên::1 | berhemên::1 | yekem::1	2	j i	j	i	ji	ji	Ji	SEMANTIC VALUE UNRESOLVED	INTERPRETATION UNREVIEWED	CORPUS-SCOPE UNREVIEWED	
W000259	jinê	jinê	jinê	1	1	BODY	BODY-P000240-W00010	BODY-P000240-W00010	BODY-P000240-W00010	Romana dîrokî û civakî ku balê dikiIîne ser rola jinê û tevgera civakî di nav Kurdan de.	0	0	rola::1	û::1	4	j i n ê	j	ê	ji	nê		SEMANTIC VALUE UNRESOLVED	INTERPRETATION UNREVIEWED	CORPUS-SCOPE UNREVIEWED	
W000260	Jinên	Jinên	jinên	2	1	BODY	BODY-P000105-W00002	BODY-P000287-W00003	BODY-P000105-W00002 | BODY-P000287-W00003	Labîrenta Jinên Windabûyî	0	0	Labîrenta::2	Windabûyî::2	5	J i n ê n	J	n	Ji	ên		SEMANTIC VALUE UNRESOLVED	INTERPRETATION UNREVIEWED	CORPUS-SCOPE UNREVIEWED	
W000261	Jiyan	Jiyan	jiyan	4	1	BODY	BODY-P000194-W00002	BODY-P000380-W00005	BODY-P000194-W00002 | BODY-P000222-W00012 | BODY-P000378-W00005 | BODY-P000380-W00005	Rênas Jiyan	0	1	Rênas::3 | weIandin::1	û::1 | 2016::1 | ku::1	5	J i y a n	J	n	Ji	an	jiyan	SEMANTIC VALUE UNRESOLVED	INTERPRETATION UNREVIEWED	CORPUS-SCOPE UNREVIEWED	
W000262	jiyan	jiyan	jiyan	1	1	BODY	BODY-P000252-W00009	BODY-P000252-W00009	BODY-P000252-W00009	Yek ji berhemên dawî yên Erebê Iemo ku jiyan û çanda Kurdên Qafqasyayê analîz dike.	0	0	ku::1	û::1	5	j i y a n	j	n	ji	an	Jiyan	SEMANTIC VALUE UNRESOLVED	INTERPRETATION UNREVIEWED	CORPUS-SCOPE UNREVIEWED	
W000263	Jiyana	Jiyana	jiyana	2	1	BODY	BODY-P000060-W00001	BODY-P000242-W00002	BODY-P000060-W00001 | BODY-P000242-W00002	Jiyana Bextewar	1	0	10::1	Bextewar::2	6	J i y a n a	J	a	Ji	na	jiyana	SEMANTIC VALUE UNRESOLVED	INTERPRETATION UNREVIEWED	CORPUS-SCOPE UNREVIEWED	
W000264	jiyana	jiyana	jiyana	7	1	BODY	BODY-P000244-W00013	BODY-P000343-W00009	BODY-P000244-W00013 | BODY-P000269-W00006 | BODY-P000277-W00005 | BODY-P000293-W00006 | BODY-P000314-W00009 | BODY-P000339-W00008 | BODY-P000343-W00009	Romana navdar a Erebê Iemo ya serdema Sovyetê ku qala berxwedan û jiyana gundiyên Kurd dike.	0	0	ser::5 | û::1 | ya::1	gundiyên::1 | Memduh::1 | dengbêjê::1 | Mîr::1 | Kurdên::1 | Iêx::1 | helbestvanê::1	6	j i y a n a	j	a	ji	na	Jiyana	SEMANTIC VALUE UNRESOLVED	INTERPRETATION UNREVIEWED	CORPUS-SCOPE UNREVIEWED	
W000265	jiyanê	jiyanê	jiyanê	2	1	BODY	BODY-P000297-W00010	BODY-P000355-W00008	BODY-P000297-W00010 | BODY-P000355-W00008	Koleksiyona çîrokan li ser birîn û trawmayên Ier û jiyanê.	0	1	û::1 | wateya::1	û::1	6	j i y a n ê	j	ê	ji	nê		SEMANTIC VALUE UNRESOLVED	INTERPRETATION UNREVIEWED	CORPUS-SCOPE UNREVIEWED	
W000266	Jîn	Jîn	jîn	2	1	BODY	BODY-P000100-W00003	BODY-P000283-W00004	BODY-P000100-W00003 | BODY-P000283-W00004	Sîpan û Jîn	0	1	û::2	Bavê::1	3	J î n	J	n	Jî	în		SEMANTIC VALUE UNRESOLVED	INTERPRETATION UNREVIEWED	CORPUS-SCOPE UNREVIEWED	
W000267	Kalekî	Kalekî	kalekî	2	1	BODY	BODY-P000080-W00002	BODY-P000262-W00003	BODY-P000080-W00002 | BODY-P000262-W00003	Mirina Kalekî Rînd	0	0	Mirina::2	Rînd::2	6	K a l e k î	K	î	Ka	kî		SEMANTIC VALUE UNRESOLVED	INTERPRETATION UNREVIEWED	CORPUS-SCOPE UNREVIEWED	
W000268	Katalog	Katalog	katalog	3	1	BODY	BODY-P000002-W00001	BODY-P000010-W00001	BODY-P000002-W00001 | BODY-P000007-W00002 | BODY-P000010-W00001	Katalog û Xulaseya Berfireh a 44 Berhemên Klasîk û Nûjen ên Zimanê Kurdî	2	0	1::1	û::2 | Û::1	7	K a t a l o g	K	g	Ka	og		SEMANTIC VALUE UNRESOLVED	INTERPRETATION UNREVIEWED	CORPUS-SCOPE UNREVIEWED	
W000269	Kawa	Kawa	kawa	3	1	BODY	BODY-P000190-W00001	BODY-P000376-W00002	BODY-P000190-W00001 | BODY-P000374-W00004 | BODY-P000376-W00002	Kawa Nemir	1	0	Mîr::1 | Berhema::1	Nemir::3	4	K a w a	K	a	Ka	wa		SEMANTIC VALUE UNRESOLVED	INTERPRETATION UNREVIEWED	CORPUS-SCOPE UNREVIEWED	
W000270	Kela	Kela	kela	3	1	BODY	BODY-P000165-W00001	BODY-P000349-W00002	BODY-P000165-W00001 | BODY-P000248-W00006 | BODY-P000349-W00002	Kela Dimdimê	1	0	berxwedana::1 | 36::1	Dimdimê::3	4	K e l a	K	a	Ke	la		SEMANTIC VALUE UNRESOLVED	INTERPRETATION UNREVIEWED	CORPUS-SCOPE UNREVIEWED	
W000271	Kevoka	Kevoka	kevoka	2	1	BODY	BODY-P000096-W00001	BODY-P000279-W00002	BODY-P000096-W00001 | BODY-P000279-W00002	Kevoka Spî	1	0	19::1	Spî::2	6	K e v o k a	K	a	Ke	ka		SEMANTIC VALUE UNRESOLVED	INTERPRETATION UNREVIEWED	CORPUS-SCOPE UNREVIEWED	
W000272	kir	kir	kir	1	1	BODY	BODY-P000227-W00020	BODY-P000227-W00020	BODY-P000227-W00020	Bingeha alfabeya Kurdî ya Latînî û kovala mezin a Hawar ku IoreIa zimanî û wêjeyî li Iamê dest pê kir.	0	1	pê::1		3	k i r	k	r	ki	ir		SEMANTIC VALUE UNRESOLVED	INTERPRETATION UNREVIEWED	CORPUS-SCOPE UNREVIEWED	
W000273	kiriye	kiriye	kiriye	1	1	BODY	BODY-P000214-W00015	BODY-P000214-W00015	BODY-P000214-W00015	Iehkera helbesta felsefî û îrfanî ya Kurmancî ku bingeha zimanê wêjeyî yê Kurmancî bihêz kiriye.	0	1	bihêz::1		6	k i r i y e	k	e	ki	ye		SEMANTIC VALUE UNRESOLVED	INTERPRETATION UNREVIEWED	CORPUS-SCOPE UNREVIEWED	
W000274	Klasîk	Klasîk	klasîk	2	1	BODY	BODY-P000002-W00008	BODY-P000204-W00005	BODY-P000002-W00008 | BODY-P000204-W00005	Katalog û Xulaseya Berfireh a 44 Berhemên Klasîk û Nûjen ên Zimanê Kurdî	0	0	Berhemên::1 | Helbesta::1	û::1 | Sala::1	6	K l a s î k	K	k	Kl	îk	klasîk	SEMANTIC VALUE UNRESOLVED	INTERPRETATION UNREVIEWED	CORPUS-SCOPE UNREVIEWED	
W000275	klasîk	klasîk	klasîk	1	1	BODY	BODY-P000205-W00010	BODY-P000205-W00010	BODY-P000205-W00010	Destana evînî û neteweyî ya herî navdar a wêjeya klasîk a Kurmancî. Ehmedê Xanî di vê berhemê de felsefeya	0	0	wêjeya::1	a::1	6	k l a s î k	k	k	kl	îk	Klasîk	SEMANTIC VALUE UNRESOLVED	INTERPRETATION UNREVIEWED	CORPUS-SCOPE UNREVIEWED	
W000276	Kobanê	Kobanê	kobanê	3	1	BODY	BODY-P000181-W00003	BODY-P000368-W00005	BODY-P000181-W00003 | BODY-P000366-W00004 | BODY-P000368-W00005	33 Sêwiyên Kobanê	0	1	Sêwiyên::2 | sînemaya::1	Jan::1 | ya::1	6	K o b a n ê	K	ê	Ko	nê		SEMANTIC VALUE UNRESOLVED	INTERPRETATION UNREVIEWED	CORPUS-SCOPE UNREVIEWED	
W000277	Kobanî	Kobanî	kobanî	3	1	BODY	BODY-P000197-W00001	BODY-P000384-W00010	BODY-P000197-W00001 | BODY-P000382-W00002 | BODY-P000384-W00010	Kobanî	1	1	44::1 | bajarê::1	Jan::1 | di::1	6	K o b a n î	K	î	Ko	nî		SEMANTIC VALUE UNRESOLVED	INTERPRETATION UNREVIEWED	CORPUS-SCOPE UNREVIEWED	
W000278	Koleksiyona	Koleksiyona	koleksiyona	2	1	BODY	BODY-P000281-W00001	BODY-P000297-W00001	BODY-P000281-W00001 | BODY-P000297-W00001	Koleksiyona çîrokan a Firat Cewerî ku li ser rewIa mirovên koçber û sirgûn sekiniye.	2	0		çîrokan::2	11	K o l e k s i y o n a	K	a	Ko	na		SEMANTIC VALUE UNRESOLVED	INTERPRETATION UNREVIEWED	CORPUS-SCOPE UNREVIEWED	
W000279	Komara	Komara	komara	1	1	BODY	BODY-P000326-W00011	BODY-P000326-W00011	BODY-P000326-W00011	Romana dîrokî ya navdar a Jan Dost ku li ser Komara Mahabadê û Qazî Mihemed hatiye nivîsandin.	0	0	ser::1	Mahabadê::1	6	K o m a r a	K	a	Ko	ra		SEMANTIC VALUE UNRESOLVED	INTERPRETATION UNREVIEWED	CORPUS-SCOPE UNREVIEWED	
W000280	KORPUSA	KORPUSA	korpusa	1	1	BODY	BODY-P000001-W00001	BODY-P000001-W00001	BODY-P000001-W00001	KORPUSA PIRTÛK Û ROMANÊN KURMANCÎ (BERIYA 2020'AN)	1	0		PIRTÛK::1	7	K O R P U S A	K	A	KO	SA		SEMANTIC VALUE UNRESOLVED	INTERPRETATION UNREVIEWED	CORPUS-SCOPE UNREVIEWED	
W000281	kovala	kovala	kovala	1	1	BODY	BODY-P000227-W00007	BODY-P000227-W00007	BODY-P000227-W00007	Bingeha alfabeya Kurdî ya Latînî û kovala mezin a Hawar ku IoreIa zimanî û wêjeyî li Iamê dest pê kir.	0	0	û::1	mezin::1	6	k o v a l a	k	a	ko	la		SEMANTIC VALUE UNRESOLVED	INTERPRETATION UNREVIEWED	CORPUS-SCOPE UNREVIEWED	
W000282	koçber	koçber	koçber	1	1	BODY	BODY-P000281-W00011	BODY-P000281-W00011	BODY-P000281-W00011	Koleksiyona çîrokan a Firat Cewerî ku li ser rewIa mirovên koçber û sirgûn sekiniye.	0	0	mirovên::1	û::1	6	k o ç b e r	k	r	ko	er		SEMANTIC VALUE UNRESOLVED	INTERPRETATION UNREVIEWED	CORPUS-SCOPE UNREVIEWED	
W000283	Ku	Ku	ku	2	1	BODY	BODY-P000161-W00002	BODY-P000345-W00003	BODY-P000161-W00002 | BODY-P000345-W00003	Gava Ku Masî Tî Dibin	0	0	Gava::2	Masî::2	2	K u	K	u	Ku	Ku	ku	SEMANTIC VALUE UNRESOLVED	INTERPRETATION UNREVIEWED	CORPUS-SCOPE UNREVIEWED	
W000284	ku	ku	ku	28	1	BODY	BODY-P000210-W00006	BODY-P000380-W00006	BODY-P000210-W00006 | BODY-P000214-W00008 | BODY-P000218-W00011 | BODY-P000222-W00003 | BODY-P000227-W00011 | BODY-P000231-W00005 | BODY-P000240-W00005 | BODY-P000244-W00009 | BODY-P000252-W00008 | BODY-P000256-W00006 | BODY-P000264-W00008 | BODY-P000269-W00003	Berhema navdar a Feqiyê Teyran ku li ser mijarên evînî, olî û felsefî hatiye hûnandin.	0	0	Yûsiv::3 | Cewerî::3 | civakî::2 | a::2 | Uzun::2 | Metê::2 | Dost::2 | Teyran::1 | Kurmancî::1 | de::1 | romana::1 | Hawar::1	li::9 | bingeha::2 | bi::2 | qala::2 | zimanê::2 | gelek::1 | IoreIa::1 | tije::1 | balê::1 | jiyan::1 | Iêwazek::1 | rexneyên::1	2	k u	k	u	ku	ku	Ku	SEMANTIC VALUE UNRESOLVED	INTERPRETATION UNREVIEWED	CORPUS-SCOPE UNREVIEWED	
W000285	Kurd	Kurd	kurd	5	1	BODY	BODY-P000206-W00005	BODY-P000372-W00012	BODY-P000206-W00005 | BODY-P000244-W00015 | BODY-P000285-W00009 | BODY-P000359-W00014 | BODY-P000372-W00012	hebûn û hevrêziya neteweya Kurd honaye.	0	0	neteweya::1 | gundiyên::1 | ciwanên::1 | mirovê::1 | û::1	de::2 | honaye::1 | dike::1 | sekiniye::1	4	K u r d	K	d	Ku	rd		SEMANTIC VALUE UNRESOLVED	INTERPRETATION UNREVIEWED	CORPUS-SCOPE UNREVIEWED	
W000286	Kurdan	Kurdan	kurdan	1	1	BODY	BODY-P000240-W00016	BODY-P000240-W00016	BODY-P000240-W00016	Romana dîrokî û civakî ku balê dikiIîne ser rola jinê û tevgera civakî di nav Kurdan de.	0	0	nav::1	de::1	6	K u r d a n	K	n	Ku	an		SEMANTIC VALUE UNRESOLVED	INTERPRETATION UNREVIEWED	CORPUS-SCOPE UNREVIEWED	
W000287	Kurdistanê	Kurdistanê	kurdistanê	1	1	BODY	BODY-P000314-W00012	BODY-P000314-W00012	BODY-P000314-W00012	Romana berçav a Helîm Yûsiv ku li ser jiyana Kurdên Rojavayê Kurdistanê sekiniye.	0	0	Rojavayê::1	sekiniye::1	10	K u r d i s t a n ê	K	ê	Ku	nê		SEMANTIC VALUE UNRESOLVED	INTERPRETATION UNREVIEWED	CORPUS-SCOPE UNREVIEWED	
W000288	Kurdên	Kurdên	kurdên	4	1	BODY	BODY-P000218-W00008	BODY-P000314-W00010	BODY-P000218-W00008 | BODY-P000222-W00016 | BODY-P000252-W00012 | BODY-P000314-W00010	Mewlûda herî navdar û belavbûyî di nava Kurdên Kurmanc de ku gelek sedsalan hatiye xwendin.	0	1	nava::1 | civaka::1 | çanda::1 | jiyana::1	Kurmanc::1 | Qafqasyayê::1 | Rojavayê::1	6	K u r d ê n	K	n	Ku	ên		SEMANTIC VALUE UNRESOLVED	INTERPRETATION UNREVIEWED	CORPUS-SCOPE UNREVIEWED	
W000289	Kurdî	Kurdî	kurdî	4	1	BODY	BODY-P000002-W00013	BODY-P000335-W00011	BODY-P000002-W00013 | BODY-P000222-W00006 | BODY-P000227-W00003 | BODY-P000335-W00011	Katalog û Xulaseya Berfireh a 44 Berhemên Klasîk û Nûjen ên Zimanê Kurdî	0	1	Zimanê::1 | zimanê::1 | alfabeya::1 | ronakbîriya::1	Kurmancî::1 | ya::1 | nîIan::1	5	K u r d î	K	î	Ku	dî		SEMANTIC VALUE UNRESOLVED	INTERPRETATION UNREVIEWED	CORPUS-SCOPE UNREVIEWED	
W000290	Kurmanc	Kurmanc	kurmanc	1	1	BODY	BODY-P000218-W00009	BODY-P000218-W00009	BODY-P000218-W00009	Mewlûda herî navdar û belavbûyî di nava Kurdên Kurmanc de ku gelek sedsalan hatiye xwendin.	0	0	Kurdên::1	de::1	7	K u r m a n c	K	c	Ku	nc		SEMANTIC VALUE UNRESOLVED	INTERPRETATION UNREVIEWED	CORPUS-SCOPE UNREVIEWED	
W000291	Kurmanca	Kurmanca	kurmanca	2	1	BODY	BODY-P000035-W00002	BODY-P000220-W00003	BODY-P000035-W00002 | BODY-P000220-W00003	Iivanê Kurmanca	0	1	Iivanê::2	Erebê::1	8	K u r m a n c a	K	a	Ku	ca		SEMANTIC VALUE UNRESOLVED	INTERPRETATION UNREVIEWED	CORPUS-SCOPE UNREVIEWED	
W000292	KURMANCÎ	KURMANCÎ	kurmancî	3	1	BODY	BODY-P000001-W00005	BODY-P000201-W00005	BODY-P000001-W00005 | BODY-P000008-W00005 | BODY-P000201-W00005	KORPUSA PIRTÛK Û ROMANÊN KURMANCÎ (BERIYA 2020'AN)	0	0	ROMANÊN::1 | PIRTÛKÊN::1 | BERHEMÊN::1	BERIYA::3	8	K U R M A N C Î	K	Î	KU	CÎ	Kurmancî	SEMANTIC VALUE UNRESOLVED	INTERPRETATION UNREVIEWED	CORPUS-SCOPE UNREVIEWED	
W000293	Kurmancî	Kurmancî	kurmancî	11	1	BODY	BODY-P000010-W00010	BODY-P000376-W00007	BODY-P000010-W00010 | BODY-P000030-W00002 | BODY-P000205-W00012 | BODY-P000214-W00007 | BODY-P000214-W00013 | BODY-P000216-W00003 | BODY-P000221-W00005 | BODY-P000222-W00007 | BODY-P000256-W00013 | BODY-P000273-W00016 | BODY-P000376-W00007	Katalog Û Xulaseya Berfireh A 44 Pirtûk Û Romanên Kurmancî Yên Beriya Sala 2020an	0	2	Mewlûda::2 | Romanên::1 | a::1 | ya::1 | yê::1 | Romana::1 | Kurdî::1 | romana::1 | wêjeya::1 | zimanê::1	Yên::1 | Ehmedê::1 | ku::1 | bihêz::1 | Mela::1 | Sala::1 | li::1 | danî::1 | yê::1	8	K u r m a n c î	K	î	Ku	cî	KURMANCÎ	SEMANTIC VALUE UNRESOLVED	INTERPRETATION UNREVIEWED	CORPUS-SCOPE UNREVIEWED	
W000294	Kurteçîrok	Kurteçîrok	kurteçîrok	1	1	BODY	BODY-P000259-W00003	BODY-P000259-W00003	BODY-P000259-W00003	Cinsê Berhemê: Kurteçîrok | Sala Çapê: 1986	0	0	Berhemê::1	Sala::1	10	K u r t e ç î r o k	K	k	Ku	ok		SEMANTIC VALUE UNRESOLVED	INTERPRETATION UNREVIEWED	CORPUS-SCOPE UNREVIEWED	
W000295	kûr	kûr	kûr	5	1	BODY	BODY-P000264-W00002	BODY-P000368-W00011	BODY-P000264-W00002 | BODY-P000289-W00012 | BODY-P000330-W00002 | BODY-P000339-W00002 | BODY-P000368-W00011	Romana kûr û felsefî ya Mehmed Uzun ku li ser bîranîn, ronakbîrî û xeyalên serdema nûjen sekiniye.	0	0	Romana::3 | zimana::1 | pirtûkeke::1	û::1 | naskirî::1 | a::1 | ku::1 | de::1	3	k û r	k	r	kû	ûr		SEMANTIC VALUE UNRESOLVED	INTERPRETATION UNREVIEWED	CORPUS-SCOPE UNREVIEWED	
W000296	Labîrenta	Labîrenta	labîrenta	2	1	BODY	BODY-P000105-W00001	BODY-P000287-W00002	BODY-P000105-W00001 | BODY-P000287-W00002	Labîrenta Jinên Windabûyî	1	0	21::1	Jinên::2	9	L a b î r e n t a	L	a	La	ta		SEMANTIC VALUE UNRESOLVED	INTERPRETATION UNREVIEWED	CORPUS-SCOPE UNREVIEWED	
W000297	Latînî	Latînî	latînî	1	1	BODY	BODY-P000227-W00005	BODY-P000227-W00005	BODY-P000227-W00005	Bingeha alfabeya Kurdî ya Latînî û kovala mezin a Hawar ku IoreIa zimanî û wêjeyî li Iamê dest pê kir.	0	0	ya::1	û::1	6	L a t î n î	L	î	La	nî		SEMANTIC VALUE UNRESOLVED	INTERPRETATION UNREVIEWED	CORPUS-SCOPE UNREVIEWED	
W000298	Lehî	Lehî	lehî	2	1	BODY	BODY-P000177-W00001	BODY-P000361-W00002	BODY-P000177-W00001 | BODY-P000361-W00002	Lehî	1	1	39::1	Firat::1	4	L e h î	L	î	Le	hî		SEMANTIC VALUE UNRESOLVED	INTERPRETATION UNREVIEWED	CORPUS-SCOPE UNREVIEWED	
W000299	Lepzêrîn	Lepzêrîn	lepzêrîn	1	1	BODY	BODY-P000248-W00010	BODY-P000248-W00010	BODY-P000248-W00010	Vegotina romana dîrokî ya berxwedana Kela Dimdimê û Emîrxanê Lepzêrîn.	0	1	Emîrxanê::1		8	L e p z ê r î n	L	n	Le	în		SEMANTIC VALUE UNRESOLVED	INTERPRETATION UNREVIEWED	CORPUS-SCOPE UNREVIEWED	
W000300	Li	Li	li	2	1	BODY	BODY-P000121-W00001	BODY-P000304-W00002	BODY-P000121-W00001 | BODY-P000304-W00002	Li Mala Mîr Celadet Alî Bedir-Xan	1	0	25::1	Mala::2	2	L i	L	i	Li	Li	li	SEMANTIC VALUE UNRESOLVED	INTERPRETATION UNREVIEWED	CORPUS-SCOPE UNREVIEWED	
W000301	li	li	li	20	1	BODY	BODY-P000210-W00007	BODY-P000384-W00013	BODY-P000210-W00007 | BODY-P000222-W00008 | BODY-P000227-W00016 | BODY-P000236-W00007 | BODY-P000260-W00010 | BODY-P000264-W00009 | BODY-P000269-W00004 | BODY-P000277-W00003 | BODY-P000281-W00007 | BODY-P000293-W00004 | BODY-P000297-W00003 | BODY-P000310-W00007	Berhema navdar a Feqiyê Teyran ku li ser mijarên evînî, olî û felsefî hatiye hûnandin.	0	0	ku::9 | yên::2 | a::2 | Kurmancî::1 | wêjeyî::1 | dîrokî::1 | çîrokan::1 | Cewerî::1 | Pîran::1 | Ierê::1	ser::15 | Yêrêvanê::1 | Iamê::1 | diyasporayê::1 | ber::1 | dijî::1	2	l i	l	i	li	li	Li	SEMANTIC VALUE UNRESOLVED	INTERPRETATION UNREVIEWED	CORPUS-SCOPE UNREVIEWED	
W000302	lêkolîn	lêkolîn	lêkolîn	1	1	BODY	BODY-P000380-W00013	BODY-P000380-W00013	BODY-P000380-W00013	Pirtûka nûjen a Rênas Jiyan ku zimanê nûjen ê helbest û Ianoyê lêkolîn dike.	0	0	Ianoyê::1	dike::1	7	l ê k o l î n	l	n	lê	în		SEMANTIC VALUE UNRESOLVED	INTERPRETATION UNREVIEWED	CORPUS-SCOPE UNREVIEWED	
W000303	lêkolînê	lêkolînê	lêkolînê	1	1	BODY	BODY-P000306-W00004	BODY-P000306-W00004	BODY-P000306-W00004	Berhema bîranîn û lêkolînê ser Iop û mîrata Celadet Bedirxan.	0	0	û::1	ser::1	8	l ê k o l î n ê	l	ê	lê	nê		SEMANTIC VALUE UNRESOLVED	INTERPRETATION UNREVIEWED	CORPUS-SCOPE UNREVIEWED	
W000304	Mahabadê	Mahabadê	mahabadê	1	1	BODY	BODY-P000326-W00012	BODY-P000326-W00012	BODY-P000326-W00012	Romana dîrokî ya navdar a Jan Dost ku li ser Komara Mahabadê û Qazî Mihemed hatiye nivîsandin.	0	0	Komara::1	û::1	8	M a h a b a d ê	M	ê	Ma	dê		SEMANTIC VALUE UNRESOLVED	INTERPRETATION UNREVIEWED	CORPUS-SCOPE UNREVIEWED	
W000305	Mala	Mala	mala	2	1	BODY	BODY-P000121-W00002	BODY-P000304-W00003	BODY-P000121-W00002 | BODY-P000304-W00003	Li Mala Mîr Celadet Alî Bedir-Xan	0	0	Li::2	Mîr::2	4	M a l a	M	a	Ma	la		SEMANTIC VALUE UNRESOLVED	INTERPRETATION UNREVIEWED	CORPUS-SCOPE UNREVIEWED	
W000306	Malbata	Malbata	malbata	2	1	BODY	BODY-P000133-W00002	BODY-P000316-W00003	BODY-P000133-W00002 | BODY-P000316-W00003	Çîroka Malbata Evdo	0	0	Çîroka::2	Evdo::2	7	M a l b a t a	M	a	Ma	ta	malbata	SEMANTIC VALUE UNRESOLVED	INTERPRETATION UNREVIEWED	CORPUS-SCOPE UNREVIEWED	
W000307	malbata	malbata	malbata	1	1	BODY	BODY-P000293-W00012	BODY-P000293-W00012	BODY-P000293-W00012	Romana mezin a li ser jiyana Mîr Celadet Bedirxan û serboriya malbata Bedirxaniyan.	0	0	serboriya::1	Bedirxaniyan::1	7	m a l b a t a	m	a	ma	ta	Malbata	SEMANTIC VALUE UNRESOLVED	INTERPRETATION UNREVIEWED	CORPUS-SCOPE UNREVIEWED	
W000308	malbatî	malbatî	malbatî	1	1	BODY	BODY-P000318-W00002	BODY-P000318-W00002	BODY-P000318-W00002	Romana malbatî û civakî ku guherînên sedsalekê radixe ber çavan.	0	0	Romana::1	û::1	7	m a l b a t î	m	î	ma	tî		SEMANTIC VALUE UNRESOLVED	INTERPRETATION UNREVIEWED	CORPUS-SCOPE UNREVIEWED	
W000309	Maria	Maria	maria	2	1	BODY	BODY-P000185-W00001	BODY-P000370-W00002	BODY-P000185-W00001 | BODY-P000370-W00002	Maria Melekek Bû	1	0	41::1	Melekek::2	5	M a r i a	M	a	Ma	ia		SEMANTIC VALUE UNRESOLVED	INTERPRETATION UNREVIEWED	CORPUS-SCOPE UNREVIEWED	
W000310	Martînê	Martînê	martînê	2	1	BODY	BODY-P000169-W00001	BODY-P000353-W00002	BODY-P000169-W00001 | BODY-P000353-W00002	Martînê Bextewer	1	0	37::1	Bextewer::2	7	M a r t î n ê	M	ê	Ma	nê		SEMANTIC VALUE UNRESOLVED	INTERPRETATION UNREVIEWED	CORPUS-SCOPE UNREVIEWED	
W000311	masterpîs	masterpîs	masterpîs	1	1	BODY	BODY-P000310-W00002	BODY-P000310-W00002	BODY-P000310-W00002	Romana masterpîs a Mehmed Uzun ku li ser evîn, Ier, trawma û mirovbûnê hatiye nivîsandin.	0	0	Romana::1	a::1	9	m a s t e r p î s	m	s	ma	îs		SEMANTIC VALUE UNRESOLVED	INTERPRETATION UNREVIEWED	CORPUS-SCOPE UNREVIEWED	
W000312	Masî	Masî	masî	2	1	BODY	BODY-P000161-W00003	BODY-P000345-W00004	BODY-P000161-W00003 | BODY-P000345-W00004	Gava Ku Masî Tî Dibin	0	0	Ku::2	Tî::2	4	M a s î	M	î	Ma	sî		SEMANTIC VALUE UNRESOLVED	INTERPRETATION UNREVIEWED	CORPUS-SCOPE UNREVIEWED	
W000313	Mehmed	Mehmed	mehmed	18	1	BODY	BODY-P000073-W00001	BODY-P000322-W00004	BODY-P000073-W00001 | BODY-P000081-W00001 | BODY-P000085-W00001 | BODY-P000093-W00001 | BODY-P000110-W00001 | BODY-P000126-W00001 | BODY-P000138-W00001 | BODY-P000254-W00003 | BODY-P000256-W00003 | BODY-P000262-W00005 | BODY-P000264-W00006 | BODY-P000267-W00004	Mehmed Uzun	7	0	ya::2 | Tu::1 | romana::1 | Rînd::1 | Evînê::1 | Zeynikê::1 | Qederê::1 | Mirinê::1 | a::1 | Berg::1	Uzun::18	6	M e h m e d	M	d	Me	ed		SEMANTIC VALUE UNRESOLVED	INTERPRETATION UNREVIEWED	CORPUS-SCOPE UNREVIEWED	
W000314	Mela	Mela	mela	2	1	BODY	BODY-P000031-W00001	BODY-P000216-W00004	BODY-P000031-W00001 | BODY-P000216-W00004	Mela Huseynê	1	0	Kurmancî::1	Huseynê::2	4	M e l a	M	a	Me	la		SEMANTIC VALUE UNRESOLVED	INTERPRETATION UNREVIEWED	CORPUS-SCOPE UNREVIEWED	
W000315	Melayê	Melayê	melayê	4	1	BODY	BODY-P000025-W00002	BODY-P000212-W00005	BODY-P000025-W00002 | BODY-P000026-W00001 | BODY-P000212-W00003 | BODY-P000212-W00005	Dîwana Melayê Cizîrî	1	0	Dîwana::2 | Cizîrî::1	Cizîrî::4	6	M e l a y ê	M	ê	Me	yê		SEMANTIC VALUE UNRESOLVED	INTERPRETATION UNREVIEWED	CORPUS-SCOPE UNREVIEWED	
W000316	Melekek	Melekek	melekek	2	1	BODY	BODY-P000185-W00002	BODY-P000370-W00003	BODY-P000185-W00002 | BODY-P000370-W00003	Maria Melekek Bû	0	0	Maria::2	Bû::2	7	M e l e k e k	M	k	Me	ek		SEMANTIC VALUE UNRESOLVED	INTERPRETATION UNREVIEWED	CORPUS-SCOPE UNREVIEWED	
W000317	Mem	Mem	mem	2	1	BODY	BODY-P000017-W00001	BODY-P000203-W00002	BODY-P000017-W00001 | BODY-P000203-W00002	Mem û Zîn	1	0	1::1	û::2	3	M e m	M	m	Me	em		SEMANTIC VALUE UNRESOLVED	INTERPRETATION UNREVIEWED	CORPUS-SCOPE UNREVIEWED	
W000318	Memduh	Memduh	memduh	1	1	BODY	BODY-P000269-W00007	BODY-P000269-W00007	BODY-P000269-W00007	Romana dîrokî ku li ser jiyana Memduh Selim Beg û rewIenbîrên civata Xoybûnê hatiye nivîsandin.	0	0	jiyana::1	Selim::1	6	M e m d u h	M	h	Me	uh		SEMANTIC VALUE UNRESOLVED	INTERPRETATION UNREVIEWED	CORPUS-SCOPE UNREVIEWED	
W000319	Metê	Metê	metê	6	1	BODY	BODY-P000106-W00002	BODY-P000335-W00005	BODY-P000106-W00002 | BODY-P000150-W00002 | BODY-P000287-W00006 | BODY-P000289-W00005 | BODY-P000333-W00005 | BODY-P000335-W00005	Hesenê Metê	0	2	Hesenê::6	ku::2 | 1994::1 | 2007::1	4	M e t ê	M	ê	Me	tê		SEMANTIC VALUE UNRESOLVED	INTERPRETATION UNREVIEWED	CORPUS-SCOPE UNREVIEWED	
W000320	Mewlûd	Mewlûd	mewlûd	1	1	BODY	BODY-P000217-W00003	BODY-P000217-W00003	BODY-P000217-W00003	Cinsê Berhemê: Mewlûd / Helbest | Sala Çapê: Sedsala 18an	0	0	Berhemê::1	Helbest::1	6	M e w l û d	M	d	Me	ûd		SEMANTIC VALUE UNRESOLVED	INTERPRETATION UNREVIEWED	CORPUS-SCOPE UNREVIEWED	
W000321	Mewlûda	Mewlûda	mewlûda	3	1	BODY	BODY-P000030-W00001	BODY-P000218-W00001	BODY-P000030-W00001 | BODY-P000216-W00002 | BODY-P000218-W00001	Mewlûda Kurmancî	2	0	4::1	Kurmancî::2 | herî::1	7	M e w l û d a	M	a	Me	da		SEMANTIC VALUE UNRESOLVED	INTERPRETATION UNREVIEWED	CORPUS-SCOPE UNREVIEWED	
W000322	mezin	mezin	mezin	5	1	BODY	BODY-P000227-W00008	BODY-P000343-W00011	BODY-P000227-W00008 | BODY-P000236-W00003 | BODY-P000277-W00007 | BODY-P000293-W00002 | BODY-P000343-W00011	Bingeha alfabeya Kurdî ya Latînî û kovala mezin a Hawar ku IoreIa zimanî û wêjeyî li Iamê dest pê kir.	0	0	kovala::1 | xebatkarê::1 | dengbêjê::1 | Romana::1 | helbestvanê::1	a::2 | Osman::1 | Evdalê::1 | Ehmedê::1	5	m e z i n	m	n	me	in		SEMANTIC VALUE UNRESOLVED	INTERPRETATION UNREVIEWED	CORPUS-SCOPE UNREVIEWED	
W000323	Mezopotamya	Mezopotamya	mezopotamya	1	1	BODY	BODY-P000322-W00010	BODY-P000322-W00010	BODY-P000322-W00010	Romana dawî ya Mehmed Uzun a li ser dîroka Mezopotamya, çand û dengbêjiyê.	0	0	dîroka::1	çand::1	11	M e z o p o t a m y a	M	a	Me	ya		SEMANTIC VALUE UNRESOLVED	INTERPRETATION UNREVIEWED	CORPUS-SCOPE UNREVIEWED	
W000324	Mihemed	Mihemed	mihemed	1	1	BODY	BODY-P000326-W00015	BODY-P000326-W00015	BODY-P000326-W00015	Romana dîrokî ya navdar a Jan Dost ku li ser Komara Mahabadê û Qazî Mihemed hatiye nivîsandin.	0	0	Qazî::1	hatiye::1	7	M i h e m e d	M	d	Mi	ed		SEMANTIC VALUE UNRESOLVED	INTERPRETATION UNREVIEWED	CORPUS-SCOPE UNREVIEWED	
W000325	Mijabad	Mijabad	mijabad	2	1	BODY	BODY-P000141-W00001	BODY-P000324-W00002	BODY-P000141-W00001 | BODY-P000324-W00002	Mijabad	1	1	30::1	Jan::1	7	M i j a b a d	M	d	Mi	ad		SEMANTIC VALUE UNRESOLVED	INTERPRETATION UNREVIEWED	CORPUS-SCOPE UNREVIEWED	
W000326	mijarên	mijarên	mijarên	1	1	BODY	BODY-P000210-W00009	BODY-P000210-W00009	BODY-P000210-W00009	Berhema navdar a Feqiyê Teyran ku li ser mijarên evînî, olî û felsefî hatiye hûnandin.	0	0	ser::1	evînî::1	7	m i j a r ê n	m	n	mi	ên		SEMANTIC VALUE UNRESOLVED	INTERPRETATION UNREVIEWED	CORPUS-SCOPE UNREVIEWED	
W000327	Mirina	Mirina	mirina	2	1	BODY	BODY-P000080-W00001	BODY-P000262-W00002	BODY-P000080-W00001 | BODY-P000262-W00002	Mirina Kalekî Rînd	1	0	15::1	Kalekî::2	6	M i r i n a	M	a	Mi	na		SEMANTIC VALUE UNRESOLVED	INTERPRETATION UNREVIEWED	CORPUS-SCOPE UNREVIEWED	
W000328	Mirinê	Mirinê	mirinê	2	1	BODY	BODY-P000125-W00006	BODY-P000308-W00007	BODY-P000125-W00006 | BODY-P000308-W00007	Ronî Mîna Evînê, Tarî Mîna Mirinê	0	1	Mîna::2	Mehmed::1	6	M i r i n ê	M	ê	Mi	nê		SEMANTIC VALUE UNRESOLVED	INTERPRETATION UNREVIEWED	CORPUS-SCOPE UNREVIEWED	
W000329	mirovbûnê	mirovbûnê	mirovbûnê	1	1	BODY	BODY-P000310-W00013	BODY-P000310-W00013	BODY-P000310-W00013	Romana masterpîs a Mehmed Uzun ku li ser evîn, Ier, trawma û mirovbûnê hatiye nivîsandin.	0	0	û::1	hatiye::1	9	m i r o v b û n ê	m	ê	mi	nê		SEMANTIC VALUE UNRESOLVED	INTERPRETATION UNREVIEWED	CORPUS-SCOPE UNREVIEWED	
W000330	mirovê	mirovê	mirovê	1	1	BODY	BODY-P000359-W00013	BODY-P000359-W00013	BODY-P000359-W00013	Romana psîkolojîk a Firat Cewerî ku li ser sîxurî, tirs û birînên mirovê Kurd sekiniye.	0	0	birînên::1	Kurd::1	6	m i r o v ê	m	ê	mi	vê		SEMANTIC VALUE UNRESOLVED	INTERPRETATION UNREVIEWED	CORPUS-SCOPE UNREVIEWED	
W000331	mirovên	mirovên	mirovên	1	1	BODY	BODY-P000281-W00010	BODY-P000281-W00010	BODY-P000281-W00010	Koleksiyona çîrokan a Firat Cewerî ku li ser rewIa mirovên koçber û sirgûn sekiniye.	0	0	rewIa::1	koçber::1	7	m i r o v ê n	m	n	mi	ên		SEMANTIC VALUE UNRESOLVED	INTERPRETATION UNREVIEWED	CORPUS-SCOPE UNREVIEWED	
W000332	mirovî	mirovî	mirovî	1	1	BODY	BODY-P000330-W00009	BODY-P000330-W00009	BODY-P000330-W00009	Romana kûr a Firat Cewerî li ser têkiliyên mirovî û penaberiyê.	0	0	têkiliyên::1	û::1	6	m i r o v î	m	î	mi	vî		SEMANTIC VALUE UNRESOLVED	INTERPRETATION UNREVIEWED	CORPUS-SCOPE UNREVIEWED	
W000333	Mirî	Mirî	mirî	2	1	BODY	BODY-P000113-W00001	BODY-P000295-W00002	BODY-P000113-W00001 | BODY-P000295-W00002	Mirî ranazin	1	0	23::1	ranazin::2	4	M i r î	M	î	Mi	rî		SEMANTIC VALUE UNRESOLVED	INTERPRETATION UNREVIEWED	CORPUS-SCOPE UNREVIEWED	
W000334	moderna	moderna	moderna	1	1	BODY	BODY-P000256-W00011	BODY-P000256-W00011	BODY-P000256-W00011	Yekem romana Mehmed Uzun a ku bingeha nûjenbûn û Iêwazxaneya moderna romana Kurmancî danî.	0	0	Iêwazxaneya::1	romana::1	7	m o d e r n a	m	a	mo	na		SEMANTIC VALUE UNRESOLVED	INTERPRETATION UNREVIEWED	CORPUS-SCOPE UNREVIEWED	
W000335	Mêrê	Mêrê	mêrê	2	1	BODY	BODY-P000117-W00001	BODY-P000300-W00002	BODY-P000117-W00001 | BODY-P000300-W00002	Mêrê avis	1	0	24::1	avis::2	4	M ê r ê	M	ê	Mê	rê		SEMANTIC VALUE UNRESOLVED	INTERPRETATION UNREVIEWED	CORPUS-SCOPE UNREVIEWED	
W000336	Mîna	Mîna	mîna	4	1	BODY	BODY-P000125-W00002	BODY-P000308-W00006	BODY-P000125-W00002 | BODY-P000125-W00005 | BODY-P000308-W00003 | BODY-P000308-W00006	Ronî Mîna Evînê, Tarî Mîna Mirinê	0	0	Ronî::2 | Tarî::2	Evînê::2 | Mirinê::2	4	M î n a	M	a	Mî	na		SEMANTIC VALUE UNRESOLVED	INTERPRETATION UNREVIEWED	CORPUS-SCOPE UNREVIEWED	
W000337	Mîr	Mîr	mîr	7	1	BODY	BODY-P000041-W00001	BODY-P000374-W00003	BODY-P000041-W00001 | BODY-P000121-W00003 | BODY-P000189-W00002 | BODY-P000225-W00006 | BODY-P000293-W00007 | BODY-P000304-W00004 | BODY-P000374-W00003	Mîr Celadet Alî	1	1	Mala::2 | Bêdengiya::2 | Hawar::1 | jiyana::1	Celadet::5 | Kawa::1	3	M î r	M	r	Mî	îr		SEMANTIC VALUE UNRESOLVED	INTERPRETATION UNREVIEWED	CORPUS-SCOPE UNREVIEWED	
W000338	mîrata	mîrata	mîrata	1	1	BODY	BODY-P000306-W00008	BODY-P000306-W00008	BODY-P000306-W00008	Berhema bîranîn û lêkolînê ser Iop û mîrata Celadet Bedirxan.	0	0	û::1	Celadet::1	6	m î r a t a	m	a	mî	ta		SEMANTIC VALUE UNRESOLVED	INTERPRETATION UNREVIEWED	CORPUS-SCOPE UNREVIEWED	
W000339	Mîrname	Mîrname	mîrname	2	1	BODY	BODY-P000157-W00001	BODY-P000341-W00002	BODY-P000157-W00001 | BODY-P000341-W00002	Mîrname	1	1	34::1	Jan::1	7	M î r n a m e	M	e	Mî	me		SEMANTIC VALUE UNRESOLVED	INTERPRETATION UNREVIEWED	CORPUS-SCOPE UNREVIEWED	
W000340	nakokiyên	nakokiyên	nakokiyên	1	1	BODY	BODY-P000372-W00004	BODY-P000372-W00004	BODY-P000372-W00004	Romana evînî û nakokiyên çandî yên di nava civakên Ewropî û Kurd de.	0	0	û::1	çandî::1	9	n a k o k i y ê n	n	n	na	ên		SEMANTIC VALUE UNRESOLVED	INTERPRETATION UNREVIEWED	CORPUS-SCOPE UNREVIEWED	
W000341	naskirî	naskirî	naskirî	1	1	BODY	BODY-P000289-W00013	BODY-P000289-W00013	BODY-P000289-W00013	Romana taybet a Hesenê Metê ku bi Iêwaza psîkolojîk û zimana kûr naskirî ye.	0	0	kûr::1	ye::1	7	n a s k i r î	n	î	na	rî		SEMANTIC VALUE UNRESOLVED	INTERPRETATION UNREVIEWED	CORPUS-SCOPE UNREVIEWED	
W000342	nav	nav	nav	2	1	BODY	BODY-P000240-W00015	BODY-P000273-W00014	BODY-P000240-W00015 | BODY-P000273-W00014	Romana dîrokî û civakî ku balê dikiIîne ser rola jinê û tevgera civakî di nav Kurdan de.	0	0	di::1 | anî::1	Kurdan::1 | wêjeya::1	3	n a v	n	v	na	av		SEMANTIC VALUE UNRESOLVED	INTERPRETATION UNREVIEWED	CORPUS-SCOPE UNREVIEWED	
W000343	nava	nava	nava	3	1	BODY	BODY-P000218-W00007	BODY-P000372-W00008	BODY-P000218-W00007 | BODY-P000285-W00012 | BODY-P000372-W00008	Mewlûda herî navdar û belavbûyî di nava Kurdên Kurmanc de ku gelek sedsalan hatiye xwendin.	0	0	di::3	Kurdên::1 | rewIa::1 | civakên::1	4	n a v a	n	a	na	va		SEMANTIC VALUE UNRESOLVED	INTERPRETATION UNREVIEWED	CORPUS-SCOPE UNREVIEWED	
W000344	navbera	navbera	navbera	1	1	BODY	BODY-P000285-W00006	BODY-P000285-W00006	BODY-P000285-W00006	Romana evînî û civakî di navbera du ciwanên Kurd de di nava rewIa Ier û aloz de.	0	0	di::1	du::1	7	n a v b e r a	n	a	na	ra		SEMANTIC VALUE UNRESOLVED	INTERPRETATION UNREVIEWED	CORPUS-SCOPE UNREVIEWED	
W000345	navdar	navdar	navdar	6	1	BODY	BODY-P000205-W00007	BODY-P000326-W00004	BODY-P000205-W00007 | BODY-P000210-W00002 | BODY-P000218-W00003 | BODY-P000244-W00002 | BODY-P000273-W00004 | BODY-P000326-W00004	Destana evînî û neteweyî ya herî navdar a wêjeya klasîk a Kurmancî. Ehmedê Xanî di vê berhemê de felsefeya	0	0	herî::2 | Berhema::1 | Romana::1 | a::1 | ya::1	a::5 | û::1	6	n a v d a r	n	r	na	ar		SEMANTIC VALUE UNRESOLVED	INTERPRETATION UNREVIEWED	CORPUS-SCOPE UNREVIEWED	
W000346	NAVEROK	NAVEROK	naverok	1	1	BODY	BODY-P000201-W00001	BODY-P000201-W00001	BODY-P000201-W00001	NAVEROK Û ANALÎZA BERHEMÊN KURMANCÎ (BERIYA 2020AN)	1	0		Û::1	7	N A V E R O K	N	K	NA	OK		SEMANTIC VALUE UNRESOLVED	INTERPRETATION UNREVIEWED	CORPUS-SCOPE UNREVIEWED	
W000347	Nazê	Nazê	nazê	2	1	BODY	BODY-P000101-W00002	BODY-P000283-W00006	BODY-P000101-W00002 | BODY-P000283-W00006	Bavê Nazê	0	1	Bavê::2	1993::1	4	N a z ê	N	ê	Na	zê		SEMANTIC VALUE UNRESOLVED	INTERPRETATION UNREVIEWED	CORPUS-SCOPE UNREVIEWED	
W000348	Nemir	Nemir	nemir	3	1	BODY	BODY-P000190-W00002	BODY-P000376-W00003	BODY-P000190-W00002 | BODY-P000374-W00005 | BODY-P000376-W00003	Kawa Nemir	0	1	Kawa::3	2014::1 | a::1	5	N e m i r	N	r	Ne	ir	nemir	SEMANTIC VALUE UNRESOLVED	INTERPRETATION UNREVIEWED	CORPUS-SCOPE UNREVIEWED	
W000349	nemir	nemir	nemir	1	1	BODY	BODY-P000231-W00002	BODY-P000231-W00002	BODY-P000231-W00002	Dîwanên nemir ên Cigerxwîn ku tije ye ji helbestên welatparêzî, civakî û IoreIgerî.	0	0	Dîwanên::1	ên::1	5	n e m i r	n	r	ne	ir	Nemir	SEMANTIC VALUE UNRESOLVED	INTERPRETATION UNREVIEWED	CORPUS-SCOPE UNREVIEWED	
W000350	neteweya	neteweya	neteweya	1	1	BODY	BODY-P000206-W00004	BODY-P000206-W00004	BODY-P000206-W00004	hebûn û hevrêziya neteweya Kurd honaye.	0	0	hevrêziya::1	Kurd::1	8	n e t e w e y a	n	a	ne	ya		SEMANTIC VALUE UNRESOLVED	INTERPRETATION UNREVIEWED	CORPUS-SCOPE UNREVIEWED	
W000351	Neteweyî	Neteweyî	neteweyî	1	1	BODY	BODY-P000230-W00004	BODY-P000230-W00004	BODY-P000230-W00004	Cinsê Berhemê: Helbesta Neteweyî | Sala Çapê: 1945-1984	0	0	Helbesta::1	Sala::1	8	N e t e w e y î	N	î	Ne	yî	neteweyî	SEMANTIC VALUE UNRESOLVED	INTERPRETATION UNREVIEWED	CORPUS-SCOPE UNREVIEWED	
W000352	neteweyî	neteweyî	neteweyî	1	1	BODY	BODY-P000205-W00004	BODY-P000205-W00004	BODY-P000205-W00004	Destana evînî û neteweyî ya herî navdar a wêjeya klasîk a Kurmancî. Ehmedê Xanî di vê berhemê de felsefeya	0	0	û::1	ya::1	8	n e t e w e y î	n	î	ne	yî	Neteweyî	SEMANTIC VALUE UNRESOLVED	INTERPRETATION UNREVIEWED	CORPUS-SCOPE UNREVIEWED	
W000353	niItimanî	niItimanî	niitimanî	1	1	BODY	BODY-P000236-W00012	BODY-P000236-W00012	BODY-P000236-W00012	Berhemên xebatkarê mezin Osman Sebrî yên li ser ziman û xebata niItimanî.	0	1	xebata::1		9	n i I t i m a n î	n	î	ni	nî		SEMANTIC VALUE UNRESOLVED	INTERPRETATION UNREVIEWED	CORPUS-SCOPE UNREVIEWED	
W000354	nivîsandin	nivîsandin	nivîsandin	4	1	BODY	BODY-P000269-W00015	BODY-P000343-W00015	BODY-P000269-W00015 | BODY-P000310-W00015 | BODY-P000326-W00017 | BODY-P000343-W00015	Romana dîrokî ku li ser jiyana Memduh Selim Beg û rewIenbîrên civata Xoybûnê hatiye nivîsandin.	0	4	hatiye::4		10	n i v î s a n d i n	n	n	ni	in		SEMANTIC VALUE UNRESOLVED	INTERPRETATION UNREVIEWED	CORPUS-SCOPE UNREVIEWED	
W000355	Nivîskar	Nivîskar	nivîskar	1	1	BODY	BODY-P000014-W00001	BODY-P000014-W00001	BODY-P000014-W00001	Nivîskar	1	1			8	N i v î s k a r	N	r	Ni	ar		SEMANTIC VALUE UNRESOLVED	INTERPRETATION UNREVIEWED	CORPUS-SCOPE UNREVIEWED	
W000356	nîIan	nîIan	nîian	2	1	BODY	BODY-P000335-W00012	BODY-P000363-W00011	BODY-P000335-W00012 | BODY-P000363-W00011	Romana nûjen a Hesenê Metê ku derûnî û pirsgirêkên ronakbîriya Kurdî nîIan dide.	0	0	Kurdî::1 | civakî::1	dide::2	5	n î I a n	n	n	nî	an		SEMANTIC VALUE UNRESOLVED	INTERPRETATION UNREVIEWED	CORPUS-SCOPE UNREVIEWED	
W000357	nû	nû	nû	2	1	BODY	BODY-P000273-W00010	BODY-P000302-W00014	BODY-P000273-W00010 | BODY-P000302-W00014	Pirtûka çîrokan a navdar a Helîm Yûsiv ku Iêwazek nû û surrealîst anî nav wêjeya Kurmancî.	0	0	Iêwazek::2	û::1 | pêIkêI::1	2	n û	n	û	nû	nû		SEMANTIC VALUE UNRESOLVED	INTERPRETATION UNREVIEWED	CORPUS-SCOPE UNREVIEWED	
W000358	Nûjen	Nûjen	nûjen	1	1	BODY	BODY-P000002-W00010	BODY-P000002-W00010	BODY-P000002-W00010	Katalog û Xulaseya Berfireh a 44 Berhemên Klasîk û Nûjen ên Zimanê Kurdî	0	0	û::1	ên::1	5	N û j e n	N	n	Nû	en	nûjen	SEMANTIC VALUE UNRESOLVED	INTERPRETATION UNREVIEWED	CORPUS-SCOPE UNREVIEWED	
W000359	nûjen	nûjen	nûjen	7	1	BODY	BODY-P000264-W00016	BODY-P000380-W00008	BODY-P000264-W00016 | BODY-P000335-W00002 | BODY-P000347-W00002 | BODY-P000347-W00013 | BODY-P000351-W00010 | BODY-P000380-W00002 | BODY-P000380-W00008	Romana kûr û felsefî ya Mehmed Uzun ku li ser bîranîn, ronakbîrî û xeyalên serdema nûjen sekiniye.	0	0	Romana::2 | serdema::1 | Iêwazek::1 | ya::1 | Pirtûka::1 | zimanê::1	a::3 | sekiniye::1 | radixe::1 | de::1 | ê::1	5	n û j e n	n	n	nû	en	Nûjen	SEMANTIC VALUE UNRESOLVED	INTERPRETATION UNREVIEWED	CORPUS-SCOPE UNREVIEWED	
W000360	nûjenbûn	nûjenbûn	nûjenbûn	1	1	BODY	BODY-P000256-W00008	BODY-P000256-W00008	BODY-P000256-W00008	Yekem romana Mehmed Uzun a ku bingeha nûjenbûn û Iêwazxaneya moderna romana Kurmancî danî.	0	0	bingeha::1	û::1	8	n û j e n b û n	n	n	nû	ûn		SEMANTIC VALUE UNRESOLVED	INTERPRETATION UNREVIEWED	CORPUS-SCOPE UNREVIEWED	
W000361	of	of	of	2	1	BODY	BODY-P000004-W00002	BODY-P000011-W00003	BODY-P000004-W00002 | BODY-P000011-W00003	Table of Contents / Pêrist	0	0	Table::2	Contents::2	2	o f	o	f	of	of		SEMANTIC VALUE UNRESOLVED	INTERPRETATION UNREVIEWED	CORPUS-SCOPE UNREVIEWED	
W000362	olî	olî	olî	1	1	BODY	BODY-P000210-W00011	BODY-P000210-W00011	BODY-P000210-W00011	Berhema navdar a Feqiyê Teyran ku li ser mijarên evînî, olî û felsefî hatiye hûnandin.	0	0	evînî::1	û::1	3	o l î	o	î	ol	lî		SEMANTIC VALUE UNRESOLVED	INTERPRETATION UNREVIEWED	CORPUS-SCOPE UNREVIEWED	
W000363	Osman	Osman	osman	3	1	BODY	BODY-P000052-W00001	BODY-P000236-W00004	BODY-P000052-W00001 | BODY-P000234-W00005 | BODY-P000236-W00004	Osman Sebrî	1	0	Apo::1 | mezin::1	Sebrî::3	5	O s m a n	O	n	Os	an		SEMANTIC VALUE UNRESOLVED	INTERPRETATION UNREVIEWED	CORPUS-SCOPE UNREVIEWED	
W000364	Payiza	Payiza	payiza	2	1	BODY	BODY-P000145-W00001	BODY-P000328-W00002	BODY-P000145-W00001 | BODY-P000328-W00002	Payiza Dereng	1	0	31::1	Dereng::2	6	P a y i z a	P	a	Pa	za		SEMANTIC VALUE UNRESOLVED	INTERPRETATION UNREVIEWED	CORPUS-SCOPE UNREVIEWED	
W000365	penaberiyê	penaberiyê	penaberiyê	2	1	BODY	BODY-P000330-W00011	BODY-P000347-W00010	BODY-P000330-W00011 | BODY-P000347-W00010	Romana kûr a Firat Cewerî li ser têkiliyên mirovî û penaberiyê.	0	1	û::1 | tecrubeyên::1	bi::1	10	p e n a b e r i y ê	p	ê	pe	yê		SEMANTIC VALUE UNRESOLVED	INTERPRETATION UNREVIEWED	CORPUS-SCOPE UNREVIEWED	
W000366	pirsgirêkên	pirsgirêkên	pirsgirêkên	1	1	BODY	BODY-P000335-W00009	BODY-P000335-W00009	BODY-P000335-W00009	Romana nûjen a Hesenê Metê ku derûnî û pirsgirêkên ronakbîriya Kurdî nîIan dide.	0	0	û::1	ronakbîriya::1	11	p i r s g i r ê k ê n	p	n	pi	ên		SEMANTIC VALUE UNRESOLVED	INTERPRETATION UNREVIEWED	CORPUS-SCOPE UNREVIEWED	
W000367	PIRTÛK	PIRTÛK	pirtûk	1	1	BODY	BODY-P000001-W00002	BODY-P000001-W00002	BODY-P000001-W00002	KORPUSA PIRTÛK Û ROMANÊN KURMANCÎ (BERIYA 2020'AN)	0	0	KORPUSA::1	Û::1	6	P I R T Û K	P	K	PI	ÛK	Pirtûk	SEMANTIC VALUE UNRESOLVED	INTERPRETATION UNREVIEWED	CORPUS-SCOPE UNREVIEWED	
W000368	Pirtûk	Pirtûk	pirtûk	1	1	BODY	BODY-P000010-W00007	BODY-P000010-W00007	BODY-P000010-W00007	Katalog Û Xulaseya Berfireh A 44 Pirtûk Û Romanên Kurmancî Yên Beriya Sala 2020an	0	0	44::1	Û::1	6	P i r t û k	P	k	Pi	ûk	PIRTÛK	SEMANTIC VALUE UNRESOLVED	INTERPRETATION UNREVIEWED	CORPUS-SCOPE UNREVIEWED	
W000369	Pirtûka	Pirtûka	pirtûka	2	1	BODY	BODY-P000273-W00001	BODY-P000380-W00001	BODY-P000273-W00001 | BODY-P000380-W00001	Pirtûka çîrokan a navdar a Helîm Yûsiv ku Iêwazek nû û surrealîst anî nav wêjeya Kurmancî.	2	0		çîrokan::1 | nûjen::1	7	P i r t û k a	P	a	Pi	ka		SEMANTIC VALUE UNRESOLVED	INTERPRETATION UNREVIEWED	CORPUS-SCOPE UNREVIEWED	
W000370	pirtûkeke	pirtûkeke	pirtûkeke	1	1	BODY	BODY-P000368-W00010	BODY-P000368-W00010	BODY-P000368-W00010	Vegotina trajediya Iewitîna sînemaya Kobanê ya sala 1960an di pirtûkeke kûr de.	0	0	di::1	kûr::1	9	p i r t û k e k e	p	e	pi	ke		SEMANTIC VALUE UNRESOLVED	INTERPRETATION UNREVIEWED	CORPUS-SCOPE UNREVIEWED	
W000371	Pirtûkê	Pirtûkê	pirtûkê	1	1	BODY	BODY-P000013-W00002	BODY-P000013-W00002	BODY-P000013-W00002	Sernavê Pirtûkê	0	1	Sernavê::1		7	P i r t û k ê	P	ê	Pi	kê		SEMANTIC VALUE UNRESOLVED	INTERPRETATION UNREVIEWED	CORPUS-SCOPE UNREVIEWED	
W000372	PIRTÛKÊN	PIRTÛKÊN	pirtûkên	1	1	BODY	BODY-P000008-W00004	BODY-P000008-W00004	BODY-P000008-W00004	ARIÎVA GELÊRÎ A PIRTÛKÊN KURMANCÎ (BERIYA	0	0	A::1	KURMANCÎ::1	8	P I R T Û K Ê N	P	N	PI	ÊN	pirtûkên	SEMANTIC VALUE UNRESOLVED	INTERPRETATION UNREVIEWED	CORPUS-SCOPE UNREVIEWED	
W000373	pirtûkên	pirtûkên	pirtûkên	1	1	BODY	BODY-P000260-W00004	BODY-P000260-W00004	BODY-P000260-W00004	Yek ji yekem pirtûkên çîrokan ên Firat Cewerî yên li diyasporayê (Swêd).	0	0	yekem::1	çîrokan::1	8	p i r t û k ê n	p	n	pi	ên	PIRTÛKÊN	SEMANTIC VALUE UNRESOLVED	INTERPRETATION UNREVIEWED	CORPUS-SCOPE UNREVIEWED	
W000374	psîkolojîk	psîkolojîk	psîkolojîk	2	1	BODY	BODY-P000289-W00009	BODY-P000359-W00002	BODY-P000289-W00009 | BODY-P000359-W00002	Romana taybet a Hesenê Metê ku bi Iêwaza psîkolojîk û zimana kûr naskirî ye.	0	0	Iêwaza::1 | Romana::1	û::1 | a::1	10	p s î k o l o j î k	p	k	ps	îk		SEMANTIC VALUE UNRESOLVED	INTERPRETATION UNREVIEWED	CORPUS-SCOPE UNREVIEWED	
W000375	pê	pê	pê	1	1	BODY	BODY-P000227-W00019	BODY-P000227-W00019	BODY-P000227-W00019	Bingeha alfabeya Kurdî ya Latînî û kovala mezin a Hawar ku IoreIa zimanî û wêjeyî li Iamê dest pê kir.	0	0	dest::1	kir::1	2	p ê	p	ê	pê	pê		SEMANTIC VALUE UNRESOLVED	INTERPRETATION UNREVIEWED	CORPUS-SCOPE UNREVIEWED	
W000376	pêIkêI	pêIkêI	pêikêi	1	1	BODY	BODY-P000302-W00015	BODY-P000302-W00015	BODY-P000302-W00015	Çîrokên taybet ên berhemdar ku rexneyên civakî û siyasî bi tanz û Iêwazek nû pêIkêI dikin.	0	0	nû::1	dikin::1	6	p ê I k ê I	p	I	pê	êI		SEMANTIC VALUE UNRESOLVED	INTERPRETATION UNREVIEWED	CORPUS-SCOPE UNREVIEWED	
W000377	pêlên	pêlên	pêlên	1	1	BODY	BODY-P000363-W00008	BODY-P000363-W00008	BODY-P000363-W00008	Romana Firat Cewerî ku alozî û rabûna pêlên guherîna civakî nîIan dide.	0	0	rabûna::1	guherîna::1	5	p ê l ê n	p	n	pê	ên		SEMANTIC VALUE UNRESOLVED	INTERPRETATION UNREVIEWED	CORPUS-SCOPE UNREVIEWED	
W000378	Pêrist	Pêrist	pêrist	2	1	BODY	BODY-P000004-W00004	BODY-P000011-W00001	BODY-P000004-W00004 | BODY-P000011-W00001	Table of Contents / Pêrist	1	1	Contents::1	Table::1	6	P ê r i s t	P	t	Pê	st		SEMANTIC VALUE UNRESOLVED	INTERPRETATION UNREVIEWED	CORPUS-SCOPE UNREVIEWED	
W000379	Pîran	Pîran	pîran	1	1	BODY	BODY-P000339-W00011	BODY-P000339-W00011	BODY-P000339-W00011	Romana kûr ku qala Ieva dawî ya jiyana Iêx Seîdê Pîran li ber darvekirinê dike.	0	0	Seîdê::1	li::1	5	P î r a n	P	n	Pî	an		SEMANTIC VALUE UNRESOLVED	INTERPRETATION UNREVIEWED	CORPUS-SCOPE UNREVIEWED	
W000380	Qafqasyayê	Qafqasyayê	qafqasyayê	1	1	BODY	BODY-P000252-W00013	BODY-P000252-W00013	BODY-P000252-W00013	Yek ji berhemên dawî yên Erebê Iemo ku jiyan û çanda Kurdên Qafqasyayê analîz dike.	0	0	Kurdên::1	analîz::1	10	Q a f q a s y a y ê	Q	ê	Qa	yê		SEMANTIC VALUE UNRESOLVED	INTERPRETATION UNREVIEWED	CORPUS-SCOPE UNREVIEWED	
W000381	qala	qala	qala	2	1	BODY	BODY-P000244-W00010	BODY-P000339-W00004	BODY-P000244-W00010 | BODY-P000339-W00004	Romana navdar a Erebê Iemo ya serdema Sovyetê ku qala berxwedan û jiyana gundiyên Kurd dike.	0	0	ku::2	berxwedan::1 | Ieva::1	4	q a l a	q	a	qa	la		SEMANTIC VALUE UNRESOLVED	INTERPRETATION UNREVIEWED	CORPUS-SCOPE UNREVIEWED	
W000382	Qazî	Qazî	qazî	1	1	BODY	BODY-P000326-W00014	BODY-P000326-W00014	BODY-P000326-W00014	Romana dîrokî ya navdar a Jan Dost ku li ser Komara Mahabadê û Qazî Mihemed hatiye nivîsandin.	0	0	û::1	Mihemed::1	4	Q a z î	Q	î	Qa	zî		SEMANTIC VALUE UNRESOLVED	INTERPRETATION UNREVIEWED	CORPUS-SCOPE UNREVIEWED	
W000383	Qederê	Qederê	qederê	2	1	BODY	BODY-P000109-W00002	BODY-P000291-W00003	BODY-P000109-W00002 | BODY-P000291-W00003	Bîra Qederê	0	1	Bîra::2	Mehmed::1	6	Q e d e r ê	Q	ê	Qe	rê		SEMANTIC VALUE UNRESOLVED	INTERPRETATION UNREVIEWED	CORPUS-SCOPE UNREVIEWED	
W000384	rabûna	rabûna	rabûna	1	1	BODY	BODY-P000363-W00007	BODY-P000363-W00007	BODY-P000363-W00007	Romana Firat Cewerî ku alozî û rabûna pêlên guherîna civakî nîIan dide.	0	0	û::1	pêlên::1	6	r a b û n a	r	a	ra	na		SEMANTIC VALUE UNRESOLVED	INTERPRETATION UNREVIEWED	CORPUS-SCOPE UNREVIEWED	
W000385	radixe	radixe	radixe	4	1	BODY	BODY-P000223-W00003	BODY-P000376-W00010	BODY-P000223-W00003 | BODY-P000318-W00008 | BODY-P000347-W00014 | BODY-P000376-W00010	Yekîtiya Sovyetê radixe ber çavan.	0	0	Sovyetê::1 | sedsalekê::1 | nûjen::1 | dewlemend::1	ber::4	6	r a d i x e	r	e	ra	xe		SEMANTIC VALUE UNRESOLVED	INTERPRETATION UNREVIEWED	CORPUS-SCOPE UNREVIEWED	
W000386	ranazin	ranazin	ranazin	2	1	BODY	BODY-P000113-W00002	BODY-P000295-W00003	BODY-P000113-W00002 | BODY-P000295-W00003	Mirî ranazin	0	1	Mirî::2	Helîm::1	7	r a n a z i n	r	n	ra	in		SEMANTIC VALUE UNRESOLVED	INTERPRETATION UNREVIEWED	CORPUS-SCOPE UNREVIEWED	
W000387	rewIa	rewIa	rewia	2	1	BODY	BODY-P000281-W00009	BODY-P000285-W00013	BODY-P000281-W00009 | BODY-P000285-W00013	Koleksiyona çîrokan a Firat Cewerî ku li ser rewIa mirovên koçber û sirgûn sekiniye.	0	0	ser::1 | nava::1	mirovên::1 | Ier::1	5	r e w I a	r	a	re	Ia		SEMANTIC VALUE UNRESOLVED	INTERPRETATION UNREVIEWED	CORPUS-SCOPE UNREVIEWED	
W000388	rewIenbîrên	rewIenbîrên	rewienbîrên	1	1	BODY	BODY-P000269-W00011	BODY-P000269-W00011	BODY-P000269-W00011	Romana dîrokî ku li ser jiyana Memduh Selim Beg û rewIenbîrên civata Xoybûnê hatiye nivîsandin.	0	0	û::1	civata::1	11	r e w I e n b î r ê n	r	n	re	ên		SEMANTIC VALUE UNRESOLVED	INTERPRETATION UNREVIEWED	CORPUS-SCOPE UNREVIEWED	
W000389	rexneyên	rexneyên	rexneyên	1	1	BODY	BODY-P000302-W00006	BODY-P000302-W00006	BODY-P000302-W00006	Çîrokên taybet ên berhemdar ku rexneyên civakî û siyasî bi tanz û Iêwazek nû pêIkêI dikin.	0	0	ku::1	civakî::1	8	r e x n e y ê n	r	n	re	ên		SEMANTIC VALUE UNRESOLVED	INTERPRETATION UNREVIEWED	CORPUS-SCOPE UNREVIEWED	
W000390	Rojavayê	Rojavayê	rojavayê	1	1	BODY	BODY-P000314-W00011	BODY-P000314-W00011	BODY-P000314-W00011	Romana berçav a Helîm Yûsiv ku li ser jiyana Kurdên Rojavayê Kurdistanê sekiniye.	0	0	Kurdên::1	Kurdistanê::1	8	R o j a v a y ê	R	ê	Ro	yê		SEMANTIC VALUE UNRESOLVED	INTERPRETATION UNREVIEWED	CORPUS-SCOPE UNREVIEWED	
W000391	Rojek	Rojek	rojek	2	1	BODY	BODY-P000092-W00001	BODY-P000275-W00002	BODY-P000092-W00001 | BODY-P000275-W00002	Rojek ji Rojên Evdalê Zeynikê	1	0	18::1	ji::2	5	R o j e k	R	k	Ro	ek		SEMANTIC VALUE UNRESOLVED	INTERPRETATION UNREVIEWED	CORPUS-SCOPE UNREVIEWED	
W000392	Rojnamegerî	Rojnamegerî	rojnamegerî	1	1	BODY	BODY-P000226-W00005	BODY-P000226-W00005	BODY-P000226-W00005	Cinsê Berhemê: Ziman û Rojnamegerî | Sala Çapê: 1932	0	0	û::1	Sala::1	11	R o j n a m e g e r î	R	î	Ro	rî		SEMANTIC VALUE UNRESOLVED	INTERPRETATION UNREVIEWED	CORPUS-SCOPE UNREVIEWED	
W000393	Rojên	Rojên	rojên	4	1	BODY	BODY-P000088-W00002	BODY-P000275-W00004	BODY-P000088-W00002 | BODY-P000092-W00003 | BODY-P000271-W00003 | BODY-P000275-W00004	Ji Rojên Evdila Efendî	0	0	Ji::2 | ji::2	Evdila::2 | Evdalê::2	5	R o j ê n	R	n	Ro	ên		SEMANTIC VALUE UNRESOLVED	INTERPRETATION UNREVIEWED	CORPUS-SCOPE UNREVIEWED	
W000394	rola	rola	rola	1	1	BODY	BODY-P000240-W00009	BODY-P000240-W00009	BODY-P000240-W00009	Romana dîrokî û civakî ku balê dikiIîne ser rola jinê û tevgera civakî di nav Kurdan de.	0	0	ser::1	jinê::1	4	r o l a	r	a	ro	la		SEMANTIC VALUE UNRESOLVED	INTERPRETATION UNREVIEWED	CORPUS-SCOPE UNREVIEWED	
W000395	Roman	Roman	roman	18	1	BODY	BODY-P000239-W00003	BODY-P000375-W00003	BODY-P000239-W00003 | BODY-P000243-W00003 | BODY-P000251-W00003 | BODY-P000255-W00003 | BODY-P000263-W00003 | BODY-P000284-W00003 | BODY-P000288-W00003 | BODY-P000309-W00003 | BODY-P000313-W00003 | BODY-P000317-W00003 | BODY-P000329-W00003 | BODY-P000334-W00003	Cinsê Berhemê: Roman | Sala Çapê: 1959	0	0	Berhemê::18	Sala::17 | Helbest::1	5	R o m a n	R	n	Ro	an		SEMANTIC VALUE UNRESOLVED	INTERPRETATION UNREVIEWED	CORPUS-SCOPE UNREVIEWED	
W000396	Romana	Romana	romana	35	1	BODY	BODY-P000221-W00004	BODY-P000384-W00001	BODY-P000221-W00004 | BODY-P000240-W00001 | BODY-P000244-W00001 | BODY-P000247-W00003 | BODY-P000264-W00001 | BODY-P000268-W00003 | BODY-P000269-W00001 | BODY-P000276-W00003 | BODY-P000277-W00001 | BODY-P000285-W00001 | BODY-P000289-W00001 | BODY-P000292-W00003	Cinsê Berhemê: Yekem Romana Kurmancî | Sala Çapê: 1930	23	0	Berhemê::11 | Yekem::1	Dîrokî::11 | dîrokî::5 | kûr::3 | evînî::2 | nûjen::2 | Jan::2 | Kurmancî::1 | navdar::1 | taybet::1 | mezin::1 | masterpîs::1 | berçav::1	6	R o m a n a	R	a	Ro	na	romana	SEMANTIC VALUE UNRESOLVED	INTERPRETATION UNREVIEWED	CORPUS-SCOPE UNREVIEWED	
W000397	romana	romana	romana	5	1	BODY	BODY-P000222-W00002	BODY-P000351-W00007	BODY-P000222-W00002 | BODY-P000248-W00002 | BODY-P000256-W00002 | BODY-P000256-W00012 | BODY-P000351-W00007	Yekem romana ku bi zimanê Kurdî Kurmancî li Yêrêvanê hatiye weIandin. Jiyan û tewangên civaka Kurdên	0	0	Yekem::2 | Vegotina::1 | moderna::1 | Iêwazek::1	dîrokî::2 | ku::1 | Mehmed::1 | Kurmancî::1	6	r o m a n a	r	a	ro	na	Romana	SEMANTIC VALUE UNRESOLVED	INTERPRETATION UNREVIEWED	CORPUS-SCOPE UNREVIEWED	
W000398	ROMANÊN	ROMANÊN	romanên	1	1	BODY	BODY-P000001-W00004	BODY-P000001-W00004	BODY-P000001-W00004	KORPUSA PIRTÛK Û ROMANÊN KURMANCÎ (BERIYA 2020'AN)	0	0	Û::1	KURMANCÎ::1	7	R O M A N Ê N	R	N	RO	ÊN	Romanên	SEMANTIC VALUE UNRESOLVED	INTERPRETATION UNREVIEWED	CORPUS-SCOPE UNREVIEWED	
W000399	Romanên	Romanên	romanên	1	1	BODY	BODY-P000010-W00009	BODY-P000010-W00009	BODY-P000010-W00009	Katalog Û Xulaseya Berfireh A 44 Pirtûk Û Romanên Kurmancî Yên Beriya Sala 2020an	0	0	Û::1	Kurmancî::1	7	R o m a n ê n	R	n	Ro	ên	ROMANÊN	SEMANTIC VALUE UNRESOLVED	INTERPRETATION UNREVIEWED	CORPUS-SCOPE UNREVIEWED	
W000400	ronakbîriya	ronakbîriya	ronakbîriya	1	1	BODY	BODY-P000335-W00010	BODY-P000335-W00010	BODY-P000335-W00010	Romana nûjen a Hesenê Metê ku derûnî û pirsgirêkên ronakbîriya Kurdî nîIan dide.	0	0	pirsgirêkên::1	Kurdî::1	11	r o n a k b î r i y a	r	a	ro	ya		SEMANTIC VALUE UNRESOLVED	INTERPRETATION UNREVIEWED	CORPUS-SCOPE UNREVIEWED	
W000401	ronakbîrî	ronakbîrî	ronakbîrî	1	1	BODY	BODY-P000264-W00012	BODY-P000264-W00012	BODY-P000264-W00012	Romana kûr û felsefî ya Mehmed Uzun ku li ser bîranîn, ronakbîrî û xeyalên serdema nûjen sekiniye.	0	0	bîranîn::1	û::1	9	r o n a k b î r î	r	î	ro	rî		SEMANTIC VALUE UNRESOLVED	INTERPRETATION UNREVIEWED	CORPUS-SCOPE UNREVIEWED	
W000402	Ronî	Ronî	ronî	2	1	BODY	BODY-P000125-W00001	BODY-P000308-W00002	BODY-P000125-W00001 | BODY-P000308-W00002	Ronî Mîna Evînê, Tarî Mîna Mirinê	1	0	26::1	Mîna::2	4	R o n î	R	î	Ro	nî		SEMANTIC VALUE UNRESOLVED	INTERPRETATION UNREVIEWED	CORPUS-SCOPE UNREVIEWED	
W000403	Rênas	Rênas	rênas	3	1	BODY	BODY-P000194-W00001	BODY-P000380-W00004	BODY-P000194-W00001 | BODY-P000378-W00004 | BODY-P000380-W00004	Rênas Jiyan	1	0	Evîndaran::1 | a::1	Jiyan::3	5	R ê n a s	R	s	Rê	as		SEMANTIC VALUE UNRESOLVED	INTERPRETATION UNREVIEWED	CORPUS-SCOPE UNREVIEWED	
W000404	Rînd	Rînd	rînd	2	1	BODY	BODY-P000080-W00003	BODY-P000262-W00004	BODY-P000080-W00003 | BODY-P000262-W00004	Mirina Kalekî Rînd	0	1	Kalekî::2	Mehmed::1	4	R î n d	R	d	Rî	nd		SEMANTIC VALUE UNRESOLVED	INTERPRETATION UNREVIEWED	CORPUS-SCOPE UNREVIEWED	
W000405	Rûpel	Rûpel	rûpel	8	1	BODY	BODY-P000103-W00001	BODY-P000385-W00001	BODY-P000103-W00001 | BODY-P000200-W00001 | BODY-P000232-W00001 | BODY-P000265-W00001 | BODY-P000298-W00001 | BODY-P000331-W00001 | BODY-P000364-W00001 | BODY-P000385-W00001	Rûpel 1 ji 8	8	0		1::1 | 2::1 | 3::1 | 4::1 | 5::1 | 6::1 | 7::1 | 8::1	5	R û p e l	R	l	Rû	el		SEMANTIC VALUE UNRESOLVED	INTERPRETATION UNREVIEWED	CORPUS-SCOPE UNREVIEWED	
W000406	Sal	Sal	sal	1	1	BODY	BODY-P000015-W00001	BODY-P000015-W00001	BODY-P000015-W00001	Sal	1	1			3	S a l	S	l	Sa	al		SEMANTIC VALUE UNRESOLVED	INTERPRETATION UNREVIEWED	CORPUS-SCOPE UNREVIEWED	
W000407	Sala	Sala	sala	45	1	BODY	BODY-P000010-W00013	BODY-P000383-W00005	BODY-P000010-W00013 | BODY-P000204-W00006 | BODY-P000209-W00005 | BODY-P000213-W00005 | BODY-P000217-W00005 | BODY-P000221-W00006 | BODY-P000226-W00006 | BODY-P000230-W00005 | BODY-P000235-W00006 | BODY-P000239-W00004 | BODY-P000243-W00004 | BODY-P000247-W00005	Katalog Û Xulaseya Berfireh A 44 Pirtûk Û Romanên Kurmancî Yên Beriya Sala 2020an	0	0	Roman::17 | Dîrokî::11 | Helbest::5 | Çîrok::4 | Beriya::1 | Klasîk::1 | Kurmancî::1 | Rojnamegerî::1 | Neteweyî::1 | Kurteçîrok::1 | Bîranîn::1 | Wêjeyî::1	Çapê::44 | 2020an::1	4	S a l a	S	a	Sa	la	sala	SEMANTIC VALUE UNRESOLVED	INTERPRETATION UNREVIEWED	CORPUS-SCOPE UNREVIEWED	
W000408	sala	sala	sala	1	1	BODY	BODY-P000368-W00007	BODY-P000368-W00007	BODY-P000368-W00007	Vegotina trajediya Iewitîna sînemaya Kobanê ya sala 1960an di pirtûkeke kûr de.	0	0	ya::1	1960an::1	4	s a l a	s	a	sa	la	Sala	SEMANTIC VALUE UNRESOLVED	INTERPRETATION UNREVIEWED	CORPUS-SCOPE UNREVIEWED	
W000409	Sebrî	Sebrî	sebrî	3	1	BODY	BODY-P000052-W00002	BODY-P000236-W00005	BODY-P000052-W00002 | BODY-P000234-W00006 | BODY-P000236-W00005	Osman Sebrî	0	1	Osman::3	1956::1 | yên::1	5	S e b r î	S	î	Se	rî		SEMANTIC VALUE UNRESOLVED	INTERPRETATION UNREVIEWED	CORPUS-SCOPE UNREVIEWED	
W000410	Sedsala	Sedsala	sedsala	9	1	BODY	BODY-P000023-W00001	BODY-P000217-W00007	BODY-P000023-W00001 | BODY-P000027-W00001 | BODY-P000033-W00001 | BODY-P000208-W00005 | BODY-P000209-W00007 | BODY-P000212-W00007 | BODY-P000213-W00007 | BODY-P000216-W00007 | BODY-P000217-W00007	Sedsala 17an	3	1	Çapê::3 | Teyran::1 | Cizîrî::1 | Bateyî::1	17an::3 | 18an::3 | 16an-17an::2	7	S e d s a l a	S	a	Se	la		SEMANTIC VALUE UNRESOLVED	INTERPRETATION UNREVIEWED	CORPUS-SCOPE UNREVIEWED	
W000411	sedsalan	sedsalan	sedsalan	1	1	BODY	BODY-P000218-W00013	BODY-P000218-W00013	BODY-P000218-W00013	Mewlûda herî navdar û belavbûyî di nava Kurdên Kurmanc de ku gelek sedsalan hatiye xwendin.	0	0	gelek::1	hatiye::1	8	s e d s a l a n	s	n	se	an		SEMANTIC VALUE UNRESOLVED	INTERPRETATION UNREVIEWED	CORPUS-SCOPE UNREVIEWED	
W000412	sedsalekê	sedsalekê	sedsalekê	1	1	BODY	BODY-P000318-W00007	BODY-P000318-W00007	BODY-P000318-W00007	Romana malbatî û civakî ku guherînên sedsalekê radixe ber çavan.	0	0	guherînên::1	radixe::1	9	s e d s a l e k ê	s	ê	se	kê		SEMANTIC VALUE UNRESOLVED	INTERPRETATION UNREVIEWED	CORPUS-SCOPE UNREVIEWED	
W000413	sekiniye	sekiniye	sekiniye	4	1	BODY	BODY-P000264-W00017	BODY-P000359-W00015	BODY-P000264-W00017 | BODY-P000281-W00014 | BODY-P000314-W00013 | BODY-P000359-W00015	Romana kûr û felsefî ya Mehmed Uzun ku li ser bîranîn, ronakbîrî û xeyalên serdema nûjen sekiniye.	0	4	nûjen::1 | sirgûn::1 | Kurdistanê::1 | Kurd::1		8	s e k i n i y e	s	e	se	ye		SEMANTIC VALUE UNRESOLVED	INTERPRETATION UNREVIEWED	CORPUS-SCOPE UNREVIEWED	
W000414	Selim	Selim	selim	1	1	BODY	BODY-P000269-W00008	BODY-P000269-W00008	BODY-P000269-W00008	Romana dîrokî ku li ser jiyana Memduh Selim Beg û rewIenbîrên civata Xoybûnê hatiye nivîsandin.	0	0	Memduh::1	Beg::1	5	S e l i m	S	m	Se	im		SEMANTIC VALUE UNRESOLVED	INTERPRETATION UNREVIEWED	CORPUS-SCOPE UNREVIEWED	
W000415	ser	ser	ser	19	1	BODY	BODY-P000210-W00008	BODY-P000384-W00005	BODY-P000210-W00008 | BODY-P000236-W00008 | BODY-P000240-W00008 | BODY-P000264-W00010 | BODY-P000269-W00005 | BODY-P000277-W00004 | BODY-P000281-W00008 | BODY-P000293-W00005 | BODY-P000297-W00004 | BODY-P000306-W00005 | BODY-P000310-W00008 | BODY-P000314-W00008	Berhema navdar a Feqiyê Teyran ku li ser mijarên evînî, olî û felsefî hatiye hûnandin.	0	0	li::15 | a::2 | dikiIîne::1 | lêkolînê::1	jiyana::5 | mijarên::1 | ziman::1 | rola::1 | bîranîn::1 | rewIa::1 | birîn::1 | Iop::1 | evîn::1 | dîroka::1 | Komara::1 | têkiliyên::1	3	s e r	s	r	se	er		SEMANTIC VALUE UNRESOLVED	INTERPRETATION UNREVIEWED	CORPUS-SCOPE UNREVIEWED	
W000416	serboriya	serboriya	serboriya	1	1	BODY	BODY-P000293-W00011	BODY-P000293-W00011	BODY-P000293-W00011	Romana mezin a li ser jiyana Mîr Celadet Bedirxan û serboriya malbata Bedirxaniyan.	0	0	û::1	malbata::1	9	s e r b o r i y a	s	a	se	ya		SEMANTIC VALUE UNRESOLVED	INTERPRETATION UNREVIEWED	CORPUS-SCOPE UNREVIEWED	
W000417	serdema	serdema	serdema	3	1	BODY	BODY-P000244-W00007	BODY-P000351-W00002	BODY-P000244-W00007 | BODY-P000264-W00015 | BODY-P000351-W00002	Romana navdar a Erebê Iemo ya serdema Sovyetê ku qala berxwedan û jiyana gundiyên Kurd dike.	0	0	ya::1 | xeyalên::1 | Vegotina::1	Sovyetê::1 | nûjen::1 | berxwedana::1	7	s e r d e m a	s	a	se	ma		SEMANTIC VALUE UNRESOLVED	INTERPRETATION UNREVIEWED	CORPUS-SCOPE UNREVIEWED	
W000418	Sernavê	Sernavê	sernavê	1	1	BODY	BODY-P000013-W00001	BODY-P000013-W00001	BODY-P000013-W00001	Sernavê Pirtûkê	1	0		Pirtûkê::1	7	S e r n a v ê	S	ê	Se	vê		SEMANTIC VALUE UNRESOLVED	INTERPRETATION UNREVIEWED	CORPUS-SCOPE UNREVIEWED	
W000419	Seîdê	Seîdê	seîdê	1	1	BODY	BODY-P000339-W00010	BODY-P000339-W00010	BODY-P000339-W00010	Romana kûr ku qala Ieva dawî ya jiyana Iêx Seîdê Pîran li ber darvekirinê dike.	0	0	Iêx::1	Pîran::1	5	S e î d ê	S	ê	Se	dê		SEMANTIC VALUE UNRESOLVED	INTERPRETATION UNREVIEWED	CORPUS-SCOPE UNREVIEWED	
W000420	sirgûn	sirgûn	sirgûn	1	1	BODY	BODY-P000281-W00013	BODY-P000281-W00013	BODY-P000281-W00013	Koleksiyona çîrokan a Firat Cewerî ku li ser rewIa mirovên koçber û sirgûn sekiniye.	0	0	û::1	sekiniye::1	6	s i r g û n	s	n	si	ûn		SEMANTIC VALUE UNRESOLVED	INTERPRETATION UNREVIEWED	CORPUS-SCOPE UNREVIEWED	
W000421	Siya	Siya	siya	2	1	BODY	BODY-P000084-W00001	BODY-P000267-W00002	BODY-P000084-W00001 | BODY-P000267-W00002	Siya Evînê	1	0	16::1	Evînê::2	4	S i y a	S	a	Si	ya		SEMANTIC VALUE UNRESOLVED	INTERPRETATION UNREVIEWED	CORPUS-SCOPE UNREVIEWED	
W000422	siyasî	siyasî	siyasî	1	1	BODY	BODY-P000302-W00009	BODY-P000302-W00009	BODY-P000302-W00009	Çîrokên taybet ên berhemdar ku rexneyên civakî û siyasî bi tanz û Iêwazek nû pêIkêI dikin.	0	0	û::1	bi::1	6	s i y a s î	s	î	si	sî		SEMANTIC VALUE UNRESOLVED	INTERPRETATION UNREVIEWED	CORPUS-SCOPE UNREVIEWED	
W000423	Sobarto	Sobarto	sobarto	2	1	BODY	BODY-P000129-W00001	BODY-P000312-W00002	BODY-P000129-W00001 | BODY-P000312-W00002	Sobarto	1	1	27::1	Helîm::1	7	S o b a r t o	S	o	So	to		SEMANTIC VALUE UNRESOLVED	INTERPRETATION UNREVIEWED	CORPUS-SCOPE UNREVIEWED	
W000424	Sovyetê	Sovyetê	sovyetê	2	1	BODY	BODY-P000223-W00002	BODY-P000244-W00008	BODY-P000223-W00002 | BODY-P000244-W00008	Yekîtiya Sovyetê radixe ber çavan.	0	0	Yekîtiya::1 | serdema::1	radixe::1 | ku::1	7	S o v y e t ê	S	ê	So	tê		SEMANTIC VALUE UNRESOLVED	INTERPRETATION UNREVIEWED	CORPUS-SCOPE UNREVIEWED	
W000425	Spî	Spî	spî	2	1	BODY	BODY-P000096-W00002	BODY-P000279-W00003	BODY-P000096-W00002 | BODY-P000279-W00003	Kevoka Spî	0	1	Kevoka::2	Firat::1	3	S p î	S	î	Sp	pî		SEMANTIC VALUE UNRESOLVED	INTERPRETATION UNREVIEWED	CORPUS-SCOPE UNREVIEWED	
W000426	surrealîst	surrealîst	surrealîst	1	1	BODY	BODY-P000273-W00012	BODY-P000273-W00012	BODY-P000273-W00012	Pirtûka çîrokan a navdar a Helîm Yûsiv ku Iêwazek nû û surrealîst anî nav wêjeya Kurmancî.	0	0	û::1	anî::1	10	s u r r e a l î s t	s	t	su	st		SEMANTIC VALUE UNRESOLVED	INTERPRETATION UNREVIEWED	CORPUS-SCOPE UNREVIEWED	
W000427	Swêd	Swêd	swêd	1	1	BODY	BODY-P000260-W00012	BODY-P000260-W00012	BODY-P000260-W00012	Yek ji yekem pirtûkên çîrokan ên Firat Cewerî yên li diyasporayê (Swêd).	0	1	diyasporayê::1		4	S w ê d	S	d	Sw	êd		SEMANTIC VALUE UNRESOLVED	INTERPRETATION UNREVIEWED	CORPUS-SCOPE UNREVIEWED	
W000428	Sê	Sê	sê	2	1	BODY	BODY-P000153-W00001	BODY-P000337-W00002	BODY-P000153-W00001 | BODY-P000337-W00002	Sê gav û sê darek	1	0	33::1	gav::2	2	S ê	S	ê	Sê	Sê	sê	SEMANTIC VALUE UNRESOLVED	INTERPRETATION UNREVIEWED	CORPUS-SCOPE UNREVIEWED	
W000429	sê	sê	sê	2	1	BODY	BODY-P000153-W00004	BODY-P000337-W00005	BODY-P000153-W00004 | BODY-P000337-W00005	Sê gav û sê darek	0	0	û::2	darek::2	2	s ê	s	ê	sê	sê	Sê	SEMANTIC VALUE UNRESOLVED	INTERPRETATION UNREVIEWED	CORPUS-SCOPE UNREVIEWED	
W000430	Sêwiyên	Sêwiyên	sêwiyên	2	1	BODY	BODY-P000181-W00002	BODY-P000366-W00003	BODY-P000181-W00002 | BODY-P000366-W00003	33 Sêwiyên Kobanê	0	0	33::2	Kobanê::2	7	S ê w i y ê n	S	n	Sê	ên		SEMANTIC VALUE UNRESOLVED	INTERPRETATION UNREVIEWED	CORPUS-SCOPE UNREVIEWED	
W000431	sînemaya	sînemaya	sînemaya	1	1	BODY	BODY-P000368-W00004	BODY-P000368-W00004	BODY-P000368-W00004	Vegotina trajediya Iewitîna sînemaya Kobanê ya sala 1960an di pirtûkeke kûr de.	0	0	Iewitîna::1	Kobanê::1	8	s î n e m a y a	s	a	sî	ya		SEMANTIC VALUE UNRESOLVED	INTERPRETATION UNREVIEWED	CORPUS-SCOPE UNREVIEWED	
W000432	Sîpan	Sîpan	sîpan	2	1	BODY	BODY-P000100-W00001	BODY-P000283-W00002	BODY-P000100-W00001 | BODY-P000283-W00002	Sîpan û Jîn	1	0	20::1	û::2	5	S î p a n	S	n	Sî	an		SEMANTIC VALUE UNRESOLVED	INTERPRETATION UNREVIEWED	CORPUS-SCOPE UNREVIEWED	
W000433	sîxurî	sîxurî	sîxurî	1	1	BODY	BODY-P000359-W00009	BODY-P000359-W00009	BODY-P000359-W00009	Romana psîkolojîk a Firat Cewerî ku li ser sîxurî, tirs û birînên mirovê Kurd sekiniye.	0	0	ser::1	tirs::1	6	s î x u r î	s	î	sî	rî		SEMANTIC VALUE UNRESOLVED	INTERPRETATION UNREVIEWED	CORPUS-SCOPE UNREVIEWED	
W000434	Table	Table	table	2	1	BODY	BODY-P000004-W00001	BODY-P000011-W00002	BODY-P000004-W00001 | BODY-P000011-W00002	Table of Contents / Pêrist	1	0	Pêrist::1	of::2	5	T a b l e	T	e	Ta	le		SEMANTIC VALUE UNRESOLVED	INTERPRETATION UNREVIEWED	CORPUS-SCOPE UNREVIEWED	
W000435	tanz	tanz	tanz	1	1	BODY	BODY-P000302-W00011	BODY-P000302-W00011	BODY-P000302-W00011	Çîrokên taybet ên berhemdar ku rexneyên civakî û siyasî bi tanz û Iêwazek nû pêIkêI dikin.	0	0	bi::1	û::1	4	t a n z	t	z	ta	nz		SEMANTIC VALUE UNRESOLVED	INTERPRETATION UNREVIEWED	CORPUS-SCOPE UNREVIEWED	
W000436	Tarî	Tarî	tarî	2	1	BODY	BODY-P000125-W00004	BODY-P000308-W00005	BODY-P000125-W00004 | BODY-P000308-W00005	Ronî Mîna Evînê, Tarî Mîna Mirinê	0	0	Evînê::2	Mîna::2	4	T a r î	T	î	Ta	rî		SEMANTIC VALUE UNRESOLVED	INTERPRETATION UNREVIEWED	CORPUS-SCOPE UNREVIEWED	
W000437	taybet	taybet	taybet	2	1	BODY	BODY-P000289-W00002	BODY-P000302-W00002	BODY-P000289-W00002 | BODY-P000302-W00002	Romana taybet a Hesenê Metê ku bi Iêwaza psîkolojîk û zimana kûr naskirî ye.	0	0	Romana::1 | Çîrokên::1	a::1 | ên::1	6	t a y b e t	t	t	ta	et		SEMANTIC VALUE UNRESOLVED	INTERPRETATION UNREVIEWED	CORPUS-SCOPE UNREVIEWED	
W000438	tecrubeyên	tecrubeyên	tecrubeyên	1	1	BODY	BODY-P000347-W00009	BODY-P000347-W00009	BODY-P000347-W00009	Romana nûjen a Helîm Yûsiv ku trawma û tecrubeyên penaberiyê bi Iêwazek nûjen radixe ber çavan.	0	0	û::1	penaberiyê::1	10	t e c r u b e y ê n	t	n	te	ên		SEMANTIC VALUE UNRESOLVED	INTERPRETATION UNREVIEWED	CORPUS-SCOPE UNREVIEWED	
W000439	terorê	terorê	terorê	1	1	BODY	BODY-P000384-W00015	BODY-P000384-W00015	BODY-P000384-W00015	Romana Jan Dost a ser berxwedan û trawma bajarê Kobanî di Ierê li dijî terorê de.	0	0	dijî::1	de::1	6	t e r o r ê	t	ê	te	rê		SEMANTIC VALUE UNRESOLVED	INTERPRETATION UNREVIEWED	CORPUS-SCOPE UNREVIEWED	
W000440	tevgera	tevgera	tevgera	1	1	BODY	BODY-P000240-W00012	BODY-P000240-W00012	BODY-P000240-W00012	Romana dîrokî û civakî ku balê dikiIîne ser rola jinê û tevgera civakî di nav Kurdan de.	0	0	û::1	civakî::1	7	t e v g e r a	t	a	te	ra		SEMANTIC VALUE UNRESOLVED	INTERPRETATION UNREVIEWED	CORPUS-SCOPE UNREVIEWED	
W000441	tewangên	tewangên	tewangên	1	1	BODY	BODY-P000222-W00014	BODY-P000222-W00014	BODY-P000222-W00014	Yekem romana ku bi zimanê Kurdî Kurmancî li Yêrêvanê hatiye weIandin. Jiyan û tewangên civaka Kurdên	0	0	û::1	civaka::1	8	t e w a n g ê n	t	n	te	ên		SEMANTIC VALUE UNRESOLVED	INTERPRETATION UNREVIEWED	CORPUS-SCOPE UNREVIEWED	
W000442	Teyran	Teyran	teyran	3	1	BODY	BODY-P000022-W00002	BODY-P000210-W00005	BODY-P000022-W00002 | BODY-P000208-W00004 | BODY-P000210-W00005	Feqiyê Teyran	0	1	Feqiyê::3	Sedsala::1 | ku::1	6	T e y r a n	T	n	Te	an		SEMANTIC VALUE UNRESOLVED	INTERPRETATION UNREVIEWED	CORPUS-SCOPE UNREVIEWED	
W000443	tije	tije	tije	1	1	BODY	BODY-P000231-W00006	BODY-P000231-W00006	BODY-P000231-W00006	Dîwanên nemir ên Cigerxwîn ku tije ye ji helbestên welatparêzî, civakî û IoreIgerî.	0	0	ku::1	ye::1	4	t i j e	t	e	ti	je		SEMANTIC VALUE UNRESOLVED	INTERPRETATION UNREVIEWED	CORPUS-SCOPE UNREVIEWED	
W000444	tirs	tirs	tirs	1	1	BODY	BODY-P000359-W00010	BODY-P000359-W00010	BODY-P000359-W00010	Romana psîkolojîk a Firat Cewerî ku li ser sîxurî, tirs û birînên mirovê Kurd sekiniye.	0	0	sîxurî::1	û::1	4	t i r s	t	s	ti	rs		SEMANTIC VALUE UNRESOLVED	INTERPRETATION UNREVIEWED	CORPUS-SCOPE UNREVIEWED	
W000445	trajediya	trajediya	trajediya	1	1	BODY	BODY-P000368-W00002	BODY-P000368-W00002	BODY-P000368-W00002	Vegotina trajediya Iewitîna sînemaya Kobanê ya sala 1960an di pirtûkeke kûr de.	0	0	Vegotina::1	Iewitîna::1	9	t r a j e d i y a	t	a	tr	ya		SEMANTIC VALUE UNRESOLVED	INTERPRETATION UNREVIEWED	CORPUS-SCOPE UNREVIEWED	
W000446	trawma	trawma	trawma	3	1	BODY	BODY-P000310-W00011	BODY-P000384-W00008	BODY-P000310-W00011 | BODY-P000347-W00007 | BODY-P000384-W00008	Romana masterpîs a Mehmed Uzun ku li ser evîn, Ier, trawma û mirovbûnê hatiye nivîsandin.	0	0	Ier::1 | ku::1 | û::1	û::2 | bajarê::1	6	t r a w m a	t	a	tr	ma		SEMANTIC VALUE UNRESOLVED	INTERPRETATION UNREVIEWED	CORPUS-SCOPE UNREVIEWED	
W000447	trawmayên	trawmayên	trawmayên	1	1	BODY	BODY-P000297-W00007	BODY-P000297-W00007	BODY-P000297-W00007	Koleksiyona çîrokan li ser birîn û trawmayên Ier û jiyanê.	0	0	û::1	Ier::1	9	t r a w m a y ê n	t	n	tr	ên		SEMANTIC VALUE UNRESOLVED	INTERPRETATION UNREVIEWED	CORPUS-SCOPE UNREVIEWED	
W000448	Tu	Tu	tu	2	1	BODY	BODY-P000072-W00001	BODY-P000254-W00002	BODY-P000072-W00001 | BODY-P000254-W00002	Tu	1	1	13::1	Mehmed::1	2	T u	T	u	Tu	Tu		SEMANTIC VALUE UNRESOLVED	INTERPRETATION UNREVIEWED	CORPUS-SCOPE UNREVIEWED	
W000449	têkiliyên	têkiliyên	têkiliyên	1	1	BODY	BODY-P000330-W00008	BODY-P000330-W00008	BODY-P000330-W00008	Romana kûr a Firat Cewerî li ser têkiliyên mirovî û penaberiyê.	0	0	ser::1	mirovî::1	9	t ê k i l i y ê n	t	n	tê	ên		SEMANTIC VALUE UNRESOLVED	INTERPRETATION UNREVIEWED	CORPUS-SCOPE UNREVIEWED	
W000450	Tî	Tî	tî	2	1	BODY	BODY-P000161-W00004	BODY-P000345-W00005	BODY-P000161-W00004 | BODY-P000345-W00005	Gava Ku Masî Tî Dibin	0	0	Masî::2	Dibin::2	2	T î	T	î	Tî	Tî		SEMANTIC VALUE UNRESOLVED	INTERPRETATION UNREVIEWED	CORPUS-SCOPE UNREVIEWED	
W000451	Uzun	Uzun	uzun	18	1	BODY	BODY-P000073-W00002	BODY-P000322-W00005	BODY-P000073-W00002 | BODY-P000081-W00002 | BODY-P000085-W00002 | BODY-P000093-W00002 | BODY-P000110-W00002 | BODY-P000126-W00002 | BODY-P000138-W00002 | BODY-P000254-W00004 | BODY-P000256-W00004 | BODY-P000262-W00006 | BODY-P000264-W00007 | BODY-P000267-W00005	Mehmed Uzun	0	7	Mehmed::18	a::2 | ku::2 | 1985::1 | 1987::1 | 1989::1 | 1992::1 | 1995::1 | 1998::1 | 2001-2003::1	4	U z u n	U	n	Uz	un		SEMANTIC VALUE UNRESOLVED	INTERPRETATION UNREVIEWED	CORPUS-SCOPE UNREVIEWED	
W000452	Vegotina	Vegotina	vegotina	3	1	BODY	BODY-P000248-W00001	BODY-P000368-W00001	BODY-P000248-W00001 | BODY-P000351-W00001 | BODY-P000368-W00001	Vegotina romana dîrokî ya berxwedana Kela Dimdimê û Emîrxanê Lepzêrîn.	3	0		romana::1 | serdema::1 | trajediya::1	8	V e g o t i n a	V	a	Ve	na		SEMANTIC VALUE UNRESOLVED	INTERPRETATION UNREVIEWED	CORPUS-SCOPE UNREVIEWED	
W000453	vê	vê	vê	1	1	BODY	BODY-P000205-W00016	BODY-P000205-W00016	BODY-P000205-W00016	Destana evînî û neteweyî ya herî navdar a wêjeya klasîk a Kurmancî. Ehmedê Xanî di vê berhemê de felsefeya	0	0	di::1	berhemê::1	2	v ê	v	ê	vê	vê		SEMANTIC VALUE UNRESOLVED	INTERPRETATION UNREVIEWED	CORPUS-SCOPE UNREVIEWED	
W000454	wateya	wateya	wateya	1	1	BODY	BODY-P000355-W00007	BODY-P000355-W00007	BODY-P000355-W00007	Romana Jan Dost a ser azadî, wateya jiyanê û Iopandina xeyalan.	0	0	azadî::1	jiyanê::1	6	w a t e y a	w	a	wa	ya		SEMANTIC VALUE UNRESOLVED	INTERPRETATION UNREVIEWED	CORPUS-SCOPE UNREVIEWED	
W000455	weIandin	weIandin	weiandin	1	1	BODY	BODY-P000222-W00011	BODY-P000222-W00011	BODY-P000222-W00011	Yekem romana ku bi zimanê Kurdî Kurmancî li Yêrêvanê hatiye weIandin. Jiyan û tewangên civaka Kurdên	0	0	hatiye::1	Jiyan::1	8	w e I a n d i n	w	n	we	in		SEMANTIC VALUE UNRESOLVED	INTERPRETATION UNREVIEWED	CORPUS-SCOPE UNREVIEWED	
W000456	welatparêzî	welatparêzî	welatparêzî	1	1	BODY	BODY-P000231-W00010	BODY-P000231-W00010	BODY-P000231-W00010	Dîwanên nemir ên Cigerxwîn ku tije ye ji helbestên welatparêzî, civakî û IoreIgerî.	0	0	helbestên::1	civakî::1	11	w e l a t p a r ê z î	w	î	we	zî		SEMANTIC VALUE UNRESOLVED	INTERPRETATION UNREVIEWED	CORPUS-SCOPE UNREVIEWED	
W000457	Windabûyî	Windabûyî	windabûyî	2	1	BODY	BODY-P000105-W00003	BODY-P000287-W00004	BODY-P000105-W00003 | BODY-P000287-W00004	Labîrenta Jinên Windabûyî	0	1	Jinên::2	Hesenê::1	9	W i n d a b û y î	W	î	Wi	yî		SEMANTIC VALUE UNRESOLVED	INTERPRETATION UNREVIEWED	CORPUS-SCOPE UNREVIEWED	
W000458	wêjeya	wêjeya	wêjeya	2	1	BODY	BODY-P000205-W00009	BODY-P000273-W00015	BODY-P000205-W00009 | BODY-P000273-W00015	Destana evînî û neteweyî ya herî navdar a wêjeya klasîk a Kurmancî. Ehmedê Xanî di vê berhemê de felsefeya	0	0	a::1 | nav::1	klasîk::1 | Kurmancî::1	6	w ê j e y a	w	a	wê	ya		SEMANTIC VALUE UNRESOLVED	INTERPRETATION UNREVIEWED	CORPUS-SCOPE UNREVIEWED	
W000459	Wêjeyî	Wêjeyî	wêjeyî	1	1	BODY	BODY-P000379-W00005	BODY-P000379-W00005	BODY-P000379-W00005	Cinsê Berhemê: Helbest / Ianoya Wêjeyî | Sala Çapê: 2016	0	0	Ianoya::1	Sala::1	6	W ê j e y î	W	î	Wê	yî	wêjeyî	SEMANTIC VALUE UNRESOLVED	INTERPRETATION UNREVIEWED	CORPUS-SCOPE UNREVIEWED	
W000460	wêjeyî	wêjeyî	wêjeyî	2	1	BODY	BODY-P000214-W00011	BODY-P000227-W00015	BODY-P000214-W00011 | BODY-P000227-W00015	Iehkera helbesta felsefî û îrfanî ya Kurmancî ku bingeha zimanê wêjeyî yê Kurmancî bihêz kiriye.	0	0	zimanê::1 | û::1	yê::1 | li::1	6	w ê j e y î	w	î	wê	yî	Wêjeyî	SEMANTIC VALUE UNRESOLVED	INTERPRETATION UNREVIEWED	CORPUS-SCOPE UNREVIEWED	
W000461	Xanimê	Xanimê	xanimê	2	1	BODY	BODY-P000055-W00002	BODY-P000238-W00003	BODY-P000055-W00002 | BODY-P000238-W00003	Xatê Xanimê	0	1	Xatê::2	Eliyê::1	6	X a n i m ê	X	ê	Xa	mê		SEMANTIC VALUE UNRESOLVED	INTERPRETATION UNREVIEWED	CORPUS-SCOPE UNREVIEWED	
W000462	Xanî	Xanî	xanî	4	1	BODY	BODY-P000018-W00002	BODY-P000343-W00013	BODY-P000018-W00002 | BODY-P000203-W00006 | BODY-P000205-W00014 | BODY-P000343-W00013	Ehmedê Xanî	0	1	Ehmedê::4	1692::1 | di::1 | hatiye::1	4	X a n î	X	î	Xa	nî		SEMANTIC VALUE UNRESOLVED	INTERPRETATION UNREVIEWED	CORPUS-SCOPE UNREVIEWED	
W000463	Xatê	Xatê	xatê	2	1	BODY	BODY-P000055-W00001	BODY-P000238-W00002	BODY-P000055-W00001 | BODY-P000238-W00002	Xatê Xanimê	1	0	9::1	Xanimê::2	4	X a t ê	X	ê	Xa	tê		SEMANTIC VALUE UNRESOLVED	INTERPRETATION UNREVIEWED	CORPUS-SCOPE UNREVIEWED	
W000464	xebata	xebata	xebata	1	1	BODY	BODY-P000236-W00011	BODY-P000236-W00011	BODY-P000236-W00011	Berhemên xebatkarê mezin Osman Sebrî yên li ser ziman û xebata niItimanî.	0	0	û::1	niItimanî::1	6	x e b a t a	x	a	xe	ta		SEMANTIC VALUE UNRESOLVED	INTERPRETATION UNREVIEWED	CORPUS-SCOPE UNREVIEWED	
W000465	xebatkarê	xebatkarê	xebatkarê	1	1	BODY	BODY-P000236-W00002	BODY-P000236-W00002	BODY-P000236-W00002	Berhemên xebatkarê mezin Osman Sebrî yên li ser ziman û xebata niItimanî.	0	0	Berhemên::1	mezin::1	9	x e b a t k a r ê	x	ê	xe	rê		SEMANTIC VALUE UNRESOLVED	INTERPRETATION UNREVIEWED	CORPUS-SCOPE UNREVIEWED	
W000466	xeyalan	xeyalan	xeyalan	1	1	BODY	BODY-P000355-W00011	BODY-P000355-W00011	BODY-P000355-W00011	Romana Jan Dost a ser azadî, wateya jiyanê û Iopandina xeyalan.	0	1	Iopandina::1		7	x e y a l a n	x	n	xe	an		SEMANTIC VALUE UNRESOLVED	INTERPRETATION UNREVIEWED	CORPUS-SCOPE UNREVIEWED	
W000467	xeyalên	xeyalên	xeyalên	1	1	BODY	BODY-P000264-W00014	BODY-P000264-W00014	BODY-P000264-W00014	Romana kûr û felsefî ya Mehmed Uzun ku li ser bîranîn, ronakbîrî û xeyalên serdema nûjen sekiniye.	0	0	û::1	serdema::1	7	x e y a l ê n	x	n	xe	ên		SEMANTIC VALUE UNRESOLVED	INTERPRETATION UNREVIEWED	CORPUS-SCOPE UNREVIEWED	
W000468	Xoybûnê	Xoybûnê	xoybûnê	1	1	BODY	BODY-P000269-W00013	BODY-P000269-W00013	BODY-P000269-W00013	Romana dîrokî ku li ser jiyana Memduh Selim Beg û rewIenbîrên civata Xoybûnê hatiye nivîsandin.	0	0	civata::1	hatiye::1	7	X o y b û n ê	X	ê	Xo	nê		SEMANTIC VALUE UNRESOLVED	INTERPRETATION UNREVIEWED	CORPUS-SCOPE UNREVIEWED	
W000469	Xulaseya	Xulaseya	xulaseya	2	1	BODY	BODY-P000002-W00003	BODY-P000010-W00003	BODY-P000002-W00003 | BODY-P000010-W00003	Katalog û Xulaseya Berfireh a 44 Berhemên Klasîk û Nûjen ên Zimanê Kurdî	0	0	û::1 | Û::1	Berfireh::2	8	X u l a s e y a	X	a	Xu	ya		SEMANTIC VALUE UNRESOLVED	INTERPRETATION UNREVIEWED	CORPUS-SCOPE UNREVIEWED	
W000470	xwendin	xwendin	xwendin	1	1	BODY	BODY-P000218-W00015	BODY-P000218-W00015	BODY-P000218-W00015	Mewlûda herî navdar û belavbûyî di nava Kurdên Kurmanc de ku gelek sedsalan hatiye xwendin.	0	1	hatiye::1		7	x w e n d i n	x	n	xw	in		SEMANTIC VALUE UNRESOLVED	INTERPRETATION UNREVIEWED	CORPUS-SCOPE UNREVIEWED	
W000471	ya	ya	ya	12	1	BODY	BODY-P000205-W00005	BODY-P000368-W00006	BODY-P000205-W00005 | BODY-P000214-W00006 | BODY-P000227-W00004 | BODY-P000244-W00006 | BODY-P000248-W00004 | BODY-P000264-W00005 | BODY-P000322-W00003 | BODY-P000326-W00003 | BODY-P000339-W00007 | BODY-P000343-W00003 | BODY-P000351-W00009 | BODY-P000368-W00006	Destana evînî û neteweyî ya herî navdar a wêjeya klasîk a Kurmancî. Ehmedê Xanî di vê berhemê de felsefeya	0	0	dîrokî::4 | dawî::2 | neteweyî::1 | îrfanî::1 | Kurdî::1 | Iemo::1 | felsefî::1 | Kobanê::1	Mehmed::2 | herî::1 | Kurmancî::1 | Latînî::1 | serdema::1 | berxwedana::1 | navdar::1 | jiyana::1 | Jan::1 | nûjen::1 | sala::1	2	y a	y	a	ya	ya		SEMANTIC VALUE UNRESOLVED	INTERPRETATION UNREVIEWED	CORPUS-SCOPE UNREVIEWED	
W000472	ye	ye	ye	2	1	BODY	BODY-P000231-W00007	BODY-P000289-W00014	BODY-P000231-W00007 | BODY-P000289-W00014	Dîwanên nemir ên Cigerxwîn ku tije ye ji helbestên welatparêzî, civakî û IoreIgerî.	0	1	tije::1 | naskirî::1	ji::1	2	y e	y	e	ye	ye		SEMANTIC VALUE UNRESOLVED	INTERPRETATION UNREVIEWED	CORPUS-SCOPE UNREVIEWED	
W000473	Yek	Yek	yek	2	1	BODY	BODY-P000252-W00001	BODY-P000260-W00001	BODY-P000252-W00001 | BODY-P000260-W00001	Yek ji berhemên dawî yên Erebê Iemo ku jiyan û çanda Kurdên Qafqasyayê analîz dike.	2	0		ji::2	3	Y e k	Y	k	Ye	ek		SEMANTIC VALUE UNRESOLVED	INTERPRETATION UNREVIEWED	CORPUS-SCOPE UNREVIEWED	
W000474	Yekem	Yekem	yekem	3	1	BODY	BODY-P000221-W00003	BODY-P000256-W00001	BODY-P000221-W00003 | BODY-P000222-W00001 | BODY-P000256-W00001	Cinsê Berhemê: Yekem Romana Kurmancî | Sala Çapê: 1930	2	0	Berhemê::1	romana::2 | Romana::1	5	Y e k e m	Y	m	Ye	em	yekem	SEMANTIC VALUE UNRESOLVED	INTERPRETATION UNREVIEWED	CORPUS-SCOPE UNREVIEWED	
W000475	yekem	yekem	yekem	1	1	BODY	BODY-P000260-W00003	BODY-P000260-W00003	BODY-P000260-W00003	Yek ji yekem pirtûkên çîrokan ên Firat Cewerî yên li diyasporayê (Swêd).	0	0	ji::1	pirtûkên::1	5	y e k e m	y	m	ye	em	Yekem	SEMANTIC VALUE UNRESOLVED	INTERPRETATION UNREVIEWED	CORPUS-SCOPE UNREVIEWED	
W000476	yekî	yekî	yekî	2	1	BODY	BODY-P000173-W00003	BODY-P000357-W00004	BODY-P000173-W00003 | BODY-P000357-W00004	Ez ê yekî bikujim	0	0	ê::2	bikujim::2	4	y e k î	y	î	ye	kî		SEMANTIC VALUE UNRESOLVED	INTERPRETATION UNREVIEWED	CORPUS-SCOPE UNREVIEWED	
W000477	Yekîtiya	Yekîtiya	yekîtiya	1	1	BODY	BODY-P000223-W00001	BODY-P000223-W00001	BODY-P000223-W00001	Yekîtiya Sovyetê radixe ber çavan.	1	0		Sovyetê::1	8	Y e k î t i y a	Y	a	Ye	ya		SEMANTIC VALUE UNRESOLVED	INTERPRETATION UNREVIEWED	CORPUS-SCOPE UNREVIEWED	
W000478	yê	yê	yê	2	1	BODY	BODY-P000214-W00012	BODY-P000376-W00008	BODY-P000214-W00012 | BODY-P000376-W00008	Iehkera helbesta felsefî û îrfanî ya Kurmancî ku bingeha zimanê wêjeyî yê Kurmancî bihêz kiriye.	0	0	wêjeyî::1 | Kurmancî::1	Kurmancî::1 | dewlemend::1	2	y ê	y	ê	yê	yê		SEMANTIC VALUE UNRESOLVED	INTERPRETATION UNREVIEWED	CORPUS-SCOPE UNREVIEWED	
W000479	Yên	Yên	yên	1	1	BODY	BODY-P000010-W00011	BODY-P000010-W00011	BODY-P000010-W00011	Katalog Û Xulaseya Berfireh A 44 Pirtûk Û Romanên Kurmancî Yên Beriya Sala 2020an	0	0	Kurmancî::1	Beriya::1	3	Y ê n	Y	n	Yê	ên	yên	SEMANTIC VALUE UNRESOLVED	INTERPRETATION UNREVIEWED	CORPUS-SCOPE UNREVIEWED	
W000480	yên	yên	yên	4	1	BODY	BODY-P000236-W00006	BODY-P000372-W00006	BODY-P000236-W00006 | BODY-P000252-W00005 | BODY-P000260-W00009 | BODY-P000372-W00006	Berhemên xebatkarê mezin Osman Sebrî yên li ser ziman û xebata niItimanî.	0	0	Sebrî::1 | dawî::1 | Cewerî::1 | çandî::1	li::2 | Erebê::1 | di::1	3	y ê n	y	n	yê	ên	Yên	SEMANTIC VALUE UNRESOLVED	INTERPRETATION UNREVIEWED	CORPUS-SCOPE UNREVIEWED	
W000481	Yêrêvanê	Yêrêvanê	yêrêvanê	1	1	BODY	BODY-P000222-W00009	BODY-P000222-W00009	BODY-P000222-W00009	Yekem romana ku bi zimanê Kurdî Kurmancî li Yêrêvanê hatiye weIandin. Jiyan û tewangên civaka Kurdên	0	0	li::1	hatiye::1	8	Y ê r ê v a n ê	Y	ê	Yê	nê		SEMANTIC VALUE UNRESOLVED	INTERPRETATION UNREVIEWED	CORPUS-SCOPE UNREVIEWED	
W000482	Yûsiv	Yûsiv	yûsiv	13	1	BODY	BODY-P000089-W00002	BODY-P000347-W00005	BODY-P000089-W00002 | BODY-P000114-W00002 | BODY-P000118-W00002 | BODY-P000130-W00002 | BODY-P000162-W00002 | BODY-P000271-W00007 | BODY-P000273-W00007 | BODY-P000295-W00005 | BODY-P000300-W00005 | BODY-P000312-W00004 | BODY-P000314-W00005 | BODY-P000345-W00008	Helîm Yûsiv	0	5	Helîm::13	ku::3 | 1991::1 | 1996::1 | 1997::1 | 1999::1 | 2008::1	5	Y û s i v	Y	v	Yû	iv		SEMANTIC VALUE UNRESOLVED	INTERPRETATION UNREVIEWED	CORPUS-SCOPE UNREVIEWED	
W000483	ZembîlfroI	ZembîlfroI	zembîlfroi	2	1	BODY	BODY-P000021-W00001	BODY-P000208-W00002	BODY-P000021-W00001 | BODY-P000208-W00002	ZembîlfroI	1	1	2::1	Feqiyê::1	10	Z e m b î l f r o I	Z	I	Ze	oI		SEMANTIC VALUE UNRESOLVED	INTERPRETATION UNREVIEWED	CORPUS-SCOPE UNREVIEWED	
W000484	Zeynikê	Zeynikê	zeynikê	3	1	BODY	BODY-P000092-W00005	BODY-P000277-W00009	BODY-P000092-W00005 | BODY-P000275-W00006 | BODY-P000277-W00009	Rojek ji Rojên Evdalê Zeynikê	0	1	Evdalê::3	Mehmed::1 | û::1	7	Z e y n i k ê	Z	ê	Ze	kê		SEMANTIC VALUE UNRESOLVED	INTERPRETATION UNREVIEWED	CORPUS-SCOPE UNREVIEWED	
W000485	Ziman	Ziman	ziman	1	1	BODY	BODY-P000226-W00003	BODY-P000226-W00003	BODY-P000226-W00003	Cinsê Berhemê: Ziman û Rojnamegerî | Sala Çapê: 1932	0	0	Berhemê::1	û::1	5	Z i m a n	Z	n	Zi	an	ziman	SEMANTIC VALUE UNRESOLVED	INTERPRETATION UNREVIEWED	CORPUS-SCOPE UNREVIEWED	
W000486	ziman	ziman	ziman	1	1	BODY	BODY-P000236-W00009	BODY-P000236-W00009	BODY-P000236-W00009	Berhemên xebatkarê mezin Osman Sebrî yên li ser ziman û xebata niItimanî.	0	0	ser::1	û::1	5	z i m a n	z	n	zi	an	Ziman	SEMANTIC VALUE UNRESOLVED	INTERPRETATION UNREVIEWED	CORPUS-SCOPE UNREVIEWED	
W000487	zimana	zimana	zimana	1	1	BODY	BODY-P000289-W00011	BODY-P000289-W00011	BODY-P000289-W00011	Romana taybet a Hesenê Metê ku bi Iêwaza psîkolojîk û zimana kûr naskirî ye.	0	0	û::1	kûr::1	6	z i m a n a	z	a	zi	na		SEMANTIC VALUE UNRESOLVED	INTERPRETATION UNREVIEWED	CORPUS-SCOPE UNREVIEWED	
W000488	Zimanê	Zimanê	zimanê	1	1	BODY	BODY-P000002-W00012	BODY-P000002-W00012	BODY-P000002-W00012	Katalog û Xulaseya Berfireh a 44 Berhemên Klasîk û Nûjen ên Zimanê Kurdî	0	0	ên::1	Kurdî::1	6	Z i m a n ê	Z	ê	Zi	nê	zimanê	SEMANTIC VALUE UNRESOLVED	INTERPRETATION UNREVIEWED	CORPUS-SCOPE UNREVIEWED	
W000489	zimanê	zimanê	zimanê	4	1	BODY	BODY-P000214-W00010	BODY-P000380-W00007	BODY-P000214-W00010 | BODY-P000222-W00005 | BODY-P000376-W00006 | BODY-P000380-W00007	Iehkera helbesta felsefî û îrfanî ya Kurmancî ku bingeha zimanê wêjeyî yê Kurmancî bihêz kiriye.	0	0	ku::2 | bingeha::1 | bi::1	wêjeyî::1 | Kurdî::1 | Kurmancî::1 | nûjen::1	6	z i m a n ê	z	ê	zi	nê	Zimanê	SEMANTIC VALUE UNRESOLVED	INTERPRETATION UNREVIEWED	CORPUS-SCOPE UNREVIEWED	
W000490	zimanî	zimanî	zimanî	1	1	BODY	BODY-P000227-W00013	BODY-P000227-W00013	BODY-P000227-W00013	Bingeha alfabeya Kurdî ya Latînî û kovala mezin a Hawar ku IoreIa zimanî û wêjeyî li Iamê dest pê kir.	0	0	IoreIa::1	û::1	6	z i m a n î	z	î	zi	nî		SEMANTIC VALUE UNRESOLVED	INTERPRETATION UNREVIEWED	CORPUS-SCOPE UNREVIEWED	
W000491	Zîn	Zîn	zîn	2	1	BODY	BODY-P000017-W00003	BODY-P000203-W00004	BODY-P000017-W00003 | BODY-P000203-W00004	Mem û Zîn	0	1	û::2	Ehmedê::1	3	Z î n	Z	n	Zî	în		SEMANTIC VALUE UNRESOLVED	INTERPRETATION UNREVIEWED	CORPUS-SCOPE UNREVIEWED	
W000492	çand	çand	çand	1	1	BODY	BODY-P000322-W00011	BODY-P000322-W00011	BODY-P000322-W00011	Romana dawî ya Mehmed Uzun a li ser dîroka Mezopotamya, çand û dengbêjiyê.	0	0	Mezopotamya::1	û::1	4	ç a n d	ç	d	ça	nd		SEMANTIC VALUE UNRESOLVED	INTERPRETATION UNREVIEWED	CORPUS-SCOPE UNREVIEWED	
W000493	çanda	çanda	çanda	2	1	BODY	BODY-P000252-W00011	BODY-P000277-W00011	BODY-P000252-W00011 | BODY-P000277-W00011	Yek ji berhemên dawî yên Erebê Iemo ku jiyan û çanda Kurdên Qafqasyayê analîz dike.	0	0	û::2	Kurdên::1 | dengbêjiyê::1	5	ç a n d a	ç	a	ça	da		SEMANTIC VALUE UNRESOLVED	INTERPRETATION UNREVIEWED	CORPUS-SCOPE UNREVIEWED	
W000494	çandî	çandî	çandî	1	1	BODY	BODY-P000372-W00005	BODY-P000372-W00005	BODY-P000372-W00005	Romana evînî û nakokiyên çandî yên di nava civakên Ewropî û Kurd de.	0	0	nakokiyên::1	yên::1	5	ç a n d î	ç	î	ça	dî		SEMANTIC VALUE UNRESOLVED	INTERPRETATION UNREVIEWED	CORPUS-SCOPE UNREVIEWED	
W000495	Çapê	Çapê	çapê	44	1	BODY	BODY-P000204-W00007	BODY-P000383-W00006	BODY-P000204-W00007 | BODY-P000209-W00006 | BODY-P000213-W00006 | BODY-P000217-W00006 | BODY-P000221-W00007 | BODY-P000226-W00007 | BODY-P000230-W00006 | BODY-P000235-W00007 | BODY-P000239-W00005 | BODY-P000243-W00005 | BODY-P000247-W00006 | BODY-P000251-W00005	Cinsê Berhemê: Destan / Helbesta Klasîk | Sala Çapê: 1692	0	0	Sala::44	Sedsala::3 | 2014::3 | 1959::2 | 1992::2 | 1998::2 | 1999::2 | 2007::2 | 2008::2 | 2011::2 | 1692::1 | 1930::1 | 1932::1	4	Ç a p ê	Ç	ê	Ça	pê		SEMANTIC VALUE UNRESOLVED	INTERPRETATION UNREVIEWED	CORPUS-SCOPE UNREVIEWED	
W000496	çavan	çavan	çavan	4	1	BODY	BODY-P000223-W00005	BODY-P000376-W00012	BODY-P000223-W00005 | BODY-P000318-W00010 | BODY-P000347-W00016 | BODY-P000376-W00012	Yekîtiya Sovyetê radixe ber çavan.	0	4	ber::4		5	ç a v a n	ç	n	ça	an		SEMANTIC VALUE UNRESOLVED	INTERPRETATION UNREVIEWED	CORPUS-SCOPE UNREVIEWED	
W000497	Çîrok	Çîrok	çîrok	5	1	BODY	BODY-P000235-W00003	BODY-P000301-W00003	BODY-P000235-W00003 | BODY-P000272-W00003 | BODY-P000280-W00003 | BODY-P000296-W00003 | BODY-P000301-W00003	Cinsê Berhemê: Çîrok û Helbest | Sala Çapê: 1956	0	0	Berhemê::5	Sala::4 | û::1	5	Ç î r o k	Ç	k	Çî	ok		SEMANTIC VALUE UNRESOLVED	INTERPRETATION UNREVIEWED	CORPUS-SCOPE UNREVIEWED	
W000498	Çîroka	Çîroka	çîroka	2	1	BODY	BODY-P000133-W00001	BODY-P000316-W00002	BODY-P000133-W00001 | BODY-P000316-W00002	Çîroka Malbata Evdo	1	0	28::1	Malbata::2	6	Ç î r o k a	Ç	a	Çî	ka		SEMANTIC VALUE UNRESOLVED	INTERPRETATION UNREVIEWED	CORPUS-SCOPE UNREVIEWED	
W000499	çîrokan	çîrokan	çîrokan	4	1	BODY	BODY-P000260-W00005	BODY-P000297-W00002	BODY-P000260-W00005 | BODY-P000273-W00002 | BODY-P000281-W00002 | BODY-P000297-W00002	Yek ji yekem pirtûkên çîrokan ên Firat Cewerî yên li diyasporayê (Swêd).	0	0	Koleksiyona::2 | pirtûkên::1 | Pirtûka::1	a::2 | ên::1 | li::1	7	ç î r o k a n	ç	n	çî	an		SEMANTIC VALUE UNRESOLVED	INTERPRETATION UNREVIEWED	CORPUS-SCOPE UNREVIEWED	
W000500	Çîrokên	Çîrokên	çîrokên	1	1	BODY	BODY-P000302-W00001	BODY-P000302-W00001	BODY-P000302-W00001	Çîrokên taybet ên berhemdar ku rexneyên civakî û siyasî bi tanz û Iêwazek nû pêIkêI dikin.	1	0		taybet::1	7	Ç î r o k ê n	Ç	n	Çî	ên		SEMANTIC VALUE UNRESOLVED	INTERPRETATION UNREVIEWED	CORPUS-SCOPE UNREVIEWED	
W000501	ê	ê	ê	3	1	BODY	BODY-P000173-W00002	BODY-P000380-W00009	BODY-P000173-W00002 | BODY-P000357-W00003 | BODY-P000380-W00009	Ez ê yekî bikujim	0	0	Ez::2 | nûjen::1	yekî::2 | helbest::1	1	ê	ê	ê	ê	ê		SEMANTIC VALUE UNRESOLVED	INTERPRETATION UNREVIEWED	CORPUS-SCOPE UNREVIEWED	
W000502	ên	ên	ên	4	1	BODY	BODY-P000002-W00011	BODY-P000302-W00003	BODY-P000002-W00011 | BODY-P000231-W00003 | BODY-P000260-W00006 | BODY-P000302-W00003	Katalog û Xulaseya Berfireh a 44 Berhemên Klasîk û Nûjen ên Zimanê Kurdî	0	0	Nûjen::1 | nemir::1 | çîrokan::1 | taybet::1	Zimanê::1 | Cigerxwîn::1 | Firat::1 | berhemdar::1	2	ê n	ê	n	ên	ên		SEMANTIC VALUE UNRESOLVED	INTERPRETATION UNREVIEWED	CORPUS-SCOPE UNREVIEWED	
W000503	îrfanî	îrfanî	îrfanî	1	1	BODY	BODY-P000214-W00005	BODY-P000214-W00005	BODY-P000214-W00005	Iehkera helbesta felsefî û îrfanî ya Kurmancî ku bingeha zimanê wêjeyî yê Kurmancî bihêz kiriye.	0	0	û::1	ya::1	6	î r f a n î	î	î	îr	nî		SEMANTIC VALUE UNRESOLVED	INTERPRETATION UNREVIEWED	CORPUS-SCOPE UNREVIEWED	
W000504	Û	Û	û	4	1	BODY	BODY-P000001-W00003	BODY-P000201-W00002	BODY-P000001-W00003 | BODY-P000010-W00002 | BODY-P000010-W00008 | BODY-P000201-W00002	KORPUSA PIRTÛK Û ROMANÊN KURMANCÎ (BERIYA 2020'AN)	0	0	PIRTÛK::1 | Katalog::1 | Pirtûk::1 | NAVEROK::1	ROMANÊN::1 | Xulaseya::1 | Romanên::1 | ANALÎZA::1	1	Û	Û	Û	Û	Û	û	SEMANTIC VALUE UNRESOLVED	INTERPRETATION UNREVIEWED	CORPUS-SCOPE UNREVIEWED	
W000505	û	û	û	61	1	BODY	BODY-P000002-W00002	BODY-P000384-W00007	BODY-P000002-W00002 | BODY-P000002-W00009 | BODY-P000007-W00003 | BODY-P000017-W00002 | BODY-P000040-W00002 | BODY-P000051-W00002 | BODY-P000100-W00002 | BODY-P000153-W00003 | BODY-P000203-W00003 | BODY-P000205-W00003 | BODY-P000206-W00002 | BODY-P000210-W00012	Katalog û Xulaseya Berfireh a 44 Berhemên Klasîk û Nûjen ên Zimanê Kurdî	0	0	evînî::3 | Katalog::2 | Mem::2 | Govar::2 | Bahoz::2 | Sîpan::2 | gav::2 | civakî::2 | berxwedan::2 | Ier::2 | trawma::2 | Klasîk::1	civakî::3 | Zîn::2 | Elfabeya::2 | Apo::2 | Jîn::2 | sê::2 | felsefî::2 | çanda::2 | Xulaseya::1 | Nûjen::1 | Analîza::1 | neteweyî::1	1	û	û	û	û	û	Û	SEMANTIC VALUE UNRESOLVED	INTERPRETATION UNREVIEWED	CORPUS-SCOPE UNREVIEWED	
