raw_token_id	raw_token	frequency	nfc_search_key	casefold_search_key	unicode_char_length	semantic_status	interpretive_status
R000001	!	21	!	!	1	SEMANTIC VALUE UNRESOLVED	INTERPRETATION UNREVIEWED
R000002	!bda'ı	1	!bda'ı	!bda'ı	6	SEMANTIC VALUE UNRESOLVED	INTERPRETATION UNREVIEWED
R000003	!erne	1	!erne	!erne	5	SEMANTIC VALUE UNRESOLVED	INTERPRETATION UNREVIEWED
R000004	!mparatoru	1	!mparatoru	!mparatoru	10	SEMANTIC VALUE UNRESOLVED	INTERPRETATION UNREVIEWED
R000005	!ncil	1	!ncil	!ncil	5	SEMANTIC VALUE UNRESOLVED	INTERPRETATION UNREVIEWED
R000006	!ncil'i	1	!ncil'i	!ncil'i	7	SEMANTIC VALUE UNRESOLVED	INTERPRETATION UNREVIEWED
R000007	!nsan	1	!nsan	!nsan	5	SEMANTIC VALUE UNRESOLVED	INTERPRETATION UNREVIEWED
R000008	!ran	1	!ran	!ran	4	SEMANTIC VALUE UNRESOLVED	INTERPRETATION UNREVIEWED
R000009	!sa	1	!sa	!sa	3	SEMANTIC VALUE UNRESOLVED	INTERPRETATION UNREVIEWED
R000010	!STANBUL	1	!STANBUL	!stanbul	8	SEMANTIC VALUE UNRESOLVED	INTERPRETATION UNREVIEWED
R000011	!şte	1	!şte	!şte	4	SEMANTIC VALUE UNRESOLVED	INTERPRETATION UNREVIEWED
R000012	"""""'"	1	"""""'"	"""""'"	3	SEMANTIC VALUE UNRESOLVED	INTERPRETATION UNREVIEWED
R000013	"""'Küçük"	1	"""'Küçük"	"""'küçük"	7	SEMANTIC VALUE UNRESOLVED	INTERPRETATION UNREVIEWED
R000014	'I.Vekil.	1	'I.Vekil.	'i.vekil.	9	SEMANTIC VALUE UNRESOLVED	INTERPRETATION UNREVIEWED
R000015	'in	1	'in	'in	3	SEMANTIC VALUE UNRESOLVED	INTERPRETATION UNREVIEWED
R000016	'ü	1	'ü	'ü	2	SEMANTIC VALUE UNRESOLVED	INTERPRETATION UNREVIEWED
R000017	(	2	(	(	1	SEMANTIC VALUE UNRESOLVED	INTERPRETATION UNREVIEWED
R000018	(1)	37	(1)	(1)	3	SEMANTIC VALUE UNRESOLVED	INTERPRETATION UNREVIEWED
R000019	(1),	1	(1),	(1),	4	SEMANTIC VALUE UNRESOLVED	INTERPRETATION UNREVIEWED
R000020	(1).	2	(1).	(1).	4	SEMANTIC VALUE UNRESOLVED	INTERPRETATION UNREVIEWED
R000021	(1692)	1	(1692)	(1692)	6	SEMANTIC VALUE UNRESOLVED	INTERPRETATION UNREVIEWED
R000022	(1}	1	(1}	(1}	3	SEMANTIC VALUE UNRESOLVED	INTERPRETATION UNREVIEWED
R000023	(2)	19	(2)	(2)	3	SEMANTIC VALUE UNRESOLVED	INTERPRETATION UNREVIEWED
R000024	(2),	1	(2),	(2),	4	SEMANTIC VALUE UNRESOLVED	INTERPRETATION UNREVIEWED
R000025	(3)	7	(3)	(3)	3	SEMANTIC VALUE UNRESOLVED	INTERPRETATION UNREVIEWED
R000026	(İnanç	1	(İnanç	(i̇nanç	6	SEMANTIC VALUE UNRESOLVED	INTERPRETATION UNREVIEWED
R000027	(Küçüklerin	1	(Küçüklerin	(küçüklerin	11	SEMANTIC VALUE UNRESOLVED	INTERPRETATION UNREVIEWED
R000028	(Metna	1	(Metna	(metna	6	SEMANTIC VALUE UNRESOLVED	INTERPRETATION UNREVIEWED
R000029	(Çapa	1	(Çapa	(çapa	5	SEMANTIC VALUE UNRESOLVED	INTERPRETATION UNREVIEWED
R000030	(ı)	1	(ı)	(ı)	3	SEMANTIC VALUE UNRESOLVED	INTERPRETATION UNREVIEWED
R000031	,	1	,	,	1	SEMANTIC VALUE UNRESOLVED	INTERPRETATION UNREVIEWED
R000032	,·	1	,·	,·	2	SEMANTIC VALUE UNRESOLVED	INTERPRETATION UNREVIEWED
R000033	-	12	-	-	1	SEMANTIC VALUE UNRESOLVED	INTERPRETATION UNREVIEWED
R000034	-+<Yasin»	1	-+<Yasin»	-+<yasin»	9	SEMANTIC VALUE UNRESOLVED	INTERPRETATION UNREVIEWED
R000035	-dır.	1	-dır.	-dır.	5	SEMANTIC VALUE UNRESOLVED	INTERPRETATION UNREVIEWED
R000036	-Her	1	-Her	-her	4	SEMANTIC VALUE UNRESOLVED	INTERPRETATION UNREVIEWED
R000037	-N	1	-N	-n	2	SEMANTIC VALUE UNRESOLVED	INTERPRETATION UNREVIEWED
R000038	-«Ateşe»	1	-«Ateşe»	-«ateşe»	8	SEMANTIC VALUE UNRESOLVED	INTERPRETATION UNREVIEWED
R000039	-«Lem	1	-«Lem	-«lem	5	SEMANTIC VALUE UNRESOLVED	INTERPRETATION UNREVIEWED
R000040	.	98	.	.	1	SEMANTIC VALUE UNRESOLVED	INTERPRETATION UNREVIEWED
R000041	..	7	..	..	2	SEMANTIC VALUE UNRESOLVED	INTERPRETATION UNREVIEWED
R000042	...	6	...	...	3	SEMANTIC VALUE UNRESOLVED	INTERPRETATION UNREVIEWED
R000043	....	2	....	....	4	SEMANTIC VALUE UNRESOLVED	INTERPRETATION UNREVIEWED
R000044	.değer	1	.değer	.değer	6	SEMANTIC VALUE UNRESOLVED	INTERPRETATION UNREVIEWED
R000045	.Elli	1	.Elli	.elli	5	SEMANTIC VALUE UNRESOLVED	INTERPRETATION UNREVIEWED
R000046	.sizliği	1	.sizliği	.sizliği	8	SEMANTIC VALUE UNRESOLVED	INTERPRETATION UNREVIEWED
R000047	.Sülünlerin	1	.Sülünlerin	.sülünlerin	11	SEMANTIC VALUE UNRESOLVED	INTERPRETATION UNREVIEWED
R000048	.şında	1	.şında	.şında	6	SEMANTIC VALUE UNRESOLVED	INTERPRETATION UNREVIEWED
R000049	.•.	1	.•.	.•.	3	SEMANTIC VALUE UNRESOLVED	INTERPRETATION UNREVIEWED
R000050	.••	1	.••	.••	3	SEMANTIC VALUE UNRESOLVED	INTERPRETATION UNREVIEWED
R000051	/	1	/	/	1	SEMANTIC VALUE UNRESOLVED	INTERPRETATION UNREVIEWED
R000052	0	1	0	0	1	SEMANTIC VALUE UNRESOLVED	INTERPRETATION UNREVIEWED
R000053	1	1	1	1	1	SEMANTIC VALUE UNRESOLVED	INTERPRETATION UNREVIEWED
R000054	1)	1	1)	1)	2	SEMANTIC VALUE UNRESOLVED	INTERPRETATION UNREVIEWED
R000055	1.	1	1.	1.	2	SEMANTIC VALUE UNRESOLVED	INTERPRETATION UNREVIEWED
R000056	1113'anda	1	1113'anda	1113'anda	9	SEMANTIC VALUE UNRESOLVED	INTERPRETATION UNREVIEWED
R000057	1113.	1	1113.	1113.	5	SEMANTIC VALUE UNRESOLVED	INTERPRETATION UNREVIEWED
R000058	14	2	14	14	2	SEMANTIC VALUE UNRESOLVED	INTERPRETATION UNREVIEWED
R000059	1651	1	1651	1651	4	SEMANTIC VALUE UNRESOLVED	INTERPRETATION UNREVIEWED
R000060	1651'e	1	1651'e	1651'e	6	SEMANTIC VALUE UNRESOLVED	INTERPRETATION UNREVIEWED
R000061	1684'e.	1	1684'e.	1684'e.	7	SEMANTIC VALUE UNRESOLVED	INTERPRETATION UNREVIEWED
R000062	1684'tür.	1	1684'tür.	1684'tür.	9	SEMANTIC VALUE UNRESOLVED	INTERPRETATION UNREVIEWED
R000063	1690	1	1690	1690	4	SEMANTIC VALUE UNRESOLVED	INTERPRETATION UNREVIEWED
R000064	1690'1	1	1690'1	1690'1	6	SEMANTIC VALUE UNRESOLVED	INTERPRETATION UNREVIEWED
R000065	1695	1	1695	1695	4	SEMANTIC VALUE UNRESOLVED	INTERPRETATION UNREVIEWED
R000066	1695'an	1	1695'an	1695'an	7	SEMANTIC VALUE UNRESOLVED	INTERPRETATION UNREVIEWED
R000067	1919	1	1919	1919	4	SEMANTIC VALUE UNRESOLVED	INTERPRETATION UNREVIEWED
R000068	1919'wan	1	1919'wan	1919'wan	8	SEMANTIC VALUE UNRESOLVED	INTERPRETATION UNREVIEWED
R000069	1958	1	1958	1958	4	SEMANTIC VALUE UNRESOLVED	INTERPRETATION UNREVIEWED
R000070	1958'an	1	1958'an	1958'an	7	SEMANTIC VALUE UNRESOLVED	INTERPRETATION UNREVIEWED
R000071	1962	1	1962	1962	4	SEMANTIC VALUE UNRESOLVED	INTERPRETATION UNREVIEWED
R000072	1962'wan	1	1962'wan	1962'wan	8	SEMANTIC VALUE UNRESOLVED	INTERPRETATION UNREVIEWED
R000073	1968	2	1968	1968	4	SEMANTIC VALUE UNRESOLVED	INTERPRETATION UNREVIEWED
R000074	1968)	1	1968)	1968)	5	SEMANTIC VALUE UNRESOLVED	INTERPRETATION UNREVIEWED
R000075	1\IE	1	1\IE	1\ie	4	SEMANTIC VALUE UNRESOLVED	INTERPRETATION UNREVIEWED
R000076	1ptal	1	1ptal	1ptal	5	SEMANTIC VALUE UNRESOLVED	INTERPRETATION UNREVIEWED
R000077	2	1	2	2	1	SEMANTIC VALUE UNRESOLVED	INTERPRETATION UNREVIEWED
R000078	20/10/1968	2	20/10/1968	20/10/1968	10	SEMANTIC VALUE UNRESOLVED	INTERPRETATION UNREVIEWED
R000079	22	1	22	22	2	SEMANTIC VALUE UNRESOLVED	INTERPRETATION UNREVIEWED
R000080	3	2	3	3	1	SEMANTIC VALUE UNRESOLVED	INTERPRETATION UNREVIEWED
R000081	3)	1	3)	3)	2	SEMANTIC VALUE UNRESOLVED	INTERPRETATION UNREVIEWED
R000082	3.ş»kları	1	3.ş»kları	3.ş»kları	9	SEMANTIC VALUE UNRESOLVED	INTERPRETATION UNREVIEWED
R000083	4	1	4	4	1	SEMANTIC VALUE UNRESOLVED	INTERPRETATION UNREVIEWED
R000084	5ahı	1	5ahı	5ahı	4	SEMANTIC VALUE UNRESOLVED	INTERPRETATION UNREVIEWED
R000085	6	1	6	6	1	SEMANTIC VALUE UNRESOLVED	INTERPRETATION UNREVIEWED
R000086	68'an,	1	68'an,	68'an,	6	SEMANTIC VALUE UNRESOLVED	INTERPRETATION UNREVIEWED
R000087	68.	1	68.	68.	3	SEMANTIC VALUE UNRESOLVED	INTERPRETATION UNREVIEWED
R000088	73	1	73	73	2	SEMANTIC VALUE UNRESOLVED	INTERPRETATION UNREVIEWED
R000089	91	1	91	91	2	SEMANTIC VALUE UNRESOLVED	INTERPRETATION UNREVIEWED
R000090	:	8	:	:	1	SEMANTIC VALUE UNRESOLVED	INTERPRETATION UNREVIEWED
R000091	:Sen	1	:Sen	:sen	4	SEMANTIC VALUE UNRESOLVED	INTERPRETATION UNREVIEWED
R000092	:zünde	1	:zünde	:zünde	6	SEMANTIC VALUE UNRESOLVED	INTERPRETATION UNREVIEWED
R000093	;	1	;	;	1	SEMANTIC VALUE UNRESOLVED	INTERPRETATION UNREVIEWED
R000094	<...r-ic::J	1	<...r-ic::J	<...r-ic::j	11	SEMANTIC VALUE UNRESOLVED	INTERPRETATION UNREVIEWED
R000095	<<Meme	1	<<Meme	<<meme	6	SEMANTIC VALUE UNRESOLVED	INTERPRETATION UNREVIEWED
R000096	<<Tu	1	<<Tu	<<tu	4	SEMANTIC VALUE UNRESOLVED	INTERPRETATION UNREVIEWED
R000097	?	3	?	?	1	SEMANTIC VALUE UNRESOLVED	INTERPRETATION UNREVIEWED
R000098	\q	1	\q	\q	2	SEMANTIC VALUE UNRESOLVED	INTERPRETATION UNREVIEWED
R000099	\̱	1	\̱	\̱	2	SEMANTIC VALUE UNRESOLVED	INTERPRETATION UNREVIEWED
R000100	_yüzünde	1	_yüzünde	_yüzünde	8	SEMANTIC VALUE UNRESOLVED	INTERPRETATION UNREVIEWED
R000101	A	1	A	a	1	SEMANTIC VALUE UNRESOLVED	INTERPRETATION UNREVIEWED
R000102	a	4	a	a	1	SEMANTIC VALUE UNRESOLVED	INTERPRETATION UNREVIEWED
R000103	A,	1	A,	a,	2	SEMANTIC VALUE UNRESOLVED	INTERPRETATION UNREVIEWED
R000104	Abidlerin	1	Abidlerin	abidlerin	9	SEMANTIC VALUE UNRESOLVED	INTERPRETATION UNREVIEWED
R000105	Abıd	1	Abıd	abıd	4	SEMANTIC VALUE UNRESOLVED	INTERPRETATION UNREVIEWED
R000106	Acaba	2	Acaba	acaba	5	SEMANTIC VALUE UNRESOLVED	INTERPRETATION UNREVIEWED
R000107	Acem	1	Acem	acem	4	SEMANTIC VALUE UNRESOLVED	INTERPRETATION UNREVIEWED
R000108	acep	1	acep	acep	4	SEMANTIC VALUE UNRESOLVED	INTERPRETATION UNREVIEWED
R000109	acır,	1	acır,	acır,	5	SEMANTIC VALUE UNRESOLVED	INTERPRETATION UNREVIEWED
R000110	addır	1	addır	addır	5	SEMANTIC VALUE UNRESOLVED	INTERPRETATION UNREVIEWED
R000111	ade	1	ade	ade	3	SEMANTIC VALUE UNRESOLVED	INTERPRETATION UNREVIEWED
R000112	Adem	9	Adem	adem	4	SEMANTIC VALUE UNRESOLVED	INTERPRETATION UNREVIEWED
R000113	adem	2	adem	adem	4	SEMANTIC VALUE UNRESOLVED	INTERPRETATION UNREVIEWED
R000114	Adem'i	1	Adem'i	adem'i	6	SEMANTIC VALUE UNRESOLVED	INTERPRETATION UNREVIEWED
R000115	Adem'in	1	Adem'in	adem'in	7	SEMANTIC VALUE UNRESOLVED	INTERPRETATION UNREVIEWED
R000116	ademi-yfı	1	ademi-yfı	ademi-yfı	9	SEMANTIC VALUE UNRESOLVED	INTERPRETATION UNREVIEWED
R000117	ademine	1	ademine	ademine	7	SEMANTIC VALUE UNRESOLVED	INTERPRETATION UNREVIEWED
R000118	adeta	2	adeta	adeta	5	SEMANTIC VALUE UNRESOLVED	INTERPRETATION UNREVIEWED
R000119	adlı	1	adlı	adlı	4	SEMANTIC VALUE UNRESOLVED	INTERPRETATION UNREVIEWED
R000120	adı	5	adı	adı	3	SEMANTIC VALUE UNRESOLVED	INTERPRETATION UNREVIEWED
R000121	adıdır,	1	adıdır,	adıdır,	7	SEMANTIC VALUE UNRESOLVED	INTERPRETATION UNREVIEWED
R000122	adın	2	adın	adın	4	SEMANTIC VALUE UNRESOLVED	INTERPRETATION UNREVIEWED
R000123	adında	2	adında	adında	6	SEMANTIC VALUE UNRESOLVED	INTERPRETATION UNREVIEWED
R000124	adından	1	adından	adından	7	SEMANTIC VALUE UNRESOLVED	INTERPRETATION UNREVIEWED
R000125	adındır	2	adındır	adındır	7	SEMANTIC VALUE UNRESOLVED	INTERPRETATION UNREVIEWED
R000126	adındır,	1	adındır,	adındır,	8	SEMANTIC VALUE UNRESOLVED	INTERPRETATION UNREVIEWED
R000127	adındır.	1	adındır.	adındır.	8	SEMANTIC VALUE UNRESOLVED	INTERPRETATION UNREVIEWED
R000128	adınla	1	adınla	adınla	6	SEMANTIC VALUE UNRESOLVED	INTERPRETATION UNREVIEWED
R000129	adını	1	adını	adını	5	SEMANTIC VALUE UNRESOLVED	INTERPRETATION UNREVIEWED
R000130	adıyla	1	adıyla	adıyla	6	SEMANTIC VALUE UNRESOLVED	INTERPRETATION UNREVIEWED
R000131	AF	1	AF	af	2	SEMANTIC VALUE UNRESOLVED	INTERPRETATION UNREVIEWED
R000132	aferand.»	1	aferand.»	aferand.»	9	SEMANTIC VALUE UNRESOLVED	INTERPRETATION UNREVIEWED
R000133	aferandiye,	1	aferandiye,	aferandiye,	11	SEMANTIC VALUE UNRESOLVED	INTERPRETATION UNREVIEWED
R000134	agah	1	agah	agah	4	SEMANTIC VALUE UNRESOLVED	INTERPRETATION UNREVIEWED
R000135	agire	1	agire	agire	5	SEMANTIC VALUE UNRESOLVED	INTERPRETATION UNREVIEWED
R000136	agır	1	agır	agır	4	SEMANTIC VALUE UNRESOLVED	INTERPRETATION UNREVIEWED
R000137	agıre	2	agıre	agıre	5	SEMANTIC VALUE UNRESOLVED	INTERPRETATION UNREVIEWED
R000138	Agıre:	1	Agıre:	agıre:	6	SEMANTIC VALUE UNRESOLVED	INTERPRETATION UNREVIEWED
R000139	aha!	1	aha!	aha!	4	SEMANTIC VALUE UNRESOLVED	INTERPRETATION UNREVIEWED
R000140	ahi	1	ahi	ahi	3	SEMANTIC VALUE UNRESOLVED	INTERPRETATION UNREVIEWED
R000141	Ahmed'dir»	1	Ahmed'dir»	ahmed'dir»	10	SEMANTIC VALUE UNRESOLVED	INTERPRETATION UNREVIEWED
R000142	Ahmed-i	2	Ahmed-i	ahmed-i	7	SEMANTIC VALUE UNRESOLVED	INTERPRETATION UNREVIEWED
R000143	Ak	1	Ak	ak	2	SEMANTIC VALUE UNRESOLVED	INTERPRETATION UNREVIEWED
R000144	aklıevvel,	1	aklıevvel,	aklıevvel,	10	SEMANTIC VALUE UNRESOLVED	INTERPRETATION UNREVIEWED
R000145	AL	1	AL	al	2	SEMANTIC VALUE UNRESOLVED	INTERPRETATION UNREVIEWED
R000146	al	1	al	al	2	SEMANTIC VALUE UNRESOLVED	INTERPRETATION UNREVIEWED
R000147	Alan>>	1	Alan>>	alan>>	6	SEMANTIC VALUE UNRESOLVED	INTERPRETATION UNREVIEWED
R000148	alanda	1	alanda	alanda	6	SEMANTIC VALUE UNRESOLVED	INTERPRETATION UNREVIEWED
R000149	Alan»	3	Alan»	alan»	5	SEMANTIC VALUE UNRESOLVED	INTERPRETATION UNREVIEWED
R000150	alanında	2	alanında	alanında	8	SEMANTIC VALUE UNRESOLVED	INTERPRETATION UNREVIEWED
R000151	alarak	1	alarak	alarak	6	SEMANTIC VALUE UNRESOLVED	INTERPRETATION UNREVIEWED
R000152	alem	4	alem	alem	4	SEMANTIC VALUE UNRESOLVED	INTERPRETATION UNREVIEWED
R000153	alema	1	alema	alema	5	SEMANTIC VALUE UNRESOLVED	INTERPRETATION UNREVIEWED
R000154	alemden	1	alemden	alemden	7	SEMANTIC VALUE UNRESOLVED	INTERPRETATION UNREVIEWED
R000155	alemi	1	alemi	alemi	5	SEMANTIC VALUE UNRESOLVED	INTERPRETATION UNREVIEWED
R000156	alemin	2	alemin	alemin	6	SEMANTIC VALUE UNRESOLVED	INTERPRETATION UNREVIEWED
R000157	aleminbu	1	aleminbu	aleminbu	8	SEMANTIC VALUE UNRESOLVED	INTERPRETATION UNREVIEWED
R000158	alemine	1	alemine	alemine	7	SEMANTIC VALUE UNRESOLVED	INTERPRETATION UNREVIEWED
R000159	alemler	1	alemler	alemler	7	SEMANTIC VALUE UNRESOLVED	INTERPRETATION UNREVIEWED
R000160	Ali	1	Ali	ali	3	SEMANTIC VALUE UNRESOLVED	INTERPRETATION UNREVIEWED
R000161	ali	9	ali	ali	3	SEMANTIC VALUE UNRESOLVED	INTERPRETATION UNREVIEWED
R000162	alikariya	2	alikariya	alikariya	9	SEMANTIC VALUE UNRESOLVED	INTERPRETATION UNREVIEWED
R000163	Alimul-xeyb	1	Alimul-xeyb	alimul-xeyb	11	SEMANTIC VALUE UNRESOLVED	INTERPRETATION UNREVIEWED
R000164	Allah	6	Allah	allah	5	SEMANTIC VALUE UNRESOLVED	INTERPRETATION UNREVIEWED
R000165	Allah!	7	Allah!	allah!	6	SEMANTIC VALUE UNRESOLVED	INTERPRETATION UNREVIEWED
R000166	Allah!.	1	Allah!.	allah!.	7	SEMANTIC VALUE UNRESOLVED	INTERPRETATION UNREVIEWED
R000167	ALLAHA	2	ALLAHA	allaha	6	SEMANTIC VALUE UNRESOLVED	INTERPRETATION UNREVIEWED
R000168	Allaha	1	Allaha	allaha	6	SEMANTIC VALUE UNRESOLVED	INTERPRETATION UNREVIEWED
R000169	Allahla.	1	Allahla.	allahla.	8	SEMANTIC VALUE UNRESOLVED	INTERPRETATION UNREVIEWED
R000170	ALLAHTAN	1	ALLAHTAN	allahtan	8	SEMANTIC VALUE UNRESOLVED	INTERPRETATION UNREVIEWED
R000171	Allahtır	1	Allahtır	allahtır	8	SEMANTIC VALUE UNRESOLVED	INTERPRETATION UNREVIEWED
R000172	Allahım!	2	Allahım!	allahım!	8	SEMANTIC VALUE UNRESOLVED	INTERPRETATION UNREVIEWED
R000173	Allahın	7	Allahın	allahın	7	SEMANTIC VALUE UNRESOLVED	INTERPRETATION UNREVIEWED
R000174	almak	1	almak	almak	5	SEMANTIC VALUE UNRESOLVED	INTERPRETATION UNREVIEWED
R000175	Almanca'ya	1	Almanca'ya	almanca'ya	10	SEMANTIC VALUE UNRESOLVED	INTERPRETATION UNREVIEWED
R000176	almış,	1	almış,	almış,	6	SEMANTIC VALUE UNRESOLVED	INTERPRETATION UNREVIEWED
R000177	almıştır.	1	almıştır.	almıştır.	9	SEMANTIC VALUE UNRESOLVED	INTERPRETATION UNREVIEWED
R000178	altı	1	altı	altı	4	SEMANTIC VALUE UNRESOLVED	INTERPRETATION UNREVIEWED
R000179	Altın	1	Altın	altın	5	SEMANTIC VALUE UNRESOLVED	INTERPRETATION UNREVIEWED
R000180	altın	1	altın	altın	5	SEMANTIC VALUE UNRESOLVED	INTERPRETATION UNREVIEWED
R000181	altındadır.	1	altındadır.	altındadır.	11	SEMANTIC VALUE UNRESOLVED	INTERPRETATION UNREVIEWED
R000182	Alım	1	Alım	alım	4	SEMANTIC VALUE UNRESOLVED	INTERPRETATION UNREVIEWED
R000183	alır	1	alır	alır	4	SEMANTIC VALUE UNRESOLVED	INTERPRETATION UNREVIEWED
R000184	am	1	am	am	2	SEMANTIC VALUE UNRESOLVED	INTERPRETATION UNREVIEWED
R000185	Ama	2	Ama	ama	3	SEMANTIC VALUE UNRESOLVED	INTERPRETATION UNREVIEWED
R000186	ama	3	ama	ama	3	SEMANTIC VALUE UNRESOLVED	INTERPRETATION UNREVIEWED
R000187	Amaca	1	Amaca	amaca	5	SEMANTIC VALUE UNRESOLVED	INTERPRETATION UNREVIEWED
R000188	amacı	2	amacı	amacı	5	SEMANTIC VALUE UNRESOLVED	INTERPRETATION UNREVIEWED
R000189	amacımız,	1	amacımız,	amacımız,	9	SEMANTIC VALUE UNRESOLVED	INTERPRETATION UNREVIEWED
R000190	amacıyle	1	amacıyle	amacıyle	8	SEMANTIC VALUE UNRESOLVED	INTERPRETATION UNREVIEWED
R000191	aman	1	aman	aman	4	SEMANTIC VALUE UNRESOLVED	INTERPRETATION UNREVIEWED
R000192	Amanca	1	Amanca	amanca	6	SEMANTIC VALUE UNRESOLVED	INTERPRETATION UNREVIEWED
R000193	Amaç	2	Amaç	amaç	4	SEMANTIC VALUE UNRESOLVED	INTERPRETATION UNREVIEWED
R000194	amaç	2	amaç	amaç	4	SEMANTIC VALUE UNRESOLVED	INTERPRETATION UNREVIEWED
R000195	an	4	an	an	2	SEMANTIC VALUE UNRESOLVED	INTERPRETATION UNREVIEWED
R000196	an!ye	1	an!ye	an!ye	5	SEMANTIC VALUE UNRESOLVED	INTERPRETATION UNREVIEWED
R000197	an,	1	an,	an,	3	SEMANTIC VALUE UNRESOLVED	INTERPRETATION UNREVIEWED
R000198	Ana	1	Ana	ana	3	SEMANTIC VALUE UNRESOLVED	INTERPRETATION UNREVIEWED
R000199	ana	1	ana	ana	3	SEMANTIC VALUE UNRESOLVED	INTERPRETATION UNREVIEWED
R000200	anahtarları,	1	anahtarları,	anahtarları,	12	SEMANTIC VALUE UNRESOLVED	INTERPRETATION UNREVIEWED
R000201	ancak	1	ancak	ancak	5	SEMANTIC VALUE UNRESOLVED	INTERPRETATION UNREVIEWED
R000202	Ancaξ	1	Ancaξ	ancaξ	5	SEMANTIC VALUE UNRESOLVED	INTERPRETATION UNREVIEWED
R000203	andiçti.	1	andiçti.	andiçti.	8	SEMANTIC VALUE UNRESOLVED	INTERPRETATION UNREVIEWED
R000204	andolsun	2	andolsun	andolsun	8	SEMANTIC VALUE UNRESOLVED	INTERPRETATION UNREVIEWED
R000205	ane	1	ane	ane	3	SEMANTIC VALUE UNRESOLVED	INTERPRETATION UNREVIEWED
R000206	ani.	1	ani.	ani.	4	SEMANTIC VALUE UNRESOLVED	INTERPRETATION UNREVIEWED
R000207	aniye	3	aniye	aniye	5	SEMANTIC VALUE UNRESOLVED	INTERPRETATION UNREVIEWED
R000208	anlamdaki	1	anlamdaki	anlamdaki	9	SEMANTIC VALUE UNRESOLVED	INTERPRETATION UNREVIEWED
R000209	anlamı	3	anlamı	anlamı	6	SEMANTIC VALUE UNRESOLVED	INTERPRETATION UNREVIEWED
R000210	anlamında	1	anlamında	anlamında	9	SEMANTIC VALUE UNRESOLVED	INTERPRETATION UNREVIEWED
R000211	anlamındaki	2	anlamındaki	anlamındaki	11	SEMANTIC VALUE UNRESOLVED	INTERPRETATION UNREVIEWED
R000212	anlamından,	1	anlamından,	anlamından,	11	SEMANTIC VALUE UNRESOLVED	INTERPRETATION UNREVIEWED
R000213	anlamını	1	anlamını	anlamını	8	SEMANTIC VALUE UNRESOLVED	INTERPRETATION UNREVIEWED
R000214	anlar,	1	anlar,	anlar,	6	SEMANTIC VALUE UNRESOLVED	INTERPRETATION UNREVIEWED
R000215	anlatmış	1	anlatmış	anlatmış	8	SEMANTIC VALUE UNRESOLVED	INTERPRETATION UNREVIEWED
R000216	anlat­	1	anlat­	anlat­	6	SEMANTIC VALUE UNRESOLVED	INTERPRETATION UNREVIEWED
R000217	anlayan	1	anlayan	anlayan	7	SEMANTIC VALUE UNRESOLVED	INTERPRETATION UNREVIEWED
R000218	anlayışı	2	anlayışı	anlayışı	8	SEMANTIC VALUE UNRESOLVED	INTERPRETATION UNREVIEWED
R000219	anlayışını,	1	anlayışını,	anlayışını,	11	SEMANTIC VALUE UNRESOLVED	INTERPRETATION UNREVIEWED
R000220	anlaşılaca­	1	anlaşılaca­	anlaşılaca­	11	SEMANTIC VALUE UNRESOLVED	INTERPRETATION UNREVIEWED
R000221	anlaşılacağı	2	anlaşılacağı	anlaşılacağı	12	SEMANTIC VALUE UNRESOLVED	INTERPRETATION UNREVIEWED
R000222	anlaşılıyor	1	anlaşılıyor	anlaşılıyor	11	SEMANTIC VALUE UNRESOLVED	INTERPRETATION UNREVIEWED
R000223	anlık	1	anlık	anlık	5	SEMANTIC VALUE UNRESOLVED	INTERPRETATION UNREVIEWED
R000224	anmıyorsa	1	anmıyorsa	anmıyorsa	9	SEMANTIC VALUE UNRESOLVED	INTERPRETATION UNREVIEWED
R000225	Ansiklopedilerinde	1	Ansiklopedilerinde	ansiklopedilerinde	18	SEMANTIC VALUE UNRESOLVED	INTERPRETATION UNREVIEWED
R000226	ansiklopediyen	1	ansiklopediyen	ansiklopediyen	14	SEMANTIC VALUE UNRESOLVED	INTERPRETATION UNREVIEWED
R000227	ANSİKLOPEDİSİ'nin	1	ANSİKLOPEDİSİ'nin	ansi̇klopedi̇si̇'nin	17	SEMANTIC VALUE UNRESOLVED	INTERPRETATION UNREVIEWED
R000228	ANSİKLOPEDİY	1	ANSİKLOPEDİY	ansi̇klopedi̇y	12	SEMANTIC VALUE UNRESOLVED	INTERPRETATION UNREVIEWED
R000229	anınası	1	anınası	anınası	7	SEMANTIC VALUE UNRESOLVED	INTERPRETATION UNREVIEWED
R000230	Ap.	1	Ap.	ap.	3	SEMANTIC VALUE UNRESOLVED	INTERPRETATION UNREVIEWED
R000231	aqle	1	aqle	aqle	4	SEMANTIC VALUE UNRESOLVED	INTERPRETATION UNREVIEWED
R000232	ar	1	ar	ar	2	SEMANTIC VALUE UNRESOLVED	INTERPRETATION UNREVIEWED
R000233	ara	1	ara	ara	3	SEMANTIC VALUE UNRESOLVED	INTERPRETATION UNREVIEWED
R000234	arada	1	arada	arada	5	SEMANTIC VALUE UNRESOLVED	INTERPRETATION UNREVIEWED
R000235	Aran	1	Aran	aran	4	SEMANTIC VALUE UNRESOLVED	INTERPRETATION UNREVIEWED
R000236	aranan	1	aranan	aranan	6	SEMANTIC VALUE UNRESOLVED	INTERPRETATION UNREVIEWED
R000237	Arap	6	Arap	arap	4	SEMANTIC VALUE UNRESOLVED	INTERPRETATION UNREVIEWED
R000238	Arapça	2	Arapça	arapça	6	SEMANTIC VALUE UNRESOLVED	INTERPRETATION UNREVIEWED
R000239	Arapça'yı	1	Arapça'yı	arapça'yı	9	SEMANTIC VALUE UNRESOLVED	INTERPRETATION UNREVIEWED
R000240	Arapça-	1	Arapça-	arapça-	7	SEMANTIC VALUE UNRESOLVED	INTERPRETATION UNREVIEWED
R000241	arar	1	arar	arar	4	SEMANTIC VALUE UNRESOLVED	INTERPRETATION UNREVIEWED
R000242	arasında	4	arasında	arasında	8	SEMANTIC VALUE UNRESOLVED	INTERPRETATION UNREVIEWED
R000243	araya	1	araya	araya	5	SEMANTIC VALUE UNRESOLVED	INTERPRETATION UNREVIEWED
R000244	arazlar	1	arazlar	arazlar	7	SEMANTIC VALUE UNRESOLVED	INTERPRETATION UNREVIEWED
R000245	Ardarda	1	Ardarda	ardarda	7	SEMANTIC VALUE UNRESOLVED	INTERPRETATION UNREVIEWED
R000246	arez	1	arez	arez	4	SEMANTIC VALUE UNRESOLVED	INTERPRETATION UNREVIEWED
R000247	aristokratik	1	aristokratik	aristokratik	12	SEMANTIC VALUE UNRESOLVED	INTERPRETATION UNREVIEWED
R000248	aristoqratik	1	aristoqratik	aristoqratik	12	SEMANTIC VALUE UNRESOLVED	INTERPRETATION UNREVIEWED
R000249	arka	1	arka	arka	4	SEMANTIC VALUE UNRESOLVED	INTERPRETATION UNREVIEWED
R000250	Arkadan	1	Arkadan	arkadan	7	SEMANTIC VALUE UNRESOLVED	INTERPRETATION UNREVIEWED
R000251	arkadaşlarıydı	1	arkadaşlarıydı	arkadaşlarıydı	14	SEMANTIC VALUE UNRESOLVED	INTERPRETATION UNREVIEWED
R000252	arma­	1	arma­	arma­	5	SEMANTIC VALUE UNRESOLVED	INTERPRETATION UNREVIEWED
R000253	armağan	1	armağan	armağan	7	SEMANTIC VALUE UNRESOLVED	INTERPRETATION UNREVIEWED
R000254	arnadedir	1	arnadedir	arnadedir	9	SEMANTIC VALUE UNRESOLVED	INTERPRETATION UNREVIEWED
R000255	arnane	1	arnane	arnane	6	SEMANTIC VALUE UNRESOLVED	INTERPRETATION UNREVIEWED
R000256	artmasına,	1	artmasına,	artmasına,	10	SEMANTIC VALUE UNRESOLVED	INTERPRETATION UNREVIEWED
R000257	arzu	1	arzu	arzu	4	SEMANTIC VALUE UNRESOLVED	INTERPRETATION UNREVIEWED
R000258	arıyanlar,	1	arıyanlar,	arıyanlar,	10	SEMANTIC VALUE UNRESOLVED	INTERPRETATION UNREVIEWED
R000259	arş	1	arş	arş	3	SEMANTIC VALUE UNRESOLVED	INTERPRETATION UNREVIEWED
R000260	Asi-yfı	1	Asi-yfı	asi-yfı	7	SEMANTIC VALUE UNRESOLVED	INTERPRETATION UNREVIEWED
R000261	asimananı	1	asimananı	asimananı	9	SEMANTIC VALUE UNRESOLVED	INTERPRETATION UNREVIEWED
R000262	asimane,	1	asimane,	asimane,	8	SEMANTIC VALUE UNRESOLVED	INTERPRETATION UNREVIEWED
R000263	askerler	1	askerler	askerler	8	SEMANTIC VALUE UNRESOLVED	INTERPRETATION UNREVIEWED
R000264	askerlerdendi.	1	askerlerdendi.	askerlerdendi.	14	SEMANTIC VALUE UNRESOLVED	INTERPRETATION UNREVIEWED
R000265	Asla	1	Asla	asla	4	SEMANTIC VALUE UNRESOLVED	INTERPRETATION UNREVIEWED
R000266	aslında	1	aslında	aslında	7	SEMANTIC VALUE UNRESOLVED	INTERPRETATION UNREVIEWED
R000267	asımanan	1	asımanan	asımanan	8	SEMANTIC VALUE UNRESOLVED	INTERPRETATION UNREVIEWED
R000268	Ateş	1	Ateş	ateş	4	SEMANTIC VALUE UNRESOLVED	INTERPRETATION UNREVIEWED
R000269	ateş	3	ateş	ateş	4	SEMANTIC VALUE UNRESOLVED	INTERPRETATION UNREVIEWED
R000270	ateşe	2	ateşe	ateşe	5	SEMANTIC VALUE UNRESOLVED	INTERPRETATION UNREVIEWED
R000271	ateşe.	1	ateşe.	ateşe.	6	SEMANTIC VALUE UNRESOLVED	INTERPRETATION UNREVIEWED
R000272	Ateşgede	1	Ateşgede	ateşgede	8	SEMANTIC VALUE UNRESOLVED	INTERPRETATION UNREVIEWED
R000273	ateşine.	1	ateşine.	ateşine.	8	SEMANTIC VALUE UNRESOLVED	INTERPRETATION UNREVIEWED
R000274	ateşle	1	ateşle	ateşle	6	SEMANTIC VALUE UNRESOLVED	INTERPRETATION UNREVIEWED
R000275	ateşperestlerin.	1	ateşperestlerin.	ateşperestlerin.	16	SEMANTIC VALUE UNRESOLVED	INTERPRETATION UNREVIEWED
R000276	ateşten	1	ateşten	ateşten	7	SEMANTIC VALUE UNRESOLVED	INTERPRETATION UNREVIEWED
R000277	Atsız	1	Atsız	atsız	5	SEMANTIC VALUE UNRESOLVED	INTERPRETATION UNREVIEWED
R000278	atıl	1	atıl	atıl	4	SEMANTIC VALUE UNRESOLVED	INTERPRETATION UNREVIEWED
R000279	atılmıştır.	1	atılmıştır.	atılmıştır.	11	SEMANTIC VALUE UNRESOLVED	INTERPRETATION UNREVIEWED
R000280	aU	1	aU	au	2	SEMANTIC VALUE UNRESOLVED	INTERPRETATION UNREVIEWED
R000281	av	2	av	av	2	SEMANTIC VALUE UNRESOLVED	INTERPRETATION UNREVIEWED
R000282	ave	1	ave	ave	3	SEMANTIC VALUE UNRESOLVED	INTERPRETATION UNREVIEWED
R000283	awaki	1	awaki	awaki	5	SEMANTIC VALUE UNRESOLVED	INTERPRETATION UNREVIEWED
R000284	awayi	2	awayi	awayi	5	SEMANTIC VALUE UNRESOLVED	INTERPRETATION UNREVIEWED
R000285	axır	1	axır	axır	4	SEMANTIC VALUE UNRESOLVED	INTERPRETATION UNREVIEWED
R000286	axıre	1	axıre	axıre	5	SEMANTIC VALUE UNRESOLVED	INTERPRETATION UNREVIEWED
R000287	Aya	3	Aya	aya	3	SEMANTIC VALUE UNRESOLVED	INTERPRETATION UNREVIEWED
R000288	Aya,	1	Aya,	aya,	4	SEMANTIC VALUE UNRESOLVED	INTERPRETATION UNREVIEWED
R000289	ayakları,	1	ayakları,	ayakları,	9	SEMANTIC VALUE UNRESOLVED	INTERPRETATION UNREVIEWED
R000290	Ayat	1	Ayat	ayat	4	SEMANTIC VALUE UNRESOLVED	INTERPRETATION UNREVIEWED
R000291	Ayağını	1	Ayağını	ayağını	7	SEMANTIC VALUE UNRESOLVED	INTERPRETATION UNREVIEWED
R000292	ayağını	1	ayağını	ayağını	7	SEMANTIC VALUE UNRESOLVED	INTERPRETATION UNREVIEWED
R000293	aydınlatan	1	aydınlatan	aydınlatan	10	SEMANTIC VALUE UNRESOLVED	INTERPRETATION UNREVIEWED
R000294	aydınlık	1	aydınlık	aydınlık	8	SEMANTIC VALUE UNRESOLVED	INTERPRETATION UNREVIEWED
R000295	Aydınlığa	1	Aydınlığa	aydınlığa	9	SEMANTIC VALUE UNRESOLVED	INTERPRETATION UNREVIEWED
R000296	ayeta	2	ayeta	ayeta	5	SEMANTIC VALUE UNRESOLVED	INTERPRETATION UNREVIEWED
R000297	ayete	6	ayete	ayete	5	SEMANTIC VALUE UNRESOLVED	INTERPRETATION UNREVIEWED
R000298	ayetecta	1	ayetecta	ayetecta	8	SEMANTIC VALUE UNRESOLVED	INTERPRETATION UNREVIEWED
R000299	ayeteki	1	ayeteki	ayeteki	7	SEMANTIC VALUE UNRESOLVED	INTERPRETATION UNREVIEWED
R000300	ayetekiye,	1	ayetekiye,	ayetekiye,	10	SEMANTIC VALUE UNRESOLVED	INTERPRETATION UNREVIEWED
R000301	ayeteve:	2	ayeteve:	ayeteve:	8	SEMANTIC VALUE UNRESOLVED	INTERPRETATION UNREVIEWED
R000302	Ayetler	1	Ayetler	ayetler	7	SEMANTIC VALUE UNRESOLVED	INTERPRETATION UNREVIEWED
R000303	Ayine	2	Ayine	ayine	5	SEMANTIC VALUE UNRESOLVED	INTERPRETATION UNREVIEWED
R000304	Ayine,	1	Ayine,	ayine,	6	SEMANTIC VALUE UNRESOLVED	INTERPRETATION UNREVIEWED
R000305	ayna	3	ayna	ayna	4	SEMANTIC VALUE UNRESOLVED	INTERPRETATION UNREVIEWED
R000306	Aynaları	1	Aynaları	aynaları	8	SEMANTIC VALUE UNRESOLVED	INTERPRETATION UNREVIEWED
R000307	aynaları	1	aynaları	aynaları	8	SEMANTIC VALUE UNRESOLVED	INTERPRETATION UNREVIEWED
R000308	aynen	1	aynen	aynen	5	SEMANTIC VALUE UNRESOLVED	INTERPRETATION UNREVIEWED
R000309	aynı	1	aynı	aynı	4	SEMANTIC VALUE UNRESOLVED	INTERPRETATION UNREVIEWED
R000310	Ayrıca	2	Ayrıca	ayrıca	6	SEMANTIC VALUE UNRESOLVED	INTERPRETATION UNREVIEWED
R000311	Ayı	2	Ayı	ayı	3	SEMANTIC VALUE UNRESOLVED	INTERPRETATION UNREVIEWED
R000312	ayırdeden	1	ayırdeden	ayırdeden	9	SEMANTIC VALUE UNRESOLVED	INTERPRETATION UNREVIEWED
R000313	ayırdetme,	1	ayırdetme,	ayırdetme,	10	SEMANTIC VALUE UNRESOLVED	INTERPRETATION UNREVIEWED
R000314	Ayı»	1	Ayı»	ayı»	4	SEMANTIC VALUE UNRESOLVED	INTERPRETATION UNREVIEWED
R000315	az	1	az	az	2	SEMANTIC VALUE UNRESOLVED	INTERPRETATION UNREVIEWED
R000316	azarnet	2	azarnet	azarnet	7	SEMANTIC VALUE UNRESOLVED	INTERPRETATION UNREVIEWED
R000317	azeperwed	1	azeperwed	azeperwed	9	SEMANTIC VALUE UNRESOLVED	INTERPRETATION UNREVIEWED
R000318	Azra'ya	1	Azra'ya	azra'ya	7	SEMANTIC VALUE UNRESOLVED	INTERPRETATION UNREVIEWED
R000319	azınlık	1	azınlık	azınlık	7	SEMANTIC VALUE UNRESOLVED	INTERPRETATION UNREVIEWED
R000320	açan	1	açan	açan	4	SEMANTIC VALUE UNRESOLVED	INTERPRETATION UNREVIEWED
R000321	açık	2	açık	açık	4	SEMANTIC VALUE UNRESOLVED	INTERPRETATION UNREVIEWED
R000322	açıkladığı	1	açıkladığı	açıkladığı	10	SEMANTIC VALUE UNRESOLVED	INTERPRETATION UNREVIEWED
R000323	açıklamasını	1	açıklamasını	açıklamasını	12	SEMANTIC VALUE UNRESOLVED	INTERPRETATION UNREVIEWED
R000324	açıkça	1	açıkça	açıkça	6	SEMANTIC VALUE UNRESOLVED	INTERPRETATION UNREVIEWED
R000325	aşağıdaki	1	aşağıdaki	aşağıdaki	9	SEMANTIC VALUE UNRESOLVED	INTERPRETATION UNREVIEWED
R000326	aşikara	1	aşikara	aşikara	7	SEMANTIC VALUE UNRESOLVED	INTERPRETATION UNREVIEWED
R000327	aşina	2	aşina	aşina	5	SEMANTIC VALUE UNRESOLVED	INTERPRETATION UNREVIEWED
R000328	aşi­	1	aşi­	aşi­	4	SEMANTIC VALUE UNRESOLVED	INTERPRETATION UNREVIEWED
R000329	Aşk	1	Aşk	aşk	3	SEMANTIC VALUE UNRESOLVED	INTERPRETATION UNREVIEWED
R000330	aşk	2	aşk	aşk	3	SEMANTIC VALUE UNRESOLVED	INTERPRETATION UNREVIEWED
R000331	aşk,	1	aşk,	aşk,	4	SEMANTIC VALUE UNRESOLVED	INTERPRETATION UNREVIEWED
R000332	aşkı	1	aşkı	aşkı	4	SEMANTIC VALUE UNRESOLVED	INTERPRETATION UNREVIEWED
R000333	Aşık	1	Aşık	aşık	4	SEMANTIC VALUE UNRESOLVED	INTERPRETATION UNREVIEWED
R000334	Aşıkları	1	Aşıkları	aşıkları	8	SEMANTIC VALUE UNRESOLVED	INTERPRETATION UNREVIEWED
R000335	aşıkın	1	aşıkın	aşıkın	6	SEMANTIC VALUE UNRESOLVED	INTERPRETATION UNREVIEWED
R000336	Aşıq	1	Aşıq	aşıq	4	SEMANTIC VALUE UNRESOLVED	INTERPRETATION UNREVIEWED
R000337	aşıqan	1	aşıqan	aşıqan	6	SEMANTIC VALUE UNRESOLVED	INTERPRETATION UNREVIEWED
R000338	Aşıqe	1	Aşıqe	aşıqe	5	SEMANTIC VALUE UNRESOLVED	INTERPRETATION UNREVIEWED
R000339	aşıqe	1	aşıqe	aşıqe	5	SEMANTIC VALUE UNRESOLVED	INTERPRETATION UNREVIEWED
R000340	b	1	b	b	1	SEMANTIC VALUE UNRESOLVED	INTERPRETATION UNREVIEWED
R000341	b(i,	1	b(i,	b(i,	4	SEMANTIC VALUE UNRESOLVED	INTERPRETATION UNREVIEWED
R000342	b\	1	b\	b\	2	SEMANTIC VALUE UNRESOLVED	INTERPRETATION UNREVIEWED
R000343	babeserbil	1	babeserbil	babeserbil	10	SEMANTIC VALUE UNRESOLVED	INTERPRETATION UNREVIEWED
R000344	babete	2	babete	babete	6	SEMANTIC VALUE UNRESOLVED	INTERPRETATION UNREVIEWED
R000345	Bagiye	1	Bagiye	bagiye	6	SEMANTIC VALUE UNRESOLVED	INTERPRETATION UNREVIEWED
R000346	bahane	1	bahane	bahane	6	SEMANTIC VALUE UNRESOLVED	INTERPRETATION UNREVIEWED
R000347	bahseden	1	bahseden	bahseden	8	SEMANTIC VALUE UNRESOLVED	INTERPRETATION UNREVIEWED
R000348	bahsederdi	1	bahsederdi	bahsederdi	10	SEMANTIC VALUE UNRESOLVED	INTERPRETATION UNREVIEWED
R000349	bahtımız,	1	bahtımız,	bahtımız,	9	SEMANTIC VALUE UNRESOLVED	INTERPRETATION UNREVIEWED
R000350	bah­	1	bah­	bah­	4	SEMANTIC VALUE UNRESOLVED	INTERPRETATION UNREVIEWED
R000351	bahçesine	1	bahçesine	bahçesine	9	SEMANTIC VALUE UNRESOLVED	INTERPRETATION UNREVIEWED
R000352	baki	1	baki	baki	4	SEMANTIC VALUE UNRESOLVED	INTERPRETATION UNREVIEWED
R000353	Baktı	1	Baktı	baktı	5	SEMANTIC VALUE UNRESOLVED	INTERPRETATION UNREVIEWED
R000354	bal	1	bal	bal	3	SEMANTIC VALUE UNRESOLVED	INTERPRETATION UNREVIEWED
R000355	bal?	1	bal?	bal?	4	SEMANTIC VALUE UNRESOLVED	INTERPRETATION UNREVIEWED
R000356	Bala	1	Bala	bala	4	SEMANTIC VALUE UNRESOLVED	INTERPRETATION UNREVIEWED
R000357	bar,	1	bar,	bar,	4	SEMANTIC VALUE UNRESOLVED	INTERPRETATION UNREVIEWED
R000358	Bari	3	Bari	bari	4	SEMANTIC VALUE UNRESOLVED	INTERPRETATION UNREVIEWED
R000359	Bari!	1	Bari!	bari!	5	SEMANTIC VALUE UNRESOLVED	INTERPRETATION UNREVIEWED
R000360	barigah	1	barigah	barigah	7	SEMANTIC VALUE UNRESOLVED	INTERPRETATION UNREVIEWED
R000361	barigeha	1	barigeha	barigeha	8	SEMANTIC VALUE UNRESOLVED	INTERPRETATION UNREVIEWED
R000362	barın	1	barın	barın	5	SEMANTIC VALUE UNRESOLVED	INTERPRETATION UNREVIEWED
R000363	basılmıştır.	1	basılmıştır.	basılmıştır.	12	SEMANTIC VALUE UNRESOLVED	INTERPRETATION UNREVIEWED
R000364	basılmıştır:	1	basılmıştır:	basılmıştır:	12	SEMANTIC VALUE UNRESOLVED	INTERPRETATION UNREVIEWED
R000365	basılır,	1	basılır,	basılır,	8	SEMANTIC VALUE UNRESOLVED	INTERPRETATION UNREVIEWED
R000366	basır	1	basır	basır	5	SEMANTIC VALUE UNRESOLVED	INTERPRETATION UNREVIEWED
R000367	Batın	1	Batın	batın	5	SEMANTIC VALUE UNRESOLVED	INTERPRETATION UNREVIEWED
R000368	batınİ	1	batınİ	batıni̇	6	SEMANTIC VALUE UNRESOLVED	INTERPRETATION UNREVIEWED
R000369	bawer	1	bawer	bawer	5	SEMANTIC VALUE UNRESOLVED	INTERPRETATION UNREVIEWED
R000370	baweriya	1	baweriya	baweriya	8	SEMANTIC VALUE UNRESOLVED	INTERPRETATION UNREVIEWED
R000371	baweriyoo	1	baweriyoo	baweriyoo	9	SEMANTIC VALUE UNRESOLVED	INTERPRETATION UNREVIEWED
R000372	baxeberbfı	1	baxeberbfı	baxeberbfı	10	SEMANTIC VALUE UNRESOLVED	INTERPRETATION UNREVIEWED
R000373	Bayezida	1	Bayezida	bayezida	8	SEMANTIC VALUE UNRESOLVED	INTERPRETATION UNREVIEWED
R000374	bayraksız.	1	bayraksız.	bayraksız.	10	SEMANTIC VALUE UNRESOLVED	INTERPRETATION UNREVIEWED
R000375	bayrağı	1	bayrağı	bayrağı	7	SEMANTIC VALUE UNRESOLVED	INTERPRETATION UNREVIEWED
R000376	bazı	3	bazı	bazı	4	SEMANTIC VALUE UNRESOLVED	INTERPRETATION UNREVIEWED
R000377	bazıları,	1	bazıları,	bazıları,	9	SEMANTIC VALUE UNRESOLVED	INTERPRETATION UNREVIEWED
R000378	ba­	1	ba­	ba­	3	SEMANTIC VALUE UNRESOLVED	INTERPRETATION UNREVIEWED
R000379	bağdaştır:	1	bağdaştır:	bağdaştır:	10	SEMANTIC VALUE UNRESOLVED	INTERPRETATION UNREVIEWED
R000380	bağlanır	1	bağlanır	bağlanır	8	SEMANTIC VALUE UNRESOLVED	INTERPRETATION UNREVIEWED
R000381	bağlarsm.	1	bağlarsm.	bağlarsm.	9	SEMANTIC VALUE UNRESOLVED	INTERPRETATION UNREVIEWED
R000382	bağlayan	1	bağlayan	bağlayan	8	SEMANTIC VALUE UNRESOLVED	INTERPRETATION UNREVIEWED
R000383	bağlıdır.	1	bağlıdır.	bağlıdır.	9	SEMANTIC VALUE UNRESOLVED	INTERPRETATION UNREVIEWED
R000384	bağışlıyamaz	1	bağışlıyamaz	bağışlıyamaz	12	SEMANTIC VALUE UNRESOLVED	INTERPRETATION UNREVIEWED
R000385	baş	2	baş	baş	3	SEMANTIC VALUE UNRESOLVED	INTERPRETATION UNREVIEWED
R000386	başarılı	1	başarılı	başarılı	8	SEMANTIC VALUE UNRESOLVED	INTERPRETATION UNREVIEWED
R000387	Başiye,	1	Başiye,	başiye,	7	SEMANTIC VALUE UNRESOLVED	INTERPRETATION UNREVIEWED
R000388	başka	4	başka	başka	5	SEMANTIC VALUE UNRESOLVED	INTERPRETATION UNREVIEWED
R000389	başkasına	1	başkasına	başkasına	9	SEMANTIC VALUE UNRESOLVED	INTERPRETATION UNREVIEWED
R000390	başkasının	1	başkasının	başkasının	10	SEMANTIC VALUE UNRESOLVED	INTERPRETATION UNREVIEWED
R000391	başladığı	2	başladığı	başladığı	9	SEMANTIC VALUE UNRESOLVED	INTERPRETATION UNREVIEWED
R000392	başlangıç,	1	başlangıç,	başlangıç,	10	SEMANTIC VALUE UNRESOLVED	INTERPRETATION UNREVIEWED
R000393	Başmusahip	1	Başmusahip	başmusahip	10	SEMANTIC VALUE UNRESOLVED	INTERPRETATION UNREVIEWED
R000394	Başımızın	1	Başımızın	başımızın	9	SEMANTIC VALUE UNRESOLVED	INTERPRETATION UNREVIEWED
R000395	başına	1	başına	başına	6	SEMANTIC VALUE UNRESOLVED	INTERPRETATION UNREVIEWED
R000396	başında	2	başında	başında	7	SEMANTIC VALUE UNRESOLVED	INTERPRETATION UNREVIEWED
R000397	başın­	1	başın­	başın­	6	SEMANTIC VALUE UNRESOLVED	INTERPRETATION UNREVIEWED
R000398	başıyükseğimiz,	1	başıyükseğimiz,	başıyükseğimiz,	15	SEMANTIC VALUE UNRESOLVED	INTERPRETATION UNREVIEWED
R000399	başı­	1	başı­	başı­	5	SEMANTIC VALUE UNRESOLVED	INTERPRETATION UNREVIEWED
R000400	Be	12	Be	be	2	SEMANTIC VALUE UNRESOLVED	INTERPRETATION UNREVIEWED
R000401	be	17	be	be	2	SEMANTIC VALUE UNRESOLVED	INTERPRETATION UNREVIEWED
R000402	be,	4	be,	be,	3	SEMANTIC VALUE UNRESOLVED	INTERPRETATION UNREVIEWED
R000403	be.	1	be.	be.	3	SEMANTIC VALUE UNRESOLVED	INTERPRETATION UNREVIEWED
R000404	Be:	1	Be:	be:	3	SEMANTIC VALUE UNRESOLVED	INTERPRETATION UNREVIEWED
R000405	be;	1	be;	be;	3	SEMANTIC VALUE UNRESOLVED	INTERPRETATION UNREVIEWED
R000406	bed'emele	1	bed'emele	bed'emele	9	SEMANTIC VALUE UNRESOLVED	INTERPRETATION UNREVIEWED
R000407	bed,	1	bed,	bed,	4	SEMANTIC VALUE UNRESOLVED	INTERPRETATION UNREVIEWED
R000408	bedayi'	1	bedayi'	bedayi'	7	SEMANTIC VALUE UNRESOLVED	INTERPRETATION UNREVIEWED
R000409	bedbahtları	1	bedbahtları	bedbahtları	11	SEMANTIC VALUE UNRESOLVED	INTERPRETATION UNREVIEWED
R000410	bedi'u	1	bedi'u	bedi'u	6	SEMANTIC VALUE UNRESOLVED	INTERPRETATION UNREVIEWED
R000411	behane	1	behane	behane	6	SEMANTIC VALUE UNRESOLVED	INTERPRETATION UNREVIEWED
R000412	Behse	1	Behse	behse	5	SEMANTIC VALUE UNRESOLVED	INTERPRETATION UNREVIEWED
R000413	beje	1	beje	beje	4	SEMANTIC VALUE UNRESOLVED	INTERPRETATION UNREVIEWED
R000414	Beje:	2	Beje:	beje:	5	SEMANTIC VALUE UNRESOLVED	INTERPRETATION UNREVIEWED
R000415	beje:	1	beje:	beje:	5	SEMANTIC VALUE UNRESOLVED	INTERPRETATION UNREVIEWED
R000416	bejeda	2	bejeda	bejeda	6	SEMANTIC VALUE UNRESOLVED	INTERPRETATION UNREVIEWED
R000417	bejeye	4	bejeye	bejeye	6	SEMANTIC VALUE UNRESOLVED	INTERPRETATION UNREVIEWED
R000418	bejeyi	1	bejeyi	bejeyi	6	SEMANTIC VALUE UNRESOLVED	INTERPRETATION UNREVIEWED
R000419	bejeyiyen	1	bejeyiyen	bejeyiyen	9	SEMANTIC VALUE UNRESOLVED	INTERPRETATION UNREVIEWED
R000420	bejım?	1	bejım?	bejım?	6	SEMANTIC VALUE UNRESOLVED	INTERPRETATION UNREVIEWED
R000421	bejın	1	bejın	bejın	5	SEMANTIC VALUE UNRESOLVED	INTERPRETATION UNREVIEWED
R000422	Bekir'de	1	Bekir'de	bekir'de	8	SEMANTIC VALUE UNRESOLVED	INTERPRETATION UNREVIEWED
R000423	Bekır'da.	1	Bekır'da.	bekır'da.	9	SEMANTIC VALUE UNRESOLVED	INTERPRETATION UNREVIEWED
R000424	bela	3	bela	bela	4	SEMANTIC VALUE UNRESOLVED	INTERPRETATION UNREVIEWED
R000425	belaniye	1	belaniye	belaniye	8	SEMANTIC VALUE UNRESOLVED	INTERPRETATION UNREVIEWED
R000426	belavbuyiye	1	belavbuyiye	belavbuyiye	11	SEMANTIC VALUE UNRESOLVED	INTERPRETATION UNREVIEWED
R000427	belavkırına	2	belavkırına	belavkırına	11	SEMANTIC VALUE UNRESOLVED	INTERPRETATION UNREVIEWED
R000428	belge	1	belge	belge	5	SEMANTIC VALUE UNRESOLVED	INTERPRETATION UNREVIEWED
R000429	belgelere	1	belgelere	belgelere	9	SEMANTIC VALUE UNRESOLVED	INTERPRETATION UNREVIEWED
R000430	Belki	1	Belki	belki	5	SEMANTIC VALUE UNRESOLVED	INTERPRETATION UNREVIEWED
R000431	belli	1	belli	belli	5	SEMANTIC VALUE UNRESOLVED	INTERPRETATION UNREVIEWED
R000432	Belısa	1	Belısa	belısa	6	SEMANTIC VALUE UNRESOLVED	INTERPRETATION UNREVIEWED
R000433	Ben	1	Ben	ben	3	SEMANTIC VALUE UNRESOLVED	INTERPRETATION UNREVIEWED
R000434	ben	1	ben	ben	3	SEMANTIC VALUE UNRESOLVED	INTERPRETATION UNREVIEWED
R000435	Benim	1	Benim	benim	5	SEMANTIC VALUE UNRESOLVED	INTERPRETATION UNREVIEWED
R000436	benle	2	benle	benle	5	SEMANTIC VALUE UNRESOLVED	INTERPRETATION UNREVIEWED
R000437	benzer	1	benzer	benzer	6	SEMANTIC VALUE UNRESOLVED	INTERPRETATION UNREVIEWED
R000438	benzerlerinin	1	benzerlerinin	benzerlerinin	13	SEMANTIC VALUE UNRESOLVED	INTERPRETATION UNREVIEWED
R000439	benzersiz	1	benzersiz	benzersiz	9	SEMANTIC VALUE UNRESOLVED	INTERPRETATION UNREVIEWED
R000440	benzetmiş.	1	benzetmiş.	benzetmiş.	10	SEMANTIC VALUE UNRESOLVED	INTERPRETATION UNREVIEWED
R000441	ber	8	ber	ber	3	SEMANTIC VALUE UNRESOLVED	INTERPRETATION UNREVIEWED
R000442	bera	1	bera	bera	4	SEMANTIC VALUE UNRESOLVED	INTERPRETATION UNREVIEWED
R000443	beraber	2	beraber	beraber	7	SEMANTIC VALUE UNRESOLVED	INTERPRETATION UNREVIEWED
R000444	berazan	1	berazan	berazan	7	SEMANTIC VALUE UNRESOLVED	INTERPRETATION UNREVIEWED
R000445	bere	1	bere	bere	4	SEMANTIC VALUE UNRESOLVED	INTERPRETATION UNREVIEWED
R000446	beri	5	beri	beri	4	SEMANTIC VALUE UNRESOLVED	INTERPRETATION UNREVIEWED
R000447	berler	1	berler	berler	6	SEMANTIC VALUE UNRESOLVED	INTERPRETATION UNREVIEWED
R000448	berna	1	berna	berna	5	SEMANTIC VALUE UNRESOLVED	INTERPRETATION UNREVIEWED
R000449	berqe'	1	berqe'	berqe'	6	SEMANTIC VALUE UNRESOLVED	INTERPRETATION UNREVIEWED
R000450	berzexe	1	berzexe	berzexe	7	SEMANTIC VALUE UNRESOLVED	INTERPRETATION UNREVIEWED
R000451	bese,	1	bese,	bese,	5	SEMANTIC VALUE UNRESOLVED	INTERPRETATION UNREVIEWED
R000452	beser;	1	beser;	beser;	6	SEMANTIC VALUE UNRESOLVED	INTERPRETATION UNREVIEWED
R000453	bete	2	bete	bete	4	SEMANTIC VALUE UNRESOLVED	INTERPRETATION UNREVIEWED
R000454	Bexte	1	Bexte	bexte	5	SEMANTIC VALUE UNRESOLVED	INTERPRETATION UNREVIEWED
R000455	bextewerra	1	bextewerra	bextewerra	10	SEMANTIC VALUE UNRESOLVED	INTERPRETATION UNREVIEWED
R000456	bexte­	1	bexte­	bexte­	6	SEMANTIC VALUE UNRESOLVED	INTERPRETATION UNREVIEWED
R000457	bexşi?	1	bexşi?	bexşi?	6	SEMANTIC VALUE UNRESOLVED	INTERPRETATION UNREVIEWED
R000458	bexşin	1	bexşin	bexşin	6	SEMANTIC VALUE UNRESOLVED	INTERPRETATION UNREVIEWED
R000459	bexşin.	1	bexşin.	bexşin.	7	SEMANTIC VALUE UNRESOLVED	INTERPRETATION UNREVIEWED
R000460	beyt	1	beyt	beyt	4	SEMANTIC VALUE UNRESOLVED	INTERPRETATION UNREVIEWED
R000461	beyte	1	beyte	beyte	5	SEMANTIC VALUE UNRESOLVED	INTERPRETATION UNREVIEWED
R000462	beyyinatın!	1	beyyinatın!	beyyinatın!	11	SEMANTIC VALUE UNRESOLVED	INTERPRETATION UNREVIEWED
R000463	beziye.	1	beziye.	beziye.	7	SEMANTIC VALUE UNRESOLVED	INTERPRETATION UNREVIEWED
R000464	bezle	1	bezle	bezle	5	SEMANTIC VALUE UNRESOLVED	INTERPRETATION UNREVIEWED
R000465	beşyüz	1	beşyüz	beşyüz	6	SEMANTIC VALUE UNRESOLVED	INTERPRETATION UNREVIEWED
R000466	Bfı	1	Bfı	bfı	3	SEMANTIC VALUE UNRESOLVED	INTERPRETATION UNREVIEWED
R000467	bfı	1	bfı	bfı	3	SEMANTIC VALUE UNRESOLVED	INTERPRETATION UNREVIEWED
R000468	bfı,	1	bfı,	bfı,	4	SEMANTIC VALUE UNRESOLVED	INTERPRETATION UNREVIEWED
R000469	bfı.	1	bfı.	bfı.	4	SEMANTIC VALUE UNRESOLVED	INTERPRETATION UNREVIEWED
R000470	Bfıbekr	1	Bfıbekr	bfıbekr	7	SEMANTIC VALUE UNRESOLVED	INTERPRETATION UNREVIEWED
R000471	bfın	2	bfın	bfın	4	SEMANTIC VALUE UNRESOLVED	INTERPRETATION UNREVIEWED
R000472	bfın,	1	bfın,	bfın,	5	SEMANTIC VALUE UNRESOLVED	INTERPRETATION UNREVIEWED
R000473	bfıne	2	bfıne	bfıne	5	SEMANTIC VALUE UNRESOLVED	INTERPRETATION UNREVIEWED
R000474	bfıyi	1	bfıyi	bfıyi	5	SEMANTIC VALUE UNRESOLVED	INTERPRETATION UNREVIEWED
R000475	bi	4	bi	bi	2	SEMANTIC VALUE UNRESOLVED	INTERPRETATION UNREVIEWED
R000476	bi,	1	bi,	bi,	3	SEMANTIC VALUE UNRESOLVED	INTERPRETATION UNREVIEWED
R000477	bi.	1	bi.	bi.	3	SEMANTIC VALUE UNRESOLVED	INTERPRETATION UNREVIEWED
R000478	bihisti	1	bihisti	bihisti	7	SEMANTIC VALUE UNRESOLVED	INTERPRETATION UNREVIEWED
R000479	bil..>>	1	bil..>>	bil..>>	7	SEMANTIC VALUE UNRESOLVED	INTERPRETATION UNREVIEWED
R000480	bilade	1	bilade	bilade	6	SEMANTIC VALUE UNRESOLVED	INTERPRETATION UNREVIEWED
R000481	Bilcımle	3	Bilcımle	bilcımle	8	SEMANTIC VALUE UNRESOLVED	INTERPRETATION UNREVIEWED
R000482	bile	1	bile	bile	4	SEMANTIC VALUE UNRESOLVED	INTERPRETATION UNREVIEWED
R000483	bile,	1	bile,	bile,	5	SEMANTIC VALUE UNRESOLVED	INTERPRETATION UNREVIEWED
R000484	bile.	1	bile.	bile.	5	SEMANTIC VALUE UNRESOLVED	INTERPRETATION UNREVIEWED
R000485	bilelim.	1	bilelim.	bilelim.	8	SEMANTIC VALUE UNRESOLVED	INTERPRETATION UNREVIEWED
R000486	bilen	2	bilen	bilen	5	SEMANTIC VALUE UNRESOLVED	INTERPRETATION UNREVIEWED
R000487	bilgi	1	bilgi	bilgi	5	SEMANTIC VALUE UNRESOLVED	INTERPRETATION UNREVIEWED
R000488	bilgili	1	bilgili	bilgili	7	SEMANTIC VALUE UNRESOLVED	INTERPRETATION UNREVIEWED
R000489	Bilginierin	1	Bilginierin	bilginierin	11	SEMANTIC VALUE UNRESOLVED	INTERPRETATION UNREVIEWED
R000490	bilginler	1	bilginler	bilginler	9	SEMANTIC VALUE UNRESOLVED	INTERPRETATION UNREVIEWED
R000491	bilginlerden	1	bilginlerden	bilginlerden	12	SEMANTIC VALUE UNRESOLVED	INTERPRETATION UNREVIEWED
R000492	bilgirole	1	bilgirole	bilgirole	9	SEMANTIC VALUE UNRESOLVED	INTERPRETATION UNREVIEWED
R000493	bilgisizliğimiz,	1	bilgisizliğimiz,	bilgisizliğimiz,	16	SEMANTIC VALUE UNRESOLVED	INTERPRETATION UNREVIEWED
R000494	bilgisizliğiyle	1	bilgisizliğiyle	bilgisizliğiyle	15	SEMANTIC VALUE UNRESOLVED	INTERPRETATION UNREVIEWED
R000495	bilinen	1	bilinen	bilinen	7	SEMANTIC VALUE UNRESOLVED	INTERPRETATION UNREVIEWED
R000496	biliniyordu	1	biliniyordu	biliniyordu	11	SEMANTIC VALUE UNRESOLVED	INTERPRETATION UNREVIEWED
R000497	bilinmemektedir.	1	bilinmemektedir.	bilinmemektedir.	16	SEMANTIC VALUE UNRESOLVED	INTERPRETATION UNREVIEWED
R000498	Bilinsin	1	Bilinsin	bilinsin	8	SEMANTIC VALUE UNRESOLVED	INTERPRETATION UNREVIEWED
R000499	bilirdi.	1	bilirdi.	bilirdi.	8	SEMANTIC VALUE UNRESOLVED	INTERPRETATION UNREVIEWED
R000500	bilmemektedir.	1	bilmemektedir.	bilmemektedir.	14	SEMANTIC VALUE UNRESOLVED	INTERPRETATION UNREVIEWED
R000501	bilmiyeceğimiz.	1	bilmiyeceğimiz.	bilmiyeceğimiz.	15	SEMANTIC VALUE UNRESOLVED	INTERPRETATION UNREVIEWED
R000502	bilxeyb	1	bilxeyb	bilxeyb	7	SEMANTIC VALUE UNRESOLVED	INTERPRETATION UNREVIEWED
R000503	bil­	1	bil­	bil­	4	SEMANTIC VALUE UNRESOLVED	INTERPRETATION UNREVIEWED
R000504	bin	3	bin	bin	3	SEMANTIC VALUE UNRESOLVED	INTERPRETATION UNREVIEWED
R000505	bine	1	bine	bine	4	SEMANTIC VALUE UNRESOLVED	INTERPRETATION UNREVIEWED
R000506	bini	1	bini	bini	4	SEMANTIC VALUE UNRESOLVED	INTERPRETATION UNREVIEWED
R000507	binın	2	binın	binın	5	SEMANTIC VALUE UNRESOLVED	INTERPRETATION UNREVIEWED
R000508	binıtın	2	binıtın	binıtın	7	SEMANTIC VALUE UNRESOLVED	INTERPRETATION UNREVIEWED
R000509	Bir	7	Bir	bir	3	SEMANTIC VALUE UNRESOLVED	INTERPRETATION UNREVIEWED
R000510	bir	52	bir	bir	3	SEMANTIC VALUE UNRESOLVED	INTERPRETATION UNREVIEWED
R000511	birbirinden	1	birbirinden	birbirinden	11	SEMANTIC VALUE UNRESOLVED	INTERPRETATION UNREVIEWED
R000512	Birbirine	1	Birbirine	birbirine	9	SEMANTIC VALUE UNRESOLVED	INTERPRETATION UNREVIEWED
R000513	birbirlerine	1	birbirlerine	birbirlerine	12	SEMANTIC VALUE UNRESOLVED	INTERPRETATION UNREVIEWED
R000514	birden	2	birden	birden	6	SEMANTIC VALUE UNRESOLVED	INTERPRETATION UNREVIEWED
R000515	birdir,	1	birdir,	birdir,	7	SEMANTIC VALUE UNRESOLVED	INTERPRETATION UNREVIEWED
R000516	biri	2	biri	biri	4	SEMANTIC VALUE UNRESOLVED	INTERPRETATION UNREVIEWED
R000517	biridir	1	biridir	biridir	7	SEMANTIC VALUE UNRESOLVED	INTERPRETATION UNREVIEWED
R000518	birkaç	1	birkaç	birkaç	6	SEMANTIC VALUE UNRESOLVED	INTERPRETATION UNREVIEWED
R000519	birlikte	1	birlikte	birlikte	8	SEMANTIC VALUE UNRESOLVED	INTERPRETATION UNREVIEWED
R000520	birçok	3	birçok	birçok	6	SEMANTIC VALUE UNRESOLVED	INTERPRETATION UNREVIEWED
R000521	birşey	1	birşey	birşey	6	SEMANTIC VALUE UNRESOLVED	INTERPRETATION UNREVIEWED
R000522	bite	2	bite	bite	4	SEMANTIC VALUE UNRESOLVED	INTERPRETATION UNREVIEWED
R000523	bitki.	1	bitki.	bitki.	6	SEMANTIC VALUE UNRESOLVED	INTERPRETATION UNREVIEWED
R000524	bitkiler	2	bitkiler	bitkiler	8	SEMANTIC VALUE UNRESOLVED	INTERPRETATION UNREVIEWED
R000525	bitkiler,	1	bitkiler,	bitkiler,	9	SEMANTIC VALUE UNRESOLVED	INTERPRETATION UNREVIEWED
R000526	bitkisine	1	bitkisine	bitkisine	9	SEMANTIC VALUE UNRESOLVED	INTERPRETATION UNREVIEWED
R000527	BiYOGRAFİSİ	1	BiYOGRAFİSİ	biyografi̇si̇	11	SEMANTIC VALUE UNRESOLVED	INTERPRETATION UNREVIEWED
R000528	Biz	2	Biz	biz	3	SEMANTIC VALUE UNRESOLVED	INTERPRETATION UNREVIEWED
R000529	biz.	1	biz.	biz.	4	SEMANTIC VALUE UNRESOLVED	INTERPRETATION UNREVIEWED
R000530	Bizden	1	Bizden	bizden	6	SEMANTIC VALUE UNRESOLVED	INTERPRETATION UNREVIEWED
R000531	Bize	1	Bize	bize	4	SEMANTIC VALUE UNRESOLVED	INTERPRETATION UNREVIEWED
R000532	bize	4	bize	bize	4	SEMANTIC VALUE UNRESOLVED	INTERPRETATION UNREVIEWED
R000533	bizi,	1	bizi,	bizi,	5	SEMANTIC VALUE UNRESOLVED	INTERPRETATION UNREVIEWED
R000534	Bizim	3	Bizim	bizim	5	SEMANTIC VALUE UNRESOLVED	INTERPRETATION UNREVIEWED
R000535	bizim	2	bizim	bizim	5	SEMANTIC VALUE UNRESOLVED	INTERPRETATION UNREVIEWED
R000536	Bizler	2	Bizler	bizler	6	SEMANTIC VALUE UNRESOLVED	INTERPRETATION UNREVIEWED
R000537	bizler	4	bizler	bizler	6	SEMANTIC VALUE UNRESOLVED	INTERPRETATION UNREVIEWED
R000538	bizler.	1	bizler.	bizler.	7	SEMANTIC VALUE UNRESOLVED	INTERPRETATION UNREVIEWED
R000539	bizlere	2	bizlere	bizlere	7	SEMANTIC VALUE UNRESOLVED	INTERPRETATION UNREVIEWED
R000540	bizlere?	1	bizlere?	bizlere?	8	SEMANTIC VALUE UNRESOLVED	INTERPRETATION UNREVIEWED
R000541	Bizleri	2	Bizleri	bizleri	7	SEMANTIC VALUE UNRESOLVED	INTERPRETATION UNREVIEWED
R000542	bizleri.	1	bizleri.	bizleri.	8	SEMANTIC VALUE UNRESOLVED	INTERPRETATION UNREVIEWED
R000543	bi­	1	bi­	bi­	3	SEMANTIC VALUE UNRESOLVED	INTERPRETATION UNREVIEWED
R000544	BIÇÜKAN	4	BIÇÜKAN	biçükan	7	SEMANTIC VALUE UNRESOLVED	INTERPRETATION UNREVIEWED
R000545	BIÇÜKAN'la	1	BIÇÜKAN'la	biçükan'la	10	SEMANTIC VALUE UNRESOLVED	INTERPRETATION UNREVIEWED
R000546	BIÇÜKAN'ın	1	BIÇÜKAN'ın	biçükan'ın	10	SEMANTIC VALUE UNRESOLVED	INTERPRETATION UNREVIEWED
R000547	BIÇÜ­	1	BIÇÜ­	biçü­	5	SEMANTIC VALUE UNRESOLVED	INTERPRETATION UNREVIEWED
R000548	Biın	1	Biın	biın	4	SEMANTIC VALUE UNRESOLVED	INTERPRETATION UNREVIEWED
R000549	biın	2	biın	biın	4	SEMANTIC VALUE UNRESOLVED	INTERPRETATION UNREVIEWED
R000550	Bllcımle	1	Bllcımle	bllcımle	8	SEMANTIC VALUE UNRESOLVED	INTERPRETATION UNREVIEWED
R000551	Bo	1	Bo	bo	2	SEMANTIC VALUE UNRESOLVED	INTERPRETATION UNREVIEWED
R000552	bocalıyor-	1	bocalıyor-	bocalıyor-	10	SEMANTIC VALUE UNRESOLVED	INTERPRETATION UNREVIEWED
R000553	bol'e	1	bol'e	bol'e	5	SEMANTIC VALUE UNRESOLVED	INTERPRETATION UNREVIEWED
R000554	boyu	1	boyu	boyu	4	SEMANTIC VALUE UNRESOLVED	INTERPRETATION UNREVIEWED
R000555	Bozarslan	1	Bozarslan	bozarslan	9	SEMANTIC VALUE UNRESOLVED	INTERPRETATION UNREVIEWED
R000556	Bu	21	Bu	bu	2	SEMANTIC VALUE UNRESOLVED	INTERPRETATION UNREVIEWED
R000557	bu	34	bu	bu	2	SEMANTIC VALUE UNRESOLVED	INTERPRETATION UNREVIEWED
R000558	budur	2	budur	budur	5	SEMANTIC VALUE UNRESOLVED	INTERPRETATION UNREVIEWED
R000559	bugüne	1	bugüne	bugüne	6	SEMANTIC VALUE UNRESOLVED	INTERPRETATION UNREVIEWED
R000560	buke,	1	buke,	buke,	5	SEMANTIC VALUE UNRESOLVED	INTERPRETATION UNREVIEWED
R000561	Bulasa:	1	Bulasa:	bulasa:	7	SEMANTIC VALUE UNRESOLVED	INTERPRETATION UNREVIEWED
R000562	bulmuşlar,	1	bulmuşlar,	bulmuşlar,	10	SEMANTIC VALUE UNRESOLVED	INTERPRETATION UNREVIEWED
R000563	bulsun,	1	bulsun,	bulsun,	7	SEMANTIC VALUE UNRESOLVED	INTERPRETATION UNREVIEWED
R000564	bulunan	1	bulunan	bulunan	7	SEMANTIC VALUE UNRESOLVED	INTERPRETATION UNREVIEWED
R000565	bulutlardı.	1	bulutlardı.	bulutlardı.	11	SEMANTIC VALUE UNRESOLVED	INTERPRETATION UNREVIEWED
R000566	bulutları	1	bulutları	bulutları	9	SEMANTIC VALUE UNRESOLVED	INTERPRETATION UNREVIEWED
R000567	Bunca	6	Bunca	bunca	5	SEMANTIC VALUE UNRESOLVED	INTERPRETATION UNREVIEWED
R000568	bunca	2	bunca	bunca	5	SEMANTIC VALUE UNRESOLVED	INTERPRETATION UNREVIEWED
R000569	Bundan	3	Bundan	bundan	6	SEMANTIC VALUE UNRESOLVED	INTERPRETATION UNREVIEWED
R000570	bundan	1	bundan	bundan	6	SEMANTIC VALUE UNRESOLVED	INTERPRETATION UNREVIEWED
R000571	bune,	1	bune,	bune,	5	SEMANTIC VALUE UNRESOLVED	INTERPRETATION UNREVIEWED
R000572	bunlara	1	bunlara	bunlara	7	SEMANTIC VALUE UNRESOLVED	INTERPRETATION UNREVIEWED
R000573	Bunlardan	1	Bunlardan	bunlardan	9	SEMANTIC VALUE UNRESOLVED	INTERPRETATION UNREVIEWED
R000574	bunlarla	1	bunlarla	bunlarla	8	SEMANTIC VALUE UNRESOLVED	INTERPRETATION UNREVIEWED
R000575	bunları	1	bunları	bunları	7	SEMANTIC VALUE UNRESOLVED	INTERPRETATION UNREVIEWED
R000576	Bunların	3	Bunların	bunların	8	SEMANTIC VALUE UNRESOLVED	INTERPRETATION UNREVIEWED
R000577	bunu	1	bunu	bunu	4	SEMANTIC VALUE UNRESOLVED	INTERPRETATION UNREVIEWED
R000578	Bunun	3	Bunun	bunun	5	SEMANTIC VALUE UNRESOLVED	INTERPRETATION UNREVIEWED
R000579	bun­	1	bun­	bun­	4	SEMANTIC VALUE UNRESOLVED	INTERPRETATION UNREVIEWED
R000580	bural{	1	bural{	bural{	6	SEMANTIC VALUE UNRESOLVED	INTERPRETATION UNREVIEWED
R000581	Buraq	1	Buraq	buraq	5	SEMANTIC VALUE UNRESOLVED	INTERPRETATION UNREVIEWED
R000582	buwe	1	buwe	buwe	4	SEMANTIC VALUE UNRESOLVED	INTERPRETATION UNREVIEWED
R000583	buwin	2	buwin	buwin	5	SEMANTIC VALUE UNRESOLVED	INTERPRETATION UNREVIEWED
R000584	buya	1	buya	buya	4	SEMANTIC VALUE UNRESOLVED	INTERPRETATION UNREVIEWED
R000585	buye	5	buye	buye	4	SEMANTIC VALUE UNRESOLVED	INTERPRETATION UNREVIEWED
R000586	buye,	1	buye,	buye,	5	SEMANTIC VALUE UNRESOLVED	INTERPRETATION UNREVIEWED
R000587	buye;	1	buye;	buye;	5	SEMANTIC VALUE UNRESOLVED	INTERPRETATION UNREVIEWED
R000588	buyur	1	buyur	buyur	5	SEMANTIC VALUE UNRESOLVED	INTERPRETATION UNREVIEWED
R000589	bölgesinde	1	bölgesinde	bölgesinde	10	SEMANTIC VALUE UNRESOLVED	INTERPRETATION UNREVIEWED
R000590	bölgesinin	1	bölgesinin	bölgesinin	10	SEMANTIC VALUE UNRESOLVED	INTERPRETATION UNREVIEWED
R000591	bölmek	1	bölmek	bölmek	6	SEMANTIC VALUE UNRESOLVED	INTERPRETATION UNREVIEWED
R000592	böltimden	1	böltimden	böltimden	9	SEMANTIC VALUE UNRESOLVED	INTERPRETATION UNREVIEWED
R000593	bölüm-	1	bölüm-	bölüm-	6	SEMANTIC VALUE UNRESOLVED	INTERPRETATION UNREVIEWED
R000594	bölümünün	1	bölümünün	bölümünün	9	SEMANTIC VALUE UNRESOLVED	INTERPRETATION UNREVIEWED
R000595	böyle	1	böyle	böyle	5	SEMANTIC VALUE UNRESOLVED	INTERPRETATION UNREVIEWED
R000596	Böylece	1	Böylece	böylece	7	SEMANTIC VALUE UNRESOLVED	INTERPRETATION UNREVIEWED
R000597	bü,	1	bü,	bü,	3	SEMANTIC VALUE UNRESOLVED	INTERPRETATION UNREVIEWED
R000598	büke	2	büke	büke	4	SEMANTIC VALUE UNRESOLVED	INTERPRETATION UNREVIEWED
R000599	bükene	1	bükene	bükene	6	SEMANTIC VALUE UNRESOLVED	INTERPRETATION UNREVIEWED
R000600	büklüm	1	büklüm	büklüm	6	SEMANTIC VALUE UNRESOLVED	INTERPRETATION UNREVIEWED
R000601	büklümdü.	1	büklümdü.	büklümdü.	9	SEMANTIC VALUE UNRESOLVED	INTERPRETATION UNREVIEWED
R000602	Bülbüle	1	Bülbüle	bülbüle	7	SEMANTIC VALUE UNRESOLVED	INTERPRETATION UNREVIEWED
R000603	bülbülü	1	bülbülü	bülbülü	7	SEMANTIC VALUE UNRESOLVED	INTERPRETATION UNREVIEWED
R000604	Bütün	3	Bütün	bütün	5	SEMANTIC VALUE UNRESOLVED	INTERPRETATION UNREVIEWED
R000605	bütün	7	bütün	bütün	5	SEMANTIC VALUE UNRESOLVED	INTERPRETATION UNREVIEWED
R000606	büya»;	1	büya»;	büya»;	6	SEMANTIC VALUE UNRESOLVED	INTERPRETATION UNREVIEWED
R000607	büye.	1	büye.	büye.	5	SEMANTIC VALUE UNRESOLVED	INTERPRETATION UNREVIEWED
R000608	Büyük	4	Büyük	büyük	5	SEMANTIC VALUE UNRESOLVED	INTERPRETATION UNREVIEWED
R000609	büyük	2	büyük	büyük	5	SEMANTIC VALUE UNRESOLVED	INTERPRETATION UNREVIEWED
R000610	büyüklüğünden,	1	büyüklüğünden,	büyüklüğünden,	14	SEMANTIC VALUE UNRESOLVED	INTERPRETATION UNREVIEWED
R000611	büyüten	1	büyüten	büyüten	7	SEMANTIC VALUE UNRESOLVED	INTERPRETATION UNREVIEWED
R000612	Büyütüp	1	Büyütüp	büyütüp	7	SEMANTIC VALUE UNRESOLVED	INTERPRETATION UNREVIEWED
R000613	Bı	9	Bı	bı	2	SEMANTIC VALUE UNRESOLVED	INTERPRETATION UNREVIEWED
R000614	bı	176	bı	bı	2	SEMANTIC VALUE UNRESOLVED	INTERPRETATION UNREVIEWED
R000615	Bı'fkır	1	Bı'fkır	bı'fkır	7	SEMANTIC VALUE UNRESOLVED	INTERPRETATION UNREVIEWED
R000616	bıhen,	1	bıhen,	bıhen,	6	SEMANTIC VALUE UNRESOLVED	INTERPRETATION UNREVIEWED
R000617	bıjari,	1	bıjari,	bıjari,	7	SEMANTIC VALUE UNRESOLVED	INTERPRETATION UNREVIEWED
R000618	bıl	5	bıl	bıl	3	SEMANTIC VALUE UNRESOLVED	INTERPRETATION UNREVIEWED
R000619	Bılbıl	1	Bılbıl	bılbıl	6	SEMANTIC VALUE UNRESOLVED	INTERPRETATION UNREVIEWED
R000620	bılbıl	1	bılbıl	bılbıl	6	SEMANTIC VALUE UNRESOLVED	INTERPRETATION UNREVIEWED
R000621	bılınddabuye.	1	bılınddabuye.	bılınddabuye.	13	SEMANTIC VALUE UNRESOLVED	INTERPRETATION UNREVIEWED
R000622	bılındepaye!	1	bılındepaye!	bılındepaye!	12	SEMANTIC VALUE UNRESOLVED	INTERPRETATION UNREVIEWED
R000623	bın	7	bın	bın	3	SEMANTIC VALUE UNRESOLVED	INTERPRETATION UNREVIEWED
R000624	bın,	1	bın,	bın,	4	SEMANTIC VALUE UNRESOLVED	INTERPRETATION UNREVIEWED
R000625	bındestan	1	bındestan	bındestan	9	SEMANTIC VALUE UNRESOLVED	INTERPRETATION UNREVIEWED
R000626	bındes­	1	bındes­	bındes­	7	SEMANTIC VALUE UNRESOLVED	INTERPRETATION UNREVIEWED
R000627	bır	1	bır	bır	3	SEMANTIC VALUE UNRESOLVED	INTERPRETATION UNREVIEWED
R000628	bırcan	1	bırcan	bırcan	6	SEMANTIC VALUE UNRESOLVED	INTERPRETATION UNREVIEWED
R000629	bıre	1	bıre	bıre	4	SEMANTIC VALUE UNRESOLVED	INTERPRETATION UNREVIEWED
R000630	bırhan	1	bırhan	bırhan	6	SEMANTIC VALUE UNRESOLVED	INTERPRETATION UNREVIEWED
R000631	bırıqi	1	bırıqi	bırıqi	6	SEMANTIC VALUE UNRESOLVED	INTERPRETATION UNREVIEWED
R000632	bıt	11	bıt	bıt	3	SEMANTIC VALUE UNRESOLVED	INTERPRETATION UNREVIEWED
R000633	bıt,	2	bıt,	bıt,	4	SEMANTIC VALUE UNRESOLVED	INTERPRETATION UNREVIEWED
R000634	bıt?	1	bıt?	bıt?	4	SEMANTIC VALUE UNRESOLVED	INTERPRETATION UNREVIEWED
R000635	bıtın	4	bıtın	bıtın	5	SEMANTIC VALUE UNRESOLVED	INTERPRETATION UNREVIEWED
R000636	bıçuked	1	bıçuked	bıçuked	7	SEMANTIC VALUE UNRESOLVED	INTERPRETATION UNREVIEWED
R000637	bıı	1	bıı	bıı	3	SEMANTIC VALUE UNRESOLVED	INTERPRETATION UNREVIEWED
R000638	b€de	1	b€de	b€de	4	SEMANTIC VALUE UNRESOLVED	INTERPRETATION UNREVIEWED
R000639	cam	1	cam	cam	3	SEMANTIC VALUE UNRESOLVED	INTERPRETATION UNREVIEWED
R000640	cam-ı	1	cam-ı	cam-ı	5	SEMANTIC VALUE UNRESOLVED	INTERPRETATION UNREVIEWED
R000641	Came	1	Came	came	4	SEMANTIC VALUE UNRESOLVED	INTERPRETATION UNREVIEWED
R000642	cameri	1	cameri	cameri	6	SEMANTIC VALUE UNRESOLVED	INTERPRETATION UNREVIEWED
R000643	can;	1	can;	can;	4	SEMANTIC VALUE UNRESOLVED	INTERPRETATION UNREVIEWED
R000644	can?	1	can?	can?	4	SEMANTIC VALUE UNRESOLVED	INTERPRETATION UNREVIEWED
R000645	canan	1	canan	canan	5	SEMANTIC VALUE UNRESOLVED	INTERPRETATION UNREVIEWED
R000646	canan!	1	canan!	canan!	6	SEMANTIC VALUE UNRESOLVED	INTERPRETATION UNREVIEWED
R000647	Canavarların	1	Canavarların	canavarların	12	SEMANTIC VALUE UNRESOLVED	INTERPRETATION UNREVIEWED
R000648	cani!	1	cani!	cani!	5	SEMANTIC VALUE UNRESOLVED	INTERPRETATION UNREVIEWED
R000649	canlarının	1	canlarının	canlarının	10	SEMANTIC VALUE UNRESOLVED	INTERPRETATION UNREVIEWED
R000650	canlıların	1	canlıların	canlıların	10	SEMANTIC VALUE UNRESOLVED	INTERPRETATION UNREVIEWED
R000651	Cansızlar	1	Cansızlar	cansızlar	9	SEMANTIC VALUE UNRESOLVED	INTERPRETATION UNREVIEWED
R000652	canı	1	canı	canı	4	SEMANTIC VALUE UNRESOLVED	INTERPRETATION UNREVIEWED
R000653	caran	2	caran	caran	5	SEMANTIC VALUE UNRESOLVED	INTERPRETATION UNREVIEWED
R000654	Carek	1	Carek	carek	5	SEMANTIC VALUE UNRESOLVED	INTERPRETATION UNREVIEWED
R000655	carek	1	carek	carek	5	SEMANTIC VALUE UNRESOLVED	INTERPRETATION UNREVIEWED
R000656	carek»	1	carek»	carek»	6	SEMANTIC VALUE UNRESOLVED	INTERPRETATION UNREVIEWED
R000657	cari	1	cari	cari	4	SEMANTIC VALUE UNRESOLVED	INTERPRETATION UNREVIEWED
R000658	carna	1	carna	carna	5	SEMANTIC VALUE UNRESOLVED	INTERPRETATION UNREVIEWED
R000659	cebirle,	1	cebirle,	cebirle,	8	SEMANTIC VALUE UNRESOLVED	INTERPRETATION UNREVIEWED
R000660	cebr	1	cebr	cebr	4	SEMANTIC VALUE UNRESOLVED	INTERPRETATION UNREVIEWED
R000661	cedel	1	cedel	cedel	5	SEMANTIC VALUE UNRESOLVED	INTERPRETATION UNREVIEWED
R000662	Cehennem	2	Cehennem	cehennem	8	SEMANTIC VALUE UNRESOLVED	INTERPRETATION UNREVIEWED
R000663	cehennem	1	cehennem	cehennem	8	SEMANTIC VALUE UNRESOLVED	INTERPRETATION UNREVIEWED
R000664	cehennem.	1	cehennem.	cehennem.	9	SEMANTIC VALUE UNRESOLVED	INTERPRETATION UNREVIEWED
R000665	celal	1	celal	celal	5	SEMANTIC VALUE UNRESOLVED	INTERPRETATION UNREVIEWED
R000666	celb	1	celb	celb	4	SEMANTIC VALUE UNRESOLVED	INTERPRETATION UNREVIEWED
R000667	Cem	2	Cem	cem	3	SEMANTIC VALUE UNRESOLVED	INTERPRETATION UNREVIEWED
R000668	cem'e	2	cem'e	cem'e	5	SEMANTIC VALUE UNRESOLVED	INTERPRETATION UNREVIEWED
R000669	Cem:	2	Cem:	cem:	4	SEMANTIC VALUE UNRESOLVED	INTERPRETATION UNREVIEWED
R000670	cemadat	1	cemadat	cemadat	7	SEMANTIC VALUE UNRESOLVED	INTERPRETATION UNREVIEWED
R000671	cemale	2	cemale	cemale	6	SEMANTIC VALUE UNRESOLVED	INTERPRETATION UNREVIEWED
R000672	cemi'	1	cemi'	cemi'	5	SEMANTIC VALUE UNRESOLVED	INTERPRETATION UNREVIEWED
R000673	cemi'i	1	cemi'i	cemi'i	6	SEMANTIC VALUE UNRESOLVED	INTERPRETATION UNREVIEWED
R000674	cemie	1	cemie	cemie	5	SEMANTIC VALUE UNRESOLVED	INTERPRETATION UNREVIEWED
R000675	Cemşit.	1	Cemşit.	cemşit.	7	SEMANTIC VALUE UNRESOLVED	INTERPRETATION UNREVIEWED
R000676	cenabe	1	cenabe	cenabe	6	SEMANTIC VALUE UNRESOLVED	INTERPRETATION UNREVIEWED
R000677	cenane!	1	cenane!	cenane!	7	SEMANTIC VALUE UNRESOLVED	INTERPRETATION UNREVIEWED
R000678	Cennet	1	Cennet	cennet	6	SEMANTIC VALUE UNRESOLVED	INTERPRETATION UNREVIEWED
R000679	cennet	1	cennet	cennet	6	SEMANTIC VALUE UNRESOLVED	INTERPRETATION UNREVIEWED
R000680	cennet.	1	cennet.	cennet.	7	SEMANTIC VALUE UNRESOLVED	INTERPRETATION UNREVIEWED
R000681	cennete	1	cennete	cennete	7	SEMANTIC VALUE UNRESOLVED	INTERPRETATION UNREVIEWED
R000682	cennetle	1	cennetle	cennetle	8	SEMANTIC VALUE UNRESOLVED	INTERPRETATION UNREVIEWED
R000683	cephe	2	cephe	cephe	5	SEMANTIC VALUE UNRESOLVED	INTERPRETATION UNREVIEWED
R000684	cesa­	1	cesa­	cesa­	5	SEMANTIC VALUE UNRESOLVED	INTERPRETATION UNREVIEWED
R000685	cesed	1	cesed	cesed	5	SEMANTIC VALUE UNRESOLVED	INTERPRETATION UNREVIEWED
R000686	cevher	1	cevher	cevher	6	SEMANTIC VALUE UNRESOLVED	INTERPRETATION UNREVIEWED
R000687	cevheri	1	cevheri	cevheri	7	SEMANTIC VALUE UNRESOLVED	INTERPRETATION UNREVIEWED
R000688	cevherleri,	1	cevherleri,	cevherleri,	11	SEMANTIC VALUE UNRESOLVED	INTERPRETATION UNREVIEWED
R000689	cewahır	1	cewahır	cewahır	7	SEMANTIC VALUE UNRESOLVED	INTERPRETATION UNREVIEWED
R000690	cewhera	1	cewhera	cewhera	7	SEMANTIC VALUE UNRESOLVED	INTERPRETATION UNREVIEWED
R000691	cewhere	1	cewhere	cewhere	7	SEMANTIC VALUE UNRESOLVED	INTERPRETATION UNREVIEWED
R000692	cih	1	cih	cih	3	SEMANTIC VALUE UNRESOLVED	INTERPRETATION UNREVIEWED
R000693	cihan	2	cihan	cihan	5	SEMANTIC VALUE UNRESOLVED	INTERPRETATION UNREVIEWED
R000694	cihangir	1	cihangir	cihangir	8	SEMANTIC VALUE UNRESOLVED	INTERPRETATION UNREVIEWED
R000695	cihangir,	1	cihangir,	cihangir,	9	SEMANTIC VALUE UNRESOLVED	INTERPRETATION UNREVIEWED
R000696	cihannuma	1	cihannuma	cihannuma	9	SEMANTIC VALUE UNRESOLVED	INTERPRETATION UNREVIEWED
R000697	cihet	1	cihet	cihet	5	SEMANTIC VALUE UNRESOLVED	INTERPRETATION UNREVIEWED
R000698	cillan	1	cillan	cillan	6	SEMANTIC VALUE UNRESOLVED	INTERPRETATION UNREVIEWED
R000699	cinayet	1	cinayet	cinayet	7	SEMANTIC VALUE UNRESOLVED	INTERPRETATION UNREVIEWED
R000700	cinlerde,	1	cinlerde,	cinlerde,	9	SEMANTIC VALUE UNRESOLVED	INTERPRETATION UNREVIEWED
R000701	cinlerin	1	cinlerin	cinlerin	8	SEMANTIC VALUE UNRESOLVED	INTERPRETATION UNREVIEWED
R000702	Cisimler	1	Cisimler	cisimler	8	SEMANTIC VALUE UNRESOLVED	INTERPRETATION UNREVIEWED
R000703	cisimler	1	cisimler	cisimler	8	SEMANTIC VALUE UNRESOLVED	INTERPRETATION UNREVIEWED
R000704	cismekın,	1	cismekın,	cismekın,	9	SEMANTIC VALUE UNRESOLVED	INTERPRETATION UNREVIEWED
R000705	clitın».	1	clitın».	clitın».	8	SEMANTIC VALUE UNRESOLVED	INTERPRETATION UNREVIEWED
R000706	clı	1	clı	clı	3	SEMANTIC VALUE UNRESOLVED	INTERPRETATION UNREVIEWED
R000707	Contents	1	Contents	contents	8	SEMANTIC VALUE UNRESOLVED	INTERPRETATION UNREVIEWED
R000708	cuz'lı	1	cuz'lı	cuz'lı	6	SEMANTIC VALUE UNRESOLVED	INTERPRETATION UNREVIEWED
R000709	cyb	1	cyb	cyb	3	SEMANTIC VALUE UNRESOLVED	INTERPRETATION UNREVIEWED
R000710	Cömertçe	1	Cömertçe	cömertçe	8	SEMANTIC VALUE UNRESOLVED	INTERPRETATION UNREVIEWED
R000711	cümleler	1	cümleler	cümleler	8	SEMANTIC VALUE UNRESOLVED	INTERPRETATION UNREVIEWED
R000712	cüz'lerin	1	cüz'lerin	cüz'lerin	9	SEMANTIC VALUE UNRESOLVED	INTERPRETATION UNREVIEWED
R000713	cıhe	1	cıhe	cıhe	4	SEMANTIC VALUE UNRESOLVED	INTERPRETATION UNREVIEWED
R000714	cımle	6	cımle	cımle	5	SEMANTIC VALUE UNRESOLVED	INTERPRETATION UNREVIEWED
R000715	cımleki	1	cımleki	cımleki	7	SEMANTIC VALUE UNRESOLVED	INTERPRETATION UNREVIEWED
R000716	Cımşid,	1	Cımşid,	cımşid,	7	SEMANTIC VALUE UNRESOLVED	INTERPRETATION UNREVIEWED
R000717	cınse	2	cınse	cınse	5	SEMANTIC VALUE UNRESOLVED	INTERPRETATION UNREVIEWED
R000718	cır'	1	cır'	cır'	4	SEMANTIC VALUE UNRESOLVED	INTERPRETATION UNREVIEWED
R000719	cıvandiye	1	cıvandiye	cıvandiye	9	SEMANTIC VALUE UNRESOLVED	INTERPRETATION UNREVIEWED
R000720	d	1	d	d	1	SEMANTIC VALUE UNRESOLVED	INTERPRETATION UNREVIEWED
R000721	D!	1	D!	d!	2	SEMANTIC VALUE UNRESOLVED	INTERPRETATION UNREVIEWED
R000722	DA	1	DA	da	2	SEMANTIC VALUE UNRESOLVED	INTERPRETATION UNREVIEWED
R000723	Da	3	Da	da	2	SEMANTIC VALUE UNRESOLVED	INTERPRETATION UNREVIEWED
R000724	da	48	da	da	2	SEMANTIC VALUE UNRESOLVED	INTERPRETATION UNREVIEWED
R000725	Da'wa	2	Da'wa	da'wa	5	SEMANTIC VALUE UNRESOLVED	INTERPRETATION UNREVIEWED
R000726	da,	2	da,	da,	3	SEMANTIC VALUE UNRESOLVED	INTERPRETATION UNREVIEWED
R000727	da.	1	da.	da.	3	SEMANTIC VALUE UNRESOLVED	INTERPRETATION UNREVIEWED
R000728	daha	1	daha	daha	4	SEMANTIC VALUE UNRESOLVED	INTERPRETATION UNREVIEWED
R000729	daHanma	1	daHanma	dahanma	7	SEMANTIC VALUE UNRESOLVED	INTERPRETATION UNREVIEWED
R000730	dahi	1	dahi	dahi	4	SEMANTIC VALUE UNRESOLVED	INTERPRETATION UNREVIEWED
R000731	daim!	1	daim!	daim!	5	SEMANTIC VALUE UNRESOLVED	INTERPRETATION UNREVIEWED
R000732	daima	1	daima	daima	5	SEMANTIC VALUE UNRESOLVED	INTERPRETATION UNREVIEWED
R000733	dalale	1	dalale	dalale	6	SEMANTIC VALUE UNRESOLVED	INTERPRETATION UNREVIEWED
R000734	dalkavuk	1	dalkavuk	dalkavuk	8	SEMANTIC VALUE UNRESOLVED	INTERPRETATION UNREVIEWED
R000735	dalkavukluk	1	dalkavukluk	dalkavukluk	11	SEMANTIC VALUE UNRESOLVED	INTERPRETATION UNREVIEWED
R000736	dal­	1	dal­	dal­	4	SEMANTIC VALUE UNRESOLVED	INTERPRETATION UNREVIEWED
R000737	dame	1	dame	dame	4	SEMANTIC VALUE UNRESOLVED	INTERPRETATION UNREVIEWED
R000738	dane	1	dane	dane	4	SEMANTIC VALUE UNRESOLVED	INTERPRETATION UNREVIEWED
R000739	Dani	1	Dani	dani	4	SEMANTIC VALUE UNRESOLVED	INTERPRETATION UNREVIEWED
R000740	dani.	1	dani.	dani.	5	SEMANTIC VALUE UNRESOLVED	INTERPRETATION UNREVIEWED
R000741	danin	1	danin	danin	5	SEMANTIC VALUE UNRESOLVED	INTERPRETATION UNREVIEWED
R000742	darmadağın	1	darmadağın	darmadağın	10	SEMANTIC VALUE UNRESOLVED	INTERPRETATION UNREVIEWED
R000743	Davasını	1	Davasını	davasını	8	SEMANTIC VALUE UNRESOLVED	INTERPRETATION UNREVIEWED
R000744	dave	1	dave	dave	4	SEMANTIC VALUE UNRESOLVED	INTERPRETATION UNREVIEWED
R000745	Davek	1	Davek	davek	5	SEMANTIC VALUE UNRESOLVED	INTERPRETATION UNREVIEWED
R000746	davranış	1	davranış	davranış	8	SEMANTIC VALUE UNRESOLVED	INTERPRETATION UNREVIEWED
R000747	davulsuz	1	davulsuz	davulsuz	8	SEMANTIC VALUE UNRESOLVED	INTERPRETATION UNREVIEWED
R000748	Davut	1	Davut	davut	5	SEMANTIC VALUE UNRESOLVED	INTERPRETATION UNREVIEWED
R000749	Dawfı.di-yfı.	1	Dawfı.di-yfı.	dawfı.di-yfı.	13	SEMANTIC VALUE UNRESOLVED	INTERPRETATION UNREVIEWED
R000750	dawiya	1	dawiya	dawiya	6	SEMANTIC VALUE UNRESOLVED	INTERPRETATION UNREVIEWED
R000751	dawi­	1	dawi­	dawi­	5	SEMANTIC VALUE UNRESOLVED	INTERPRETATION UNREVIEWED
R000752	DAXWAZA	2	DAXWAZA	daxwaza	7	SEMANTIC VALUE UNRESOLVED	INTERPRETATION UNREVIEWED
R000753	dayanağı!	1	dayanağı!	dayanağı!	9	SEMANTIC VALUE UNRESOLVED	INTERPRETATION UNREVIEWED
R000754	daye	1	daye	daye	4	SEMANTIC VALUE UNRESOLVED	INTERPRETATION UNREVIEWED
R000755	daye,	1	daye,	daye,	5	SEMANTIC VALUE UNRESOLVED	INTERPRETATION UNREVIEWED
R000756	dayken	1	dayken	dayken	6	SEMANTIC VALUE UNRESOLVED	INTERPRETATION UNREVIEWED
R000757	da­	1	da­	da­	3	SEMANTIC VALUE UNRESOLVED	INTERPRETATION UNREVIEWED
R000758	daşı	1	daşı	daşı	4	SEMANTIC VALUE UNRESOLVED	INTERPRETATION UNREVIEWED
R000759	De	6	De	de	2	SEMANTIC VALUE UNRESOLVED	INTERPRETATION UNREVIEWED
R000760	de	57	de	de	2	SEMANTIC VALUE UNRESOLVED	INTERPRETATION UNREVIEWED
R000761	de!	1	de!	de!	3	SEMANTIC VALUE UNRESOLVED	INTERPRETATION UNREVIEWED
R000762	de,	4	de,	de,	3	SEMANTIC VALUE UNRESOLVED	INTERPRETATION UNREVIEWED
R000763	de,.	1	de,.	de,.	4	SEMANTIC VALUE UNRESOLVED	INTERPRETATION UNREVIEWED
R000764	debr	1	debr	debr	4	SEMANTIC VALUE UNRESOLVED	INTERPRETATION UNREVIEWED
R000765	Dedi	1	Dedi	dedi	4	SEMANTIC VALUE UNRESOLVED	INTERPRETATION UNREVIEWED
R000766	dediler.	1	dediler.	dediler.	8	SEMANTIC VALUE UNRESOLVED	INTERPRETATION UNREVIEWED
R000767	defa	5	defa	defa	4	SEMANTIC VALUE UNRESOLVED	INTERPRETATION UNREVIEWED
R000768	defada	1	defada	defada	6	SEMANTIC VALUE UNRESOLVED	INTERPRETATION UNREVIEWED
R000769	definesi;	1	definesi;	definesi;	9	SEMANTIC VALUE UNRESOLVED	INTERPRETATION UNREVIEWED
R000770	definesin	1	definesin	definesin	9	SEMANTIC VALUE UNRESOLVED	INTERPRETATION UNREVIEWED
R000771	defnedil­	1	defnedil­	defnedil­	9	SEMANTIC VALUE UNRESOLVED	INTERPRETATION UNREVIEWED
R000772	defınkırın.	1	defınkırın.	defınkırın.	11	SEMANTIC VALUE UNRESOLVED	INTERPRETATION UNREVIEWED
R000773	dek.	1	dek.	dek.	4	SEMANTIC VALUE UNRESOLVED	INTERPRETATION UNREVIEWED
R000774	dek?	1	dek?	dek?	4	SEMANTIC VALUE UNRESOLVED	INTERPRETATION UNREVIEWED
R000775	delawered-ı	1	delawered-ı	delawered-ı	11	SEMANTIC VALUE UNRESOLVED	INTERPRETATION UNREVIEWED
R000776	delil	1	delil	delil	5	SEMANTIC VALUE UNRESOLVED	INTERPRETATION UNREVIEWED
R000777	delil,	1	delil,	delil,	6	SEMANTIC VALUE UNRESOLVED	INTERPRETATION UNREVIEWED
R000778	delil.	1	delil.	delil.	6	SEMANTIC VALUE UNRESOLVED	INTERPRETATION UNREVIEWED
R000779	deliller	1	deliller	deliller	8	SEMANTIC VALUE UNRESOLVED	INTERPRETATION UNREVIEWED
R000780	delillerdir!	1	delillerdir!	delillerdir!	12	SEMANTIC VALUE UNRESOLVED	INTERPRETATION UNREVIEWED
R000781	delirttin	1	delirttin	delirttin	9	SEMANTIC VALUE UNRESOLVED	INTERPRETATION UNREVIEWED
R000782	deliye	1	deliye	deliye	6	SEMANTIC VALUE UNRESOLVED	INTERPRETATION UNREVIEWED
R000783	dema	4	dema	dema	4	SEMANTIC VALUE UNRESOLVED	INTERPRETATION UNREVIEWED
R000784	deme	2	deme	deme	4	SEMANTIC VALUE UNRESOLVED	INTERPRETATION UNREVIEWED
R000785	demed	1	demed	demed	5	SEMANTIC VALUE UNRESOLVED	INTERPRETATION UNREVIEWED
R000786	demeki	1	demeki	demeki	6	SEMANTIC VALUE UNRESOLVED	INTERPRETATION UNREVIEWED
R000787	demektir	1	demektir	demektir	8	SEMANTIC VALUE UNRESOLVED	INTERPRETATION UNREVIEWED
R000788	demiştir:	1	demiştir:	demiştir:	9	SEMANTIC VALUE UNRESOLVED	INTERPRETATION UNREVIEWED
R000789	deng	1	deng	deng	4	SEMANTIC VALUE UNRESOLVED	INTERPRETATION UNREVIEWED
R000790	denge	1	denge	denge	5	SEMANTIC VALUE UNRESOLVED	INTERPRETATION UNREVIEWED
R000791	dengidir.	1	dengidir.	dengidir.	9	SEMANTIC VALUE UNRESOLVED	INTERPRETATION UNREVIEWED
R000792	dengiydi.	1	dengiydi.	dengiydi.	9	SEMANTIC VALUE UNRESOLVED	INTERPRETATION UNREVIEWED
R000793	denk	1	denk	denk	4	SEMANTIC VALUE UNRESOLVED	INTERPRETATION UNREVIEWED
R000794	denli	1	denli	denli	5	SEMANTIC VALUE UNRESOLVED	INTERPRETATION UNREVIEWED
R000795	Der	2	Der	der	3	SEMANTIC VALUE UNRESOLVED	INTERPRETATION UNREVIEWED
R000796	der	4	der	der	3	SEMANTIC VALUE UNRESOLVED	INTERPRETATION UNREVIEWED
R000797	der,	1	der,	der,	4	SEMANTIC VALUE UNRESOLVED	INTERPRETATION UNREVIEWED
R000798	derbaz	1	derbaz	derbaz	6	SEMANTIC VALUE UNRESOLVED	INTERPRETATION UNREVIEWED
R000799	Derde	2	Derde	derde	5	SEMANTIC VALUE UNRESOLVED	INTERPRETATION UNREVIEWED
R000800	Derdimiz	1	Derdimiz	derdimiz	8	SEMANTIC VALUE UNRESOLVED	INTERPRETATION UNREVIEWED
R000801	derdindir.	1	derdindir.	derdindir.	10	SEMANTIC VALUE UNRESOLVED	INTERPRETATION UNREVIEWED
R000802	DERDlMlZ	1	DERDlMlZ	derdlmlz	8	SEMANTIC VALUE UNRESOLVED	INTERPRETATION UNREVIEWED
R000803	dere	2	dere	dere	4	SEMANTIC VALUE UNRESOLVED	INTERPRETATION UNREVIEWED
R000804	dere,	1	dere,	dere,	5	SEMANTIC VALUE UNRESOLVED	INTERPRETATION UNREVIEWED
R000805	derecelik	1	derecelik	derecelik	9	SEMANTIC VALUE UNRESOLVED	INTERPRETATION UNREVIEWED
R000806	Derhal	2	Derhal	derhal	6	SEMANTIC VALUE UNRESOLVED	INTERPRETATION UNREVIEWED
R000807	derin	2	derin	derin	5	SEMANTIC VALUE UNRESOLVED	INTERPRETATION UNREVIEWED
R000808	derin.	1	derin.	derin.	6	SEMANTIC VALUE UNRESOLVED	INTERPRETATION UNREVIEWED
R000809	ders,	1	ders,	ders,	5	SEMANTIC VALUE UNRESOLVED	INTERPRETATION UNREVIEWED
R000810	Dersa	1	Dersa	dersa	5	SEMANTIC VALUE UNRESOLVED	INTERPRETATION UNREVIEWED
R000811	dersin	1	dersin	dersin	6	SEMANTIC VALUE UNRESOLVED	INTERPRETATION UNREVIEWED
R000812	derxure	1	derxure	derxure	7	SEMANTIC VALUE UNRESOLVED	INTERPRETATION UNREVIEWED
R000813	derıli	1	derıli	derıli	6	SEMANTIC VALUE UNRESOLVED	INTERPRETATION UNREVIEWED
R000814	derım,	1	derım,	derım,	6	SEMANTIC VALUE UNRESOLVED	INTERPRETATION UNREVIEWED
R000815	dest	3	dest	dest	4	SEMANTIC VALUE UNRESOLVED	INTERPRETATION UNREVIEWED
R000816	DESTANA	1	DESTANA	destana	7	SEMANTIC VALUE UNRESOLVED	INTERPRETATION UNREVIEWED
R000817	Destana	2	Destana	destana	7	SEMANTIC VALUE UNRESOLVED	INTERPRETATION UNREVIEWED
R000818	destandır.	1	destandır.	destandır.	10	SEMANTIC VALUE UNRESOLVED	INTERPRETATION UNREVIEWED
R000819	destaneki	1	destaneki	destaneki	9	SEMANTIC VALUE UNRESOLVED	INTERPRETATION UNREVIEWED
R000820	destanı	1	destanı	destanı	7	SEMANTIC VALUE UNRESOLVED	INTERPRETATION UNREVIEWED
R000821	desta­	1	desta­	desta­	6	SEMANTIC VALUE UNRESOLVED	INTERPRETATION UNREVIEWED
R000822	Deste	1	Deste	deste	5	SEMANTIC VALUE UNRESOLVED	INTERPRETATION UNREVIEWED
R000823	deste	4	deste	deste	5	SEMANTIC VALUE UNRESOLVED	INTERPRETATION UNREVIEWED
R000824	Desteklemek,	1	Desteklemek,	desteklemek,	12	SEMANTIC VALUE UNRESOLVED	INTERPRETATION UNREVIEWED
R000825	destpekırına	1	destpekırına	destpekırına	12	SEMANTIC VALUE UNRESOLVED	INTERPRETATION UNREVIEWED
R000826	DEUDlt	1	DEUDlt	deudlt	6	SEMANTIC VALUE UNRESOLVED	INTERPRETATION UNREVIEWED
R000827	dev	3	dev	dev	3	SEMANTIC VALUE UNRESOLVED	INTERPRETATION UNREVIEWED
R000828	dev,	1	dev,	dev,	4	SEMANTIC VALUE UNRESOLVED	INTERPRETATION UNREVIEWED
R000829	deva	1	deva	deva	4	SEMANTIC VALUE UNRESOLVED	INTERPRETATION UNREVIEWED
R000830	devir	1	devir	devir	5	SEMANTIC VALUE UNRESOLVED	INTERPRETATION UNREVIEWED
R000831	devleti	1	devleti	devleti	7	SEMANTIC VALUE UNRESOLVED	INTERPRETATION UNREVIEWED
R000832	devletin	1	devletin	devletin	8	SEMANTIC VALUE UNRESOLVED	INTERPRETATION UNREVIEWED
R000833	dewe	1	dewe	dewe	4	SEMANTIC VALUE UNRESOLVED	INTERPRETATION UNREVIEWED
R000834	dewlemendbfına	1	dewlemendbfına	dewlemendbfına	14	SEMANTIC VALUE UNRESOLVED	INTERPRETATION UNREVIEWED
R000835	dewlet	1	dewlet	dewlet	6	SEMANTIC VALUE UNRESOLVED	INTERPRETATION UNREVIEWED
R000836	dewleta	1	dewleta	dewleta	7	SEMANTIC VALUE UNRESOLVED	INTERPRETATION UNREVIEWED
R000837	dewlete	1	dewlete	dewlete	7	SEMANTIC VALUE UNRESOLVED	INTERPRETATION UNREVIEWED
R000838	dewre	1	dewre	dewre	5	SEMANTIC VALUE UNRESOLVED	INTERPRETATION UNREVIEWED
R000839	dewwar	1	dewwar	dewwar	6	SEMANTIC VALUE UNRESOLVED	INTERPRETATION UNREVIEWED
R000840	deydi.	1	deydi.	deydi.	6	SEMANTIC VALUE UNRESOLVED	INTERPRETATION UNREVIEWED
R000841	değer,	1	değer,	değer,	6	SEMANTIC VALUE UNRESOLVED	INTERPRETATION UNREVIEWED
R000842	değeri	1	değeri	değeri	6	SEMANTIC VALUE UNRESOLVED	INTERPRETATION UNREVIEWED
R000843	değerini	1	değerini	değerini	8	SEMANTIC VALUE UNRESOLVED	INTERPRETATION UNREVIEWED
R000844	değeriyle	1	değeriyle	değeriyle	9	SEMANTIC VALUE UNRESOLVED	INTERPRETATION UNREVIEWED
R000845	değerli	3	değerli	değerli	7	SEMANTIC VALUE UNRESOLVED	INTERPRETATION UNREVIEWED
R000846	değil,	3	değil,	değil,	6	SEMANTIC VALUE UNRESOLVED	INTERPRETATION UNREVIEWED
R000847	değildir.	2	değildir.	değildir.	9	SEMANTIC VALUE UNRESOLVED	INTERPRETATION UNREVIEWED
R000848	değilsin,	1	değilsin,	değilsin,	9	SEMANTIC VALUE UNRESOLVED	INTERPRETATION UNREVIEWED
R000849	değiştirmedik,	1	değiştirmedik,	değiştirmedik,	14	SEMANTIC VALUE UNRESOLVED	INTERPRETATION UNREVIEWED
R000850	dft	1	dft	dft	3	SEMANTIC VALUE UNRESOLVED	INTERPRETATION UNREVIEWED
R000851	Dfıre	1	Dfıre	dfıre	5	SEMANTIC VALUE UNRESOLVED	INTERPRETATION UNREVIEWED
R000852	di	1	di	di	2	SEMANTIC VALUE UNRESOLVED	INTERPRETATION UNREVIEWED
R000853	di,	1	di,	di,	3	SEMANTIC VALUE UNRESOLVED	INTERPRETATION UNREVIEWED
R000854	di-	1	di-	di-	3	SEMANTIC VALUE UNRESOLVED	INTERPRETATION UNREVIEWED
R000855	dikenlerden	1	dikenlerden	dikenlerden	11	SEMANTIC VALUE UNRESOLVED	INTERPRETATION UNREVIEWED
R000856	dil	1	dil	dil	3	SEMANTIC VALUE UNRESOLVED	INTERPRETATION UNREVIEWED
R000857	dilediğimiz	1	dilediğimiz	dilediğimiz	11	SEMANTIC VALUE UNRESOLVED	INTERPRETATION UNREVIEWED
R000858	dilediğini	1	dilediğini	dilediğini	10	SEMANTIC VALUE UNRESOLVED	INTERPRETATION UNREVIEWED
R000859	dileksizsin.	1	dileksizsin.	dileksizsin.	12	SEMANTIC VALUE UNRESOLVED	INTERPRETATION UNREVIEWED
R000860	dileştirmiştir.	1	dileştirmiştir.	dileştirmiştir.	15	SEMANTIC VALUE UNRESOLVED	INTERPRETATION UNREVIEWED
R000861	Dilherleri	1	Dilherleri	dilherleri	10	SEMANTIC VALUE UNRESOLVED	INTERPRETATION UNREVIEWED
R000862	dili	2	dili	dili	4	SEMANTIC VALUE UNRESOLVED	INTERPRETATION UNREVIEWED
R000863	Dilimizle	1	Dilimizle	dilimizle	9	SEMANTIC VALUE UNRESOLVED	INTERPRETATION UNREVIEWED
R000864	dilin	1	dilin	dilin	5	SEMANTIC VALUE UNRESOLVED	INTERPRETATION UNREVIEWED
R000865	dilinde	1	dilinde	dilinde	7	SEMANTIC VALUE UNRESOLVED	INTERPRETATION UNREVIEWED
R000866	diliyle,	2	diliyle,	diliyle,	8	SEMANTIC VALUE UNRESOLVED	INTERPRETATION UNREVIEWED
R000867	dille	1	dille	dille	5	SEMANTIC VALUE UNRESOLVED	INTERPRETATION UNREVIEWED
R000868	Din	1	Din	din	3	SEMANTIC VALUE UNRESOLVED	INTERPRETATION UNREVIEWED
R000869	din	4	din	din	3	SEMANTIC VALUE UNRESOLVED	INTERPRETATION UNREVIEWED
R000870	din,	1	din,	din,	4	SEMANTIC VALUE UNRESOLVED	INTERPRETATION UNREVIEWED
R000871	din-ı	1	din-ı	din-ı	5	SEMANTIC VALUE UNRESOLVED	INTERPRETATION UNREVIEWED
R000872	dine	3	dine	dine	4	SEMANTIC VALUE UNRESOLVED	INTERPRETATION UNREVIEWED
R000873	dine,	1	dine,	dine,	5	SEMANTIC VALUE UNRESOLVED	INTERPRETATION UNREVIEWED
R000874	Dini	1	Dini	dini	4	SEMANTIC VALUE UNRESOLVED	INTERPRETATION UNREVIEWED
R000875	dini	1	dini	dini	4	SEMANTIC VALUE UNRESOLVED	INTERPRETATION UNREVIEWED
R000876	dininden	2	dininden	dininden	8	SEMANTIC VALUE UNRESOLVED	INTERPRETATION UNREVIEWED
R000877	Dinini	1	Dinini	dinini	6	SEMANTIC VALUE UNRESOLVED	INTERPRETATION UNREVIEWED
R000878	dinleri	1	dinleri	dinleri	7	SEMANTIC VALUE UNRESOLVED	INTERPRETATION UNREVIEWED
R000879	ditın»;	1	ditın»;	ditın»;	7	SEMANTIC VALUE UNRESOLVED	INTERPRETATION UNREVIEWED
R000880	diyari	1	diyari	diyari	6	SEMANTIC VALUE UNRESOLVED	INTERPRETATION UNREVIEWED
R000881	diyari:	1	diyari:	diyari:	7	SEMANTIC VALUE UNRESOLVED	INTERPRETATION UNREVIEWED
R000882	diye,	1	diye,	diye,	5	SEMANTIC VALUE UNRESOLVED	INTERPRETATION UNREVIEWED
R000883	diyen	1	diyen	diyen	5	SEMANTIC VALUE UNRESOLVED	INTERPRETATION UNREVIEWED
R000884	diyeyim;	1	diyeyim;	diyeyim;	8	SEMANTIC VALUE UNRESOLVED	INTERPRETATION UNREVIEWED
R000885	Dizisi	1	Dizisi	dizisi	6	SEMANTIC VALUE UNRESOLVED	INTERPRETATION UNREVIEWED
R000886	di­	1	di­	di­	3	SEMANTIC VALUE UNRESOLVED	INTERPRETATION UNREVIEWED
R000887	diğer	1	diğer	diğer	5	SEMANTIC VALUE UNRESOLVED	INTERPRETATION UNREVIEWED
R000888	diğiniz	1	diğiniz	diğiniz	7	SEMANTIC VALUE UNRESOLVED	INTERPRETATION UNREVIEWED
R000889	dm	4	dm	dm	2	SEMANTIC VALUE UNRESOLVED	INTERPRETATION UNREVIEWED
R000890	dmyayeda	1	dmyayeda	dmyayeda	8	SEMANTIC VALUE UNRESOLVED	INTERPRETATION UNREVIEWED
R000891	dokuz	2	dokuz	dokuz	5	SEMANTIC VALUE UNRESOLVED	INTERPRETATION UNREVIEWED
R000892	dolaşan	1	dolaşan	dolaşan	7	SEMANTIC VALUE UNRESOLVED	INTERPRETATION UNREVIEWED
R000893	dolduran	1	dolduran	dolduran	8	SEMANTIC VALUE UNRESOLVED	INTERPRETATION UNREVIEWED
R000894	Doldurdu	1	Doldurdu	doldurdu	8	SEMANTIC VALUE UNRESOLVED	INTERPRETATION UNREVIEWED
R000895	Dolu	1	Dolu	dolu	4	SEMANTIC VALUE UNRESOLVED	INTERPRETATION UNREVIEWED
R000896	dolu,	1	dolu,	dolu,	5	SEMANTIC VALUE UNRESOLVED	INTERPRETATION UNREVIEWED
R000897	dora	1	dora	dora	4	SEMANTIC VALUE UNRESOLVED	INTERPRETATION UNREVIEWED
R000898	doyulmaz	1	doyulmaz	doyulmaz	8	SEMANTIC VALUE UNRESOLVED	INTERPRETATION UNREVIEWED
R000899	Dozex	1	Dozex	dozex	5	SEMANTIC VALUE UNRESOLVED	INTERPRETATION UNREVIEWED
R000900	doğmaktadır	1	doğmaktadır	doğmaktadır	11	SEMANTIC VALUE UNRESOLVED	INTERPRETATION UNREVIEWED
R000901	Doğmuş	1	Doğmuş	doğmuş	6	SEMANTIC VALUE UNRESOLVED	INTERPRETATION UNREVIEWED
R000902	Doğru	1	Doğru	doğru	5	SEMANTIC VALUE UNRESOLVED	INTERPRETATION UNREVIEWED
R000903	doğru	3	doğru	doğru	5	SEMANTIC VALUE UNRESOLVED	INTERPRETATION UNREVIEWED
R000904	doğruldu	1	doğruldu	doğruldu	8	SEMANTIC VALUE UNRESOLVED	INTERPRETATION UNREVIEWED
R000905	doğruluk	1	doğruluk	doğruluk	8	SEMANTIC VALUE UNRESOLVED	INTERPRETATION UNREVIEWED
R000906	doğruluğu,	1	doğruluğu,	doğruluğu,	10	SEMANTIC VALUE UNRESOLVED	INTERPRETATION UNREVIEWED
R000907	Doğruluğuyla	1	Doğruluğuyla	doğruluğuyla	12	SEMANTIC VALUE UNRESOLVED	INTERPRETATION UNREVIEWED
R000908	doğrusu	1	doğrusu	doğrusu	7	SEMANTIC VALUE UNRESOLVED	INTERPRETATION UNREVIEWED
R000909	doğruyu	1	doğruyu	doğruyu	7	SEMANTIC VALUE UNRESOLVED	INTERPRETATION UNREVIEWED
R000910	Doğu	1	Doğu	doğu	4	SEMANTIC VALUE UNRESOLVED	INTERPRETATION UNREVIEWED
R000911	Doğubayezit'de	1	Doğubayezit'de	doğubayezit'de	14	SEMANTIC VALUE UNRESOLVED	INTERPRETATION UNREVIEWED
R000912	Doğubayezit'te	1	Doğubayezit'te	doğubayezit'te	14	SEMANTIC VALUE UNRESOLVED	INTERPRETATION UNREVIEWED
R000913	Doğulu	1	Doğulu	doğulu	6	SEMANTIC VALUE UNRESOLVED	INTERPRETATION UNREVIEWED
R000914	doğurgan	1	doğurgan	doğurgan	8	SEMANTIC VALUE UNRESOLVED	INTERPRETATION UNREVIEWED
R000915	doğuş	2	doğuş	doğuş	5	SEMANTIC VALUE UNRESOLVED	INTERPRETATION UNREVIEWED
R000916	Du	1	Du	du	2	SEMANTIC VALUE UNRESOLVED	INTERPRETATION UNREVIEWED
R000917	du	8	du	du	2	SEMANTIC VALUE UNRESOLVED	INTERPRETATION UNREVIEWED
R000918	Dudağı	1	Dudağı	dudağı	6	SEMANTIC VALUE UNRESOLVED	INTERPRETATION UNREVIEWED
R000919	duk.	1	duk.	duk.	4	SEMANTIC VALUE UNRESOLVED	INTERPRETATION UNREVIEWED
R000920	dur	1	dur	dur	3	SEMANTIC VALUE UNRESOLVED	INTERPRETATION UNREVIEWED
R000921	durdu,	1	durdu,	durdu,	6	SEMANTIC VALUE UNRESOLVED	INTERPRETATION UNREVIEWED
R000922	dure,	1	dure,	dure,	5	SEMANTIC VALUE UNRESOLVED	INTERPRETATION UNREVIEWED
R000923	durmamıştır.	1	durmamıştır.	durmamıştır.	12	SEMANTIC VALUE UNRESOLVED	INTERPRETATION UNREVIEWED
R000924	durre	1	durre	durre	5	SEMANTIC VALUE UNRESOLVED	INTERPRETATION UNREVIEWED
R000925	Durred-ı	1	Durred-ı	durred-ı	8	SEMANTIC VALUE UNRESOLVED	INTERPRETATION UNREVIEWED
R000926	duru	1	duru	duru	4	SEMANTIC VALUE UNRESOLVED	INTERPRETATION UNREVIEWED
R000927	durumlar,	1	durumlar,	durumlar,	9	SEMANTIC VALUE UNRESOLVED	INTERPRETATION UNREVIEWED
R000928	durur,	1	durur,	durur,	6	SEMANTIC VALUE UNRESOLVED	INTERPRETATION UNREVIEWED
R000929	durutiye	1	durutiye	durutiye	8	SEMANTIC VALUE UNRESOLVED	INTERPRETATION UNREVIEWED
R000930	duru­	1	duru­	duru­	5	SEMANTIC VALUE UNRESOLVED	INTERPRETATION UNREVIEWED
R000931	dused	1	dused	dused	5	SEMANTIC VALUE UNRESOLVED	INTERPRETATION UNREVIEWED
R000932	duta	1	duta	duta	4	SEMANTIC VALUE UNRESOLVED	INTERPRETATION UNREVIEWED
R000933	duyarlarsa,	1	duyarlarsa,	duyarlarsa,	11	SEMANTIC VALUE UNRESOLVED	INTERPRETATION UNREVIEWED
R000934	dökmüş,	1	dökmüş,	dökmüş,	7	SEMANTIC VALUE UNRESOLVED	INTERPRETATION UNREVIEWED
R000935	döktüren	1	döktüren	döktüren	8	SEMANTIC VALUE UNRESOLVED	INTERPRETATION UNREVIEWED
R000936	dökülen	1	dökülen	dökülen	7	SEMANTIC VALUE UNRESOLVED	INTERPRETATION UNREVIEWED
R000937	döndüren.	1	döndüren.	döndüren.	9	SEMANTIC VALUE UNRESOLVED	INTERPRETATION UNREVIEWED
R000938	dönecektir.	1	dönecektir.	dönecektir.	11	SEMANTIC VALUE UNRESOLVED	INTERPRETATION UNREVIEWED
R000939	dönen.	1	dönen.	dönen.	6	SEMANTIC VALUE UNRESOLVED	INTERPRETATION UNREVIEWED
R000940	Dönüp	1	Dönüp	dönüp	5	SEMANTIC VALUE UNRESOLVED	INTERPRETATION UNREVIEWED
R000941	dört	1	dört	dört	4	SEMANTIC VALUE UNRESOLVED	INTERPRETATION UNREVIEWED
R000942	dünya	2	dünya	dünya	5	SEMANTIC VALUE UNRESOLVED	INTERPRETATION UNREVIEWED
R000943	Dünyalı	1	Dünyalı	dünyalı	7	SEMANTIC VALUE UNRESOLVED	INTERPRETATION UNREVIEWED
R000944	dünyanın	1	dünyanın	dünyanın	8	SEMANTIC VALUE UNRESOLVED	INTERPRETATION UNREVIEWED
R000945	dünyaya	1	dünyaya	dünyaya	7	SEMANTIC VALUE UNRESOLVED	INTERPRETATION UNREVIEWED
R000946	dünyayı	1	dünyayı	dünyayı	7	SEMANTIC VALUE UNRESOLVED	INTERPRETATION UNREVIEWED
R000947	dünyayı,	1	dünyayı,	dünyayı,	8	SEMANTIC VALUE UNRESOLVED	INTERPRETATION UNREVIEWED
R000948	dür	1	dür	dür	3	SEMANTIC VALUE UNRESOLVED	INTERPRETATION UNREVIEWED
R000949	düzen	1	düzen	düzen	5	SEMANTIC VALUE UNRESOLVED	INTERPRETATION UNREVIEWED
R000950	düzene	2	düzene	düzene	6	SEMANTIC VALUE UNRESOLVED	INTERPRETATION UNREVIEWED
R000951	Düzenledin	1	Düzenledin	düzenledin	10	SEMANTIC VALUE UNRESOLVED	INTERPRETATION UNREVIEWED
R000952	düşerse	1	düşerse	düşerse	7	SEMANTIC VALUE UNRESOLVED	INTERPRETATION UNREVIEWED
R000953	düşmezili	1	düşmezili	düşmezili	9	SEMANTIC VALUE UNRESOLVED	INTERPRETATION UNREVIEWED
R000954	düştüler.	1	düştüler.	düştüler.	9	SEMANTIC VALUE UNRESOLVED	INTERPRETATION UNREVIEWED
R000955	düşüktür	1	düşüktür	düşüktür	8	SEMANTIC VALUE UNRESOLVED	INTERPRETATION UNREVIEWED
R000956	düşüncesinde	1	düşüncesinde	düşüncesinde	12	SEMANTIC VALUE UNRESOLVED	INTERPRETATION UNREVIEWED
R000957	Dı	8	Dı	dı	2	SEMANTIC VALUE UNRESOLVED	INTERPRETATION UNREVIEWED
R000958	dı	116	dı	dı	2	SEMANTIC VALUE UNRESOLVED	INTERPRETATION UNREVIEWED
R000959	dıgel	6	dıgel	dıgel	5	SEMANTIC VALUE UNRESOLVED	INTERPRETATION UNREVIEWED
R000960	dıgel,	2	dıgel,	dıgel,	6	SEMANTIC VALUE UNRESOLVED	INTERPRETATION UNREVIEWED
R000961	dıje	2	dıje	dıje	4	SEMANTIC VALUE UNRESOLVED	INTERPRETATION UNREVIEWED
R000962	dıl	2	dıl	dıl	3	SEMANTIC VALUE UNRESOLVED	INTERPRETATION UNREVIEWED
R000963	dılda	1	dılda	dılda	5	SEMANTIC VALUE UNRESOLVED	INTERPRETATION UNREVIEWED
R000964	dıldar	1	dıldar	dıldar	6	SEMANTIC VALUE UNRESOLVED	INTERPRETATION UNREVIEWED
R000965	dıle	1	dıle	dıle	4	SEMANTIC VALUE UNRESOLVED	INTERPRETATION UNREVIEWED
R000966	dıled-ı	1	dıled-ı	dıled-ı	7	SEMANTIC VALUE UNRESOLVED	INTERPRETATION UNREVIEWED
R000967	dılkeş!	1	dılkeş!	dılkeş!	7	SEMANTIC VALUE UNRESOLVED	INTERPRETATION UNREVIEWED
R000968	dılreş,	1	dılreş,	dılreş,	7	SEMANTIC VALUE UNRESOLVED	INTERPRETATION UNREVIEWED
R000969	dım,	1	dım,	dım,	4	SEMANTIC VALUE UNRESOLVED	INTERPRETATION UNREVIEWED
R000970	dın.	1	dın.	dın.	4	SEMANTIC VALUE UNRESOLVED	INTERPRETATION UNREVIEWED
R000971	Dıne	1	Dıne	dıne	4	SEMANTIC VALUE UNRESOLVED	INTERPRETATION UNREVIEWED
R000972	Dıne,	1	Dıne,	dıne,	5	SEMANTIC VALUE UNRESOLVED	INTERPRETATION UNREVIEWED
R000973	dıne.	1	dıne.	dıne.	5	SEMANTIC VALUE UNRESOLVED	INTERPRETATION UNREVIEWED
R000974	dıneçla	1	dıneçla	dıneçla	7	SEMANTIC VALUE UNRESOLVED	INTERPRETATION UNREVIEWED
R000975	dınyaye	1	dınyaye	dınyaye	7	SEMANTIC VALUE UNRESOLVED	INTERPRETATION UNREVIEWED
R000976	dırlıbandiye	1	dırlıbandiye	dırlıbandiye	12	SEMANTIC VALUE UNRESOLVED	INTERPRETATION UNREVIEWED
R000977	e	13	e	e	1	SEMANTIC VALUE UNRESOLVED	INTERPRETATION UNREVIEWED
R000978	e'.vwel	1	e'.vwel	e'.vwel	7	SEMANTIC VALUE UNRESOLVED	INTERPRETATION UNREVIEWED
R000979	E-edidın	1	E-edidın	e-edidın	8	SEMANTIC VALUE UNRESOLVED	INTERPRETATION UNREVIEWED
R000980	Ebedi	1	Ebedi	ebedi	5	SEMANTIC VALUE UNRESOLVED	INTERPRETATION UNREVIEWED
R000981	ebediyyen	1	ebediyyen	ebediyyen	9	SEMANTIC VALUE UNRESOLVED	INTERPRETATION UNREVIEWED
R000982	ebe­	1	ebe­	ebe­	4	SEMANTIC VALUE UNRESOLVED	INTERPRETATION UNREVIEWED
R000983	Ebubekir	1	Ebubekir	ebubekir	8	SEMANTIC VALUE UNRESOLVED	INTERPRETATION UNREVIEWED
R000984	eceb	2	eceb	eceb	4	SEMANTIC VALUE UNRESOLVED	INTERPRETATION UNREVIEWED
R000985	Ecem	1	Ecem	ecem	4	SEMANTIC VALUE UNRESOLVED	INTERPRETATION UNREVIEWED
R000986	Ecem,	1	Ecem,	ecem,	5	SEMANTIC VALUE UNRESOLVED	INTERPRETATION UNREVIEWED
R000987	ecıbinım.	1	ecıbinım.	ecıbinım.	9	SEMANTIC VALUE UNRESOLVED	INTERPRETATION UNREVIEWED
R000988	eda	1	eda	eda	3	SEMANTIC VALUE UNRESOLVED	INTERPRETATION UNREVIEWED
R000989	edebi	2	edebi	edebi	5	SEMANTIC VALUE UNRESOLVED	INTERPRETATION UNREVIEWED
R000990	edebiyat	2	edebiyat	edebiyat	8	SEMANTIC VALUE UNRESOLVED	INTERPRETATION UNREVIEWED
R000991	edebiyatma	2	edebiyatma	edebiyatma	10	SEMANTIC VALUE UNRESOLVED	INTERPRETATION UNREVIEWED
R000992	edebiyatının	1	edebiyatının	edebiyatının	12	SEMANTIC VALUE UNRESOLVED	INTERPRETATION UNREVIEWED
R000993	edem	1	edem	edem	4	SEMANTIC VALUE UNRESOLVED	INTERPRETATION UNREVIEWED
R000994	eden	3	eden	eden	4	SEMANTIC VALUE UNRESOLVED	INTERPRETATION UNREVIEWED
R000995	edenler	1	edenler	edenler	7	SEMANTIC VALUE UNRESOLVED	INTERPRETATION UNREVIEWED
R000996	edensin.	1	edensin.	edensin.	8	SEMANTIC VALUE UNRESOLVED	INTERPRETATION UNREVIEWED
R000997	edilen	1	edilen	edilen	6	SEMANTIC VALUE UNRESOLVED	INTERPRETATION UNREVIEWED
R000998	edilir.	1	edilir.	edilir.	7	SEMANTIC VALUE UNRESOLVED	INTERPRETATION UNREVIEWED
R000999	edilsin,	1	edilsin,	edilsin,	8	SEMANTIC VALUE UNRESOLVED	INTERPRETATION UNREVIEWED
R001000	edinilen	1	edinilen	edinilen	8	SEMANTIC VALUE UNRESOLVED	INTERPRETATION UNREVIEWED
R001001	edinilenler	1	edinilenler	edinilenler	11	SEMANTIC VALUE UNRESOLVED	INTERPRETATION UNREVIEWED
R001002	edinmişsin.	1	edinmişsin.	edinmişsin.	11	SEMANTIC VALUE UNRESOLVED	INTERPRETATION UNREVIEWED
R001003	ediyor.	4	ediyor.	ediyor.	7	SEMANTIC VALUE UNRESOLVED	INTERPRETATION UNREVIEWED
R001004	ediyor:	1	ediyor:	ediyor:	7	SEMANTIC VALUE UNRESOLVED	INTERPRETATION UNREVIEWED
R001005	ediyordu:	1	ediyordu:	ediyordu:	9	SEMANTIC VALUE UNRESOLVED	INTERPRETATION UNREVIEWED
R001006	efendileştirirsin.	1	efendileştirirsin.	efendileştirirsin.	18	SEMANTIC VALUE UNRESOLVED	INTERPRETATION UNREVIEWED
R001007	EFW8	1	EFW8	efw8	4	SEMANTIC VALUE UNRESOLVED	INTERPRETATION UNREVIEWED
R001008	Eger	1	Eger	eger	4	SEMANTIC VALUE UNRESOLVED	INTERPRETATION UNREVIEWED
R001009	eger	3	eger	eger	4	SEMANTIC VALUE UNRESOLVED	INTERPRETATION UNREVIEWED
R001010	EHMEDE	2	EHMEDE	ehmede	6	SEMANTIC VALUE UNRESOLVED	INTERPRETATION UNREVIEWED
R001011	Ehmede	2	Ehmede	ehmede	6	SEMANTIC VALUE UNRESOLVED	INTERPRETATION UNREVIEWED
R001012	Ehmed»	1	Ehmed»	ehmed»	6	SEMANTIC VALUE UNRESOLVED	INTERPRETATION UNREVIEWED
R001013	EHMEDÊ	1	EHMEDÊ	ehmedê	6	SEMANTIC VALUE UNRESOLVED	INTERPRETATION UNREVIEWED
R001014	Ehsente	1	Ehsente	ehsente	7	SEMANTIC VALUE UNRESOLVED	INTERPRETATION UNREVIEWED
R001015	ehwal	1	ehwal	ehwal	5	SEMANTIC VALUE UNRESOLVED	INTERPRETATION UNREVIEWED
R001016	ek	2	ek	ek	2	SEMANTIC VALUE UNRESOLVED	INTERPRETATION UNREVIEWED
R001017	ekledik	1	ekledik	ekledik	7	SEMANTIC VALUE UNRESOLVED	INTERPRETATION UNREVIEWED
R001018	eklemedik	1	eklemedik	eklemedik	9	SEMANTIC VALUE UNRESOLVED	INTERPRETATION UNREVIEWED
R001019	ekrune	1	ekrune	ekrune	6	SEMANTIC VALUE UNRESOLVED	INTERPRETATION UNREVIEWED
R001020	ekse,	1	ekse,	ekse,	5	SEMANTIC VALUE UNRESOLVED	INTERPRETATION UNREVIEWED
R001021	ekser	1	ekser	ekser	5	SEMANTIC VALUE UNRESOLVED	INTERPRETATION UNREVIEWED
R001022	eksik	2	eksik	eksik	5	SEMANTIC VALUE UNRESOLVED	INTERPRETATION UNREVIEWED
R001023	eksune	1	eksune	eksune	6	SEMANTIC VALUE UNRESOLVED	INTERPRETATION UNREVIEWED
R001024	elbet	1	elbet	elbet	5	SEMANTIC VALUE UNRESOLVED	INTERPRETATION UNREVIEWED
R001025	elbet,	1	elbet,	elbet,	6	SEMANTIC VALUE UNRESOLVED	INTERPRETATION UNREVIEWED
R001026	elbet.	1	elbet.	elbet.	6	SEMANTIC VALUE UNRESOLVED	INTERPRETATION UNREVIEWED
R001027	Elbette	1	Elbette	elbette	7	SEMANTIC VALUE UNRESOLVED	INTERPRETATION UNREVIEWED
R001028	elem	1	elem	elem	4	SEMANTIC VALUE UNRESOLVED	INTERPRETATION UNREVIEWED
R001029	elem,	1	elem,	elem,	5	SEMANTIC VALUE UNRESOLVED	INTERPRETATION UNREVIEWED
R001030	eleştirenler	1	eleştirenler	eleştirenler	12	SEMANTIC VALUE UNRESOLVED	INTERPRETATION UNREVIEWED
R001031	elheq	1	elheq	elheq	5	SEMANTIC VALUE UNRESOLVED	INTERPRETATION UNREVIEWED
R001032	elheq!	1	elheq!	elheq!	6	SEMANTIC VALUE UNRESOLVED	INTERPRETATION UNREVIEWED
R001033	Eli	1	Eli	eli	3	SEMANTIC VALUE UNRESOLVED	INTERPRETATION UNREVIEWED
R001034	Elialı	1	Elialı	elialı	6	SEMANTIC VALUE UNRESOLVED	INTERPRETATION UNREVIEWED
R001035	elil	1	elil	elil	4	SEMANTIC VALUE UNRESOLVED	INTERPRETATION UNREVIEWED
R001036	elimizde,	1	elimizde,	elimizde,	9	SEMANTIC VALUE UNRESOLVED	INTERPRETATION UNREVIEWED
R001037	Elinde	1	Elinde	elinde	6	SEMANTIC VALUE UNRESOLVED	INTERPRETATION UNREVIEWED
R001038	elinden	1	elinden	elinden	7	SEMANTIC VALUE UNRESOLVED	INTERPRETATION UNREVIEWED
R001039	elini	1	elini	elini	5	SEMANTIC VALUE UNRESOLVED	INTERPRETATION UNREVIEWED
R001040	Ellah	2	Ellah	ellah	5	SEMANTIC VALUE UNRESOLVED	INTERPRETATION UNREVIEWED
R001041	elle	1	elle	elle	4	SEMANTIC VALUE UNRESOLVED	INTERPRETATION UNREVIEWED
R001042	elli	1	elli	elli	4	SEMANTIC VALUE UNRESOLVED	INTERPRETATION UNREVIEWED
R001043	elliane	1	elliane	elliane	7	SEMANTIC VALUE UNRESOLVED	INTERPRETATION UNREVIEWED
R001044	Elmani	1	Elmani	elmani	6	SEMANTIC VALUE UNRESOLVED	INTERPRETATION UNREVIEWED
R001045	Elqisse:	4	Elqisse:	elqisse:	8	SEMANTIC VALUE UNRESOLVED	INTERPRETATION UNREVIEWED
R001046	Em	3	Em	em	2	SEMANTIC VALUE UNRESOLVED	INTERPRETATION UNREVIEWED
R001047	em	8	em	em	2	SEMANTIC VALUE UNRESOLVED	INTERPRETATION UNREVIEWED
R001048	emanete	1	emanete	emanete	7	SEMANTIC VALUE UNRESOLVED	INTERPRETATION UNREVIEWED
R001049	emaneti	1	emaneti	emaneti	7	SEMANTIC VALUE UNRESOLVED	INTERPRETATION UNREVIEWED
R001050	emanetini	1	emanetini	emanetini	9	SEMANTIC VALUE UNRESOLVED	INTERPRETATION UNREVIEWED
R001051	Emced	1	Emced	emced	5	SEMANTIC VALUE UNRESOLVED	INTERPRETATION UNREVIEWED
R001052	emilde	1	emilde	emilde	6	SEMANTIC VALUE UNRESOLVED	INTERPRETATION UNREVIEWED
R001053	emir,	1	emir,	emir,	5	SEMANTIC VALUE UNRESOLVED	INTERPRETATION UNREVIEWED
R001054	Emma	4	Emma	emma	4	SEMANTIC VALUE UNRESOLVED	INTERPRETATION UNREVIEWED
R001055	emmar	1	emmar	emmar	5	SEMANTIC VALUE UNRESOLVED	INTERPRETATION UNREVIEWED
R001056	Emre	1	Emre	emre	4	SEMANTIC VALUE UNRESOLVED	INTERPRETATION UNREVIEWED
R001057	emre	4	emre	emre	4	SEMANTIC VALUE UNRESOLVED	INTERPRETATION UNREVIEWED
R001058	emrin	2	emrin	emrin	5	SEMANTIC VALUE UNRESOLVED	INTERPRETATION UNREVIEWED
R001059	Emrine	1	Emrine	emrine	6	SEMANTIC VALUE UNRESOLVED	INTERPRETATION UNREVIEWED
R001060	emrinin	1	emrinin	emrinin	7	SEMANTIC VALUE UNRESOLVED	INTERPRETATION UNREVIEWED
R001061	emriyle	1	emriyle	emriyle	7	SEMANTIC VALUE UNRESOLVED	INTERPRETATION UNREVIEWED
R001062	emriyle,	1	emriyle,	emriyle,	8	SEMANTIC VALUE UNRESOLVED	INTERPRETATION UNREVIEWED
R001063	emriyle.	1	emriyle.	emriyle.	8	SEMANTIC VALUE UNRESOLVED	INTERPRETATION UNREVIEWED
R001064	emsrusiz,	1	emsrusiz,	emsrusiz,	9	SEMANTIC VALUE UNRESOLVED	INTERPRETATION UNREVIEWED
R001065	Emîn	1	Emîn	emîn	4	SEMANTIC VALUE UNRESOLVED	INTERPRETATION UNREVIEWED
R001066	en	7	en	en	2	SEMANTIC VALUE UNRESOLVED	INTERPRETATION UNREVIEWED
R001067	enasır	1	enasır	enasır	6	SEMANTIC VALUE UNRESOLVED	INTERPRETATION UNREVIEWED
R001068	enbiyabil	1	enbiyabil	enbiyabil	9	SEMANTIC VALUE UNRESOLVED	INTERPRETATION UNREVIEWED
R001069	enbiyane	1	enbiyane	enbiyane	8	SEMANTIC VALUE UNRESOLVED	INTERPRETATION UNREVIEWED
R001070	endişe	1	endişe	endişe	6	SEMANTIC VALUE UNRESOLVED	INTERPRETATION UNREVIEWED
R001071	EQİDA	2	EQİDA	eqi̇da	5	SEMANTIC VALUE UNRESOLVED	INTERPRETATION UNREVIEWED
R001072	er	1	er	er	2	SEMANTIC VALUE UNRESOLVED	INTERPRETATION UNREVIEWED
R001073	Erab	1	Erab	erab	4	SEMANTIC VALUE UNRESOLVED	INTERPRETATION UNREVIEWED
R001074	erd	2	erd	erd	3	SEMANTIC VALUE UNRESOLVED	INTERPRETATION UNREVIEWED
R001075	erdan	2	erdan	erdan	5	SEMANTIC VALUE UNRESOLVED	INTERPRETATION UNREVIEWED
R001076	erde	1	erde	erde	4	SEMANTIC VALUE UNRESOLVED	INTERPRETATION UNREVIEWED
R001077	erdeda	1	erdeda	erdeda	6	SEMANTIC VALUE UNRESOLVED	INTERPRETATION UNREVIEWED
R001078	Erdem	1	Erdem	erdem	5	SEMANTIC VALUE UNRESOLVED	INTERPRETATION UNREVIEWED
R001079	erdi	1	erdi	erdi	4	SEMANTIC VALUE UNRESOLVED	INTERPRETATION UNREVIEWED
R001080	Erebi	6	Erebi	erebi	5	SEMANTIC VALUE UNRESOLVED	INTERPRETATION UNREVIEWED
R001081	Erebi'ne,	1	Erebi'ne,	erebi'ne,	9	SEMANTIC VALUE UNRESOLVED	INTERPRETATION UNREVIEWED
R001082	Erebi-Kurdiye,	1	Erebi-Kurdiye,	erebi-kurdiye,	14	SEMANTIC VALUE UNRESOLVED	INTERPRETATION UNREVIEWED
R001083	Erebi.	2	Erebi.	erebi.	6	SEMANTIC VALUE UNRESOLVED	INTERPRETATION UNREVIEWED
R001084	Erebiye,	1	Erebiye,	erebiye,	8	SEMANTIC VALUE UNRESOLVED	INTERPRETATION UNREVIEWED
R001085	erefnak»	1	erefnak»	erefnak»	8	SEMANTIC VALUE UNRESOLVED	INTERPRETATION UNREVIEWED
R001086	eriise	1	eriise	eriise	6	SEMANTIC VALUE UNRESOLVED	INTERPRETATION UNREVIEWED
R001087	erkan	1	erkan	erkan	5	SEMANTIC VALUE UNRESOLVED	INTERPRETATION UNREVIEWED
R001088	erkekçe.	1	erkekçe.	erkekçe.	8	SEMANTIC VALUE UNRESOLVED	INTERPRETATION UNREVIEWED
R001089	Ermenıstan'e	1	Ermenıstan'e	ermenıstan'e	12	SEMANTIC VALUE UNRESOLVED	INTERPRETATION UNREVIEWED
R001090	ermişler.	1	ermişler.	ermişler.	9	SEMANTIC VALUE UNRESOLVED	INTERPRETATION UNREVIEWED
R001091	Erwah-ı	2	Erwah-ı	erwah-ı	7	SEMANTIC VALUE UNRESOLVED	INTERPRETATION UNREVIEWED
R001092	erş	1	erş	erş	3	SEMANTIC VALUE UNRESOLVED	INTERPRETATION UNREVIEWED
R001093	eser	7	eser	eser	4	SEMANTIC VALUE UNRESOLVED	INTERPRETATION UNREVIEWED
R001094	eser,	1	eser,	eser,	5	SEMANTIC VALUE UNRESOLVED	INTERPRETATION UNREVIEWED
R001095	eserde	1	eserde	eserde	6	SEMANTIC VALUE UNRESOLVED	INTERPRETATION UNREVIEWED
R001096	esered	1	esered	esered	6	SEMANTIC VALUE UNRESOLVED	INTERPRETATION UNREVIEWED
R001097	esereki	1	esereki	esereki	7	SEMANTIC VALUE UNRESOLVED	INTERPRETATION UNREVIEWED
R001098	Eseren	1	Eseren	eseren	6	SEMANTIC VALUE UNRESOLVED	INTERPRETATION UNREVIEWED
R001099	eseren	1	eseren	eseren	6	SEMANTIC VALUE UNRESOLVED	INTERPRETATION UNREVIEWED
R001100	eseri	4	eseri	eseri	5	SEMANTIC VALUE UNRESOLVED	INTERPRETATION UNREVIEWED
R001101	eseridir.	1	eseridir.	eseridir.	9	SEMANTIC VALUE UNRESOLVED	INTERPRETATION UNREVIEWED
R001102	eserin	1	eserin	eserin	6	SEMANTIC VALUE UNRESOLVED	INTERPRETATION UNREVIEWED
R001103	Eserinden	1	Eserinden	eserinden	9	SEMANTIC VALUE UNRESOLVED	INTERPRETATION UNREVIEWED
R001104	eserler	1	eserler	eserler	7	SEMANTIC VALUE UNRESOLVED	INTERPRETATION UNREVIEWED
R001105	eserleri	2	eserleri	eserleri	8	SEMANTIC VALUE UNRESOLVED	INTERPRETATION UNREVIEWED
R001106	eserlerini	1	eserlerini	eserlerini	10	SEMANTIC VALUE UNRESOLVED	INTERPRETATION UNREVIEWED
R001107	Eserlerinin	2	Eserlerinin	eserlerinin	11	SEMANTIC VALUE UNRESOLVED	INTERPRETATION UNREVIEWED
R001108	ese­	1	ese­	ese­	4	SEMANTIC VALUE UNRESOLVED	INTERPRETATION UNREVIEWED
R001109	esile	1	esile	esile	5	SEMANTIC VALUE UNRESOLVED	INTERPRETATION UNREVIEWED
R001110	Eski	1	Eski	eski	4	SEMANTIC VALUE UNRESOLVED	INTERPRETATION UNREVIEWED
R001111	eskidir.	1	eskidir.	eskidir.	8	SEMANTIC VALUE UNRESOLVED	INTERPRETATION UNREVIEWED
R001112	esle	5	esle	esle	4	SEMANTIC VALUE UNRESOLVED	INTERPRETATION UNREVIEWED
R001113	eta	1	eta	eta	3	SEMANTIC VALUE UNRESOLVED	INTERPRETATION UNREVIEWED
R001114	etmeden	1	etmeden	etmeden	7	SEMANTIC VALUE UNRESOLVED	INTERPRETATION UNREVIEWED
R001115	etmedi	1	etmedi	etmedi	6	SEMANTIC VALUE UNRESOLVED	INTERPRETATION UNREVIEWED
R001116	etmedi;	1	etmedi;	etmedi;	7	SEMANTIC VALUE UNRESOLVED	INTERPRETATION UNREVIEWED
R001117	etmek	1	etmek	etmek	5	SEMANTIC VALUE UNRESOLVED	INTERPRETATION UNREVIEWED
R001118	etmek,	1	etmek,	etmek,	6	SEMANTIC VALUE UNRESOLVED	INTERPRETATION UNREVIEWED
R001119	etmemiş,	1	etmemiş,	etmemiş,	8	SEMANTIC VALUE UNRESOLVED	INTERPRETATION UNREVIEWED
R001120	etmesi?	1	etmesi?	etmesi?	7	SEMANTIC VALUE UNRESOLVED	INTERPRETATION UNREVIEWED
R001121	etmeyen	1	etmeyen	etmeyen	7	SEMANTIC VALUE UNRESOLVED	INTERPRETATION UNREVIEWED
R001122	etmiş	2	etmiş	etmiş	5	SEMANTIC VALUE UNRESOLVED	INTERPRETATION UNREVIEWED
R001123	etmiş-	1	etmiş-	etmiş-	6	SEMANTIC VALUE UNRESOLVED	INTERPRETATION UNREVIEWED
R001124	etmiştir.	3	etmiştir.	etmiştir.	9	SEMANTIC VALUE UNRESOLVED	INTERPRETATION UNREVIEWED
R001125	etrafında	1	etrafında	etrafında	9	SEMANTIC VALUE UNRESOLVED	INTERPRETATION UNREVIEWED
R001126	etti	2	etti	etti	4	SEMANTIC VALUE UNRESOLVED	INTERPRETATION UNREVIEWED
R001127	etti.	1	etti.	etti.	5	SEMANTIC VALUE UNRESOLVED	INTERPRETATION UNREVIEWED
R001128	ettin,	1	ettin,	ettin,	6	SEMANTIC VALUE UNRESOLVED	INTERPRETATION UNREVIEWED
R001129	ettin.	1	ettin.	ettin.	6	SEMANTIC VALUE UNRESOLVED	INTERPRETATION UNREVIEWED
R001130	ettin;	1	ettin;	ettin;	6	SEMANTIC VALUE UNRESOLVED	INTERPRETATION UNREVIEWED
R001131	ettinse	1	ettinse	ettinse	7	SEMANTIC VALUE UNRESOLVED	INTERPRETATION UNREVIEWED
R001132	ettirdin.	1	ettirdin.	ettirdin.	9	SEMANTIC VALUE UNRESOLVED	INTERPRETATION UNREVIEWED
R001133	ettirmektedir.	1	ettirmektedir.	ettirmektedir.	14	SEMANTIC VALUE UNRESOLVED	INTERPRETATION UNREVIEWED
R001134	ettiğimize	1	ettiğimize	ettiğimize	10	SEMANTIC VALUE UNRESOLVED	INTERPRETATION UNREVIEWED
R001135	et­	1	et­	et­	3	SEMANTIC VALUE UNRESOLVED	INTERPRETATION UNREVIEWED
R001136	Ev	31	Ev	ev	2	SEMANTIC VALUE UNRESOLVED	INTERPRETATION UNREVIEWED
R001137	ev	20	ev	ev	2	SEMANTIC VALUE UNRESOLVED	INTERPRETATION UNREVIEWED
R001138	Ev,r	1	Ev,r	ev,r	4	SEMANTIC VALUE UNRESOLVED	INTERPRETATION UNREVIEWED
R001139	Eve	1	Eve	eve	3	SEMANTIC VALUE UNRESOLVED	INTERPRETATION UNREVIEWED
R001140	eve	1	eve	eve	3	SEMANTIC VALUE UNRESOLVED	INTERPRETATION UNREVIEWED
R001141	eve:	2	eve:	eve:	4	SEMANTIC VALUE UNRESOLVED	INTERPRETATION UNREVIEWED
R001142	evina.	1	evina.	evina.	6	SEMANTIC VALUE UNRESOLVED	INTERPRETATION UNREVIEWED
R001143	Evindare	1	Evindare	evindare	8	SEMANTIC VALUE UNRESOLVED	INTERPRETATION UNREVIEWED
R001144	evliyalar	1	evliyalar	evliyalar	9	SEMANTIC VALUE UNRESOLVED	INTERPRETATION UNREVIEWED
R001145	Evren	1	Evren	evren	5	SEMANTIC VALUE UNRESOLVED	INTERPRETATION UNREVIEWED
R001146	evren	1	evren	evren	5	SEMANTIC VALUE UNRESOLVED	INTERPRETATION UNREVIEWED
R001147	evren,	1	evren,	evren,	6	SEMANTIC VALUE UNRESOLVED	INTERPRETATION UNREVIEWED
R001148	evrenin	1	evrenin	evrenin	7	SEMANTIC VALUE UNRESOLVED	INTERPRETATION UNREVIEWED
R001149	Ew	12	Ew	ew	2	SEMANTIC VALUE UNRESOLVED	INTERPRETATION UNREVIEWED
R001150	ew	7	ew	ew	2	SEMANTIC VALUE UNRESOLVED	INTERPRETATION UNREVIEWED
R001151	ewan	2	ewan	ewan	4	SEMANTIC VALUE UNRESOLVED	INTERPRETATION UNREVIEWED
R001152	ewcan?	1	ewcan?	ewcan?	6	SEMANTIC VALUE UNRESOLVED	INTERPRETATION UNREVIEWED
R001153	ewe	3	ewe	ewe	3	SEMANTIC VALUE UNRESOLVED	INTERPRETATION UNREVIEWED
R001154	Ewi	1	Ewi	ewi	3	SEMANTIC VALUE UNRESOLVED	INTERPRETATION UNREVIEWED
R001155	ewi	5	ewi	ewi	3	SEMANTIC VALUE UNRESOLVED	INTERPRETATION UNREVIEWED
R001156	ewi,	1	ewi,	ewi,	4	SEMANTIC VALUE UNRESOLVED	INTERPRETATION UNREVIEWED
R001157	ewliyane	1	ewliyane	ewliyane	8	SEMANTIC VALUE UNRESOLVED	INTERPRETATION UNREVIEWED
R001158	Ewran	1	Ewran	ewran	5	SEMANTIC VALUE UNRESOLVED	INTERPRETATION UNREVIEWED
R001159	Ewwel	2	Ewwel	ewwel	5	SEMANTIC VALUE UNRESOLVED	INTERPRETATION UNREVIEWED
R001160	ewwel	2	ewwel	ewwel	5	SEMANTIC VALUE UNRESOLVED	INTERPRETATION UNREVIEWED
R001161	ewwel:	1	ewwel:	ewwel:	6	SEMANTIC VALUE UNRESOLVED	INTERPRETATION UNREVIEWED
R001162	ewwele	2	ewwele	ewwele	6	SEMANTIC VALUE UNRESOLVED	INTERPRETATION UNREVIEWED
R001163	ewYele:	1	ewYele:	ewyele:	7	SEMANTIC VALUE UNRESOLVED	INTERPRETATION UNREVIEWED
R001164	exnam?	1	exnam?	exnam?	6	SEMANTIC VALUE UNRESOLVED	INTERPRETATION UNREVIEWED
R001165	exyar	1	exyar	exyar	5	SEMANTIC VALUE UNRESOLVED	INTERPRETATION UNREVIEWED
R001166	Ey	29	Ey	ey	2	SEMANTIC VALUE UNRESOLVED	INTERPRETATION UNREVIEWED
R001167	ey	11	ey	ey	2	SEMANTIC VALUE UNRESOLVED	INTERPRETATION UNREVIEWED
R001168	eyan	2	eyan	eyan	4	SEMANTIC VALUE UNRESOLVED	INTERPRETATION UNREVIEWED
R001169	eyne	1	eyne	eyne	4	SEMANTIC VALUE UNRESOLVED	INTERPRETATION UNREVIEWED
R001170	eywan	1	eywan	eywan	5	SEMANTIC VALUE UNRESOLVED	INTERPRETATION UNREVIEWED
R001171	Ez	2	Ez	ez	2	SEMANTIC VALUE UNRESOLVED	INTERPRETATION UNREVIEWED
R001172	ez	2	ez	ez	2	SEMANTIC VALUE UNRESOLVED	INTERPRETATION UNREVIEWED
R001173	ezber	1	ezber	ezber	5	SEMANTIC VALUE UNRESOLVED	INTERPRETATION UNREVIEWED
R001174	ezbere	1	ezbere	ezbere	6	SEMANTIC VALUE UNRESOLVED	INTERPRETATION UNREVIEWED
R001175	ezim	1	ezim	ezim	4	SEMANTIC VALUE UNRESOLVED	INTERPRETATION UNREVIEWED
R001176	ezizın-	1	ezizın-	ezizın-	7	SEMANTIC VALUE UNRESOLVED	INTERPRETATION UNREVIEWED
R001177	ezman	1	ezman	ezman	5	SEMANTIC VALUE UNRESOLVED	INTERPRETATION UNREVIEWED
R001178	Ezra?	1	Ezra?	ezra?	5	SEMANTIC VALUE UNRESOLVED	INTERPRETATION UNREVIEWED
R001179	ez­	1	ez­	ez­	3	SEMANTIC VALUE UNRESOLVED	INTERPRETATION UNREVIEWED
R001180	eğer	2	eğer	eğer	4	SEMANTIC VALUE UNRESOLVED	INTERPRETATION UNREVIEWED
R001181	eğer,	1	eğer,	eğer,	5	SEMANTIC VALUE UNRESOLVED	INTERPRETATION UNREVIEWED
R001182	Eşbah-ı	1	Eşbah-ı	eşbah-ı	7	SEMANTIC VALUE UNRESOLVED	INTERPRETATION UNREVIEWED
R001183	eşit	1	eşit	eşit	4	SEMANTIC VALUE UNRESOLVED	INTERPRETATION UNREVIEWED
R001184	Eşittir	1	Eşittir	eşittir	7	SEMANTIC VALUE UNRESOLVED	INTERPRETATION UNREVIEWED
R001185	eşke	1	eşke	eşke	4	SEMANTIC VALUE UNRESOLVED	INTERPRETATION UNREVIEWED
R001186	Eşkeraye	1	Eşkeraye	eşkeraye	8	SEMANTIC VALUE UNRESOLVED	INTERPRETATION UNREVIEWED
R001187	eşkerayi	1	eşkerayi	eşkerayi	8	SEMANTIC VALUE UNRESOLVED	INTERPRETATION UNREVIEWED
R001188	eşsiz,	1	eşsiz,	eşsiz,	6	SEMANTIC VALUE UNRESOLVED	INTERPRETATION UNREVIEWED
R001189	Eşya	1	Eşya	eşya	4	SEMANTIC VALUE UNRESOLVED	INTERPRETATION UNREVIEWED
R001190	eşıt!	1	eşıt!	eşıt!	5	SEMANTIC VALUE UNRESOLVED	INTERPRETATION UNREVIEWED
R001191	f)	1	f)	f)	2	SEMANTIC VALUE UNRESOLVED	INTERPRETATION UNREVIEWED
R001192	F.	3	F.	f.	2	SEMANTIC VALUE UNRESOLVED	INTERPRETATION UNREVIEWED
R001193	Fakat	6	Fakat	fakat	5	SEMANTIC VALUE UNRESOLVED	INTERPRETATION UNREVIEWED
R001194	fakat	1	fakat	fakat	5	SEMANTIC VALUE UNRESOLVED	INTERPRETATION UNREVIEWED
R001195	fani	1	fani	fani	4	SEMANTIC VALUE UNRESOLVED	INTERPRETATION UNREVIEWED
R001196	fani-yfı	1	fani-yfı	fani-yfı	8	SEMANTIC VALUE UNRESOLVED	INTERPRETATION UNREVIEWED
R001197	faniyiz,	1	faniyiz,	faniyiz,	8	SEMANTIC VALUE UNRESOLVED	INTERPRETATION UNREVIEWED
R001198	farksız	1	farksız	farksız	7	SEMANTIC VALUE UNRESOLVED	INTERPRETATION UNREVIEWED
R001199	Farsça	1	Farsça	farsça	6	SEMANTIC VALUE UNRESOLVED	INTERPRETATION UNREVIEWED
R001200	Farsça'yı	1	Farsça'yı	farsça'yı	9	SEMANTIC VALUE UNRESOLVED	INTERPRETATION UNREVIEWED
R001201	Farısi	3	Farısi	farısi	6	SEMANTIC VALUE UNRESOLVED	INTERPRETATION UNREVIEWED
R001202	fasikula	1	fasikula	fasikula	8	SEMANTIC VALUE UNRESOLVED	INTERPRETATION UNREVIEWED
R001203	fasikül	1	fasikül	fasikül	7	SEMANTIC VALUE UNRESOLVED	INTERPRETATION UNREVIEWED
R001204	Fayda	1	Fayda	fayda	5	SEMANTIC VALUE UNRESOLVED	INTERPRETATION UNREVIEWED
R001205	Fağfur	1	Fağfur	fağfur	6	SEMANTIC VALUE UNRESOLVED	INTERPRETATION UNREVIEWED
R001206	Faş	1	Faş	faş	3	SEMANTIC VALUE UNRESOLVED	INTERPRETATION UNREVIEWED
R001207	faş	1	faş	faş	3	SEMANTIC VALUE UNRESOLVED	INTERPRETATION UNREVIEWED
R001208	fe	1	fe	fe	2	SEMANTIC VALUE UNRESOLVED	INTERPRETATION UNREVIEWED
R001209	fekane	1	fekane	fekane	6	SEMANTIC VALUE UNRESOLVED	INTERPRETATION UNREVIEWED
R001210	felek	5	felek	felek	5	SEMANTIC VALUE UNRESOLVED	INTERPRETATION UNREVIEWED
R001211	felek,	1	felek,	felek,	6	SEMANTIC VALUE UNRESOLVED	INTERPRETATION UNREVIEWED
R001212	feleka	1	feleka	feleka	6	SEMANTIC VALUE UNRESOLVED	INTERPRETATION UNREVIEWED
R001213	felekan	2	felekan	felekan	7	SEMANTIC VALUE UNRESOLVED	INTERPRETATION UNREVIEWED
R001214	feleke	1	feleke	feleke	6	SEMANTIC VALUE UNRESOLVED	INTERPRETATION UNREVIEWED
R001215	feleklerde	1	feleklerde	feleklerde	10	SEMANTIC VALUE UNRESOLVED	INTERPRETATION UNREVIEWED
R001216	felekleri	1	felekleri	felekleri	9	SEMANTIC VALUE UNRESOLVED	INTERPRETATION UNREVIEWED
R001217	feleklerin	2	feleklerin	feleklerin	10	SEMANTIC VALUE UNRESOLVED	INTERPRETATION UNREVIEWED
R001218	feleqte	1	feleqte	feleqte	7	SEMANTIC VALUE UNRESOLVED	INTERPRETATION UNREVIEWED
R001219	fele­	1	fele­	fele­	5	SEMANTIC VALUE UNRESOLVED	INTERPRETATION UNREVIEWED
R001220	feleğini	1	feleğini	feleğini	8	SEMANTIC VALUE UNRESOLVED	INTERPRETATION UNREVIEWED
R001221	felsefe	2	felsefe	felsefe	7	SEMANTIC VALUE UNRESOLVED	INTERPRETATION UNREVIEWED
R001222	felsefeki	1	felsefeki	felsefeki	9	SEMANTIC VALUE UNRESOLVED	INTERPRETATION UNREVIEWED
R001223	felsefeye	1	felsefeye	felsefeye	9	SEMANTIC VALUE UNRESOLVED	INTERPRETATION UNREVIEWED
R001224	femkırm	1	femkırm	femkırm	7	SEMANTIC VALUE UNRESOLVED	INTERPRETATION UNREVIEWED
R001225	femkırın	1	femkırın	femkırın	8	SEMANTIC VALUE UNRESOLVED	INTERPRETATION UNREVIEWED
R001226	femkırın;	1	femkırın;	femkırın;	9	SEMANTIC VALUE UNRESOLVED	INTERPRETATION UNREVIEWED
R001227	fena	1	fena	fena	4	SEMANTIC VALUE UNRESOLVED	INTERPRETATION UNREVIEWED
R001228	fenaye	1	fenaye	fenaye	6	SEMANTIC VALUE UNRESOLVED	INTERPRETATION UNREVIEWED
R001229	feodal	2	feodal	feodal	6	SEMANTIC VALUE UNRESOLVED	INTERPRETATION UNREVIEWED
R001230	feqire	1	feqire	feqire	6	SEMANTIC VALUE UNRESOLVED	INTERPRETATION UNREVIEWED
R001231	Feqiye	1	Feqiye	feqiye	6	SEMANTIC VALUE UNRESOLVED	INTERPRETATION UNREVIEWED
R001232	ferd	1	ferd	ferd	4	SEMANTIC VALUE UNRESOLVED	INTERPRETATION UNREVIEWED
R001233	Ferdek	2	Ferdek	ferdek	6	SEMANTIC VALUE UNRESOLVED	INTERPRETATION UNREVIEWED
R001234	ferdi,	1	ferdi,	ferdi,	6	SEMANTIC VALUE UNRESOLVED	INTERPRETATION UNREVIEWED
R001235	ferebuye.	1	ferebuye.	ferebuye.	9	SEMANTIC VALUE UNRESOLVED	INTERPRETATION UNREVIEWED
R001236	Ferhad'a	1	Ferhad'a	ferhad'a	8	SEMANTIC VALUE UNRESOLVED	INTERPRETATION UNREVIEWED
R001237	Ferhad-ı	1	Ferhad-ı	ferhad-ı	8	SEMANTIC VALUE UNRESOLVED	INTERPRETATION UNREVIEWED
R001238	Ferhenga	1	Ferhenga	ferhenga	8	SEMANTIC VALUE UNRESOLVED	INTERPRETATION UNREVIEWED
R001239	ferhengeda	1	ferhengeda	ferhengeda	10	SEMANTIC VALUE UNRESOLVED	INTERPRETATION UNREVIEWED
R001240	ferhengeki	1	ferhengeki	ferhengeki	10	SEMANTIC VALUE UNRESOLVED	INTERPRETATION UNREVIEWED
R001241	fersenda	1	fersenda	fersenda	8	SEMANTIC VALUE UNRESOLVED	INTERPRETATION UNREVIEWED
R001242	fert	1	fert	fert	4	SEMANTIC VALUE UNRESOLVED	INTERPRETATION UNREVIEWED
R001243	ferş	1	ferş	ferş	4	SEMANTIC VALUE UNRESOLVED	INTERPRETATION UNREVIEWED
R001244	fesadi	1	fesadi	fesadi	6	SEMANTIC VALUE UNRESOLVED	INTERPRETATION UNREVIEWED
R001245	fesahet	1	fesahet	fesahet	7	SEMANTIC VALUE UNRESOLVED	INTERPRETATION UNREVIEWED
R001246	Fexffır-ı	1	Fexffır-ı	fexffır-ı	9	SEMANTIC VALUE UNRESOLVED	INTERPRETATION UNREVIEWED
R001247	fexr	1	fexr	fexr	4	SEMANTIC VALUE UNRESOLVED	INTERPRETATION UNREVIEWED
R001248	Fexra	1	Fexra	fexra	5	SEMANTIC VALUE UNRESOLVED	INTERPRETATION UNREVIEWED
R001249	feyiz	2	feyiz	feyiz	5	SEMANTIC VALUE UNRESOLVED	INTERPRETATION UNREVIEWED
R001250	Feyyaze	1	Feyyaze	feyyaze	7	SEMANTIC VALUE UNRESOLVED	INTERPRETATION UNREVIEWED
R001251	feyz-ı	1	feyz-ı	feyz-ı	6	SEMANTIC VALUE UNRESOLVED	INTERPRETATION UNREVIEWED
R001252	feyze	1	feyze	feyze	5	SEMANTIC VALUE UNRESOLVED	INTERPRETATION UNREVIEWED
R001253	feyzine	1	feyzine	feyzine	7	SEMANTIC VALUE UNRESOLVED	INTERPRETATION UNREVIEWED
R001254	Fihrıste	1	Fihrıste	fihrıste	8	SEMANTIC VALUE UNRESOLVED	INTERPRETATION UNREVIEWED
R001255	fikrini	1	fikrini	fikrini	7	SEMANTIC VALUE UNRESOLVED	INTERPRETATION UNREVIEWED
R001256	Filcımle	1	Filcımle	filcımle	8	SEMANTIC VALUE UNRESOLVED	INTERPRETATION UNREVIEWED
R001257	Filcımle:	2	Filcımle:	filcımle:	9	SEMANTIC VALUE UNRESOLVED	INTERPRETATION UNREVIEWED
R001258	Filizlenirili	1	Filizlenirili	filizlenirili	13	SEMANTIC VALUE UNRESOLVED	INTERPRETATION UNREVIEWED
R001259	Firdevsi'nin,	1	Firdevsi'nin,	firdevsi'nin,	13	SEMANTIC VALUE UNRESOLVED	INTERPRETATION UNREVIEWED
R001260	Firdewsi,	1	Firdewsi,	firdewsi,	9	SEMANTIC VALUE UNRESOLVED	INTERPRETATION UNREVIEWED
R001261	fitneciliği	1	fitneciliği	fitneciliği	11	SEMANTIC VALUE UNRESOLVED	INTERPRETATION UNREVIEWED
R001262	Frasça	1	Frasça	frasça	6	SEMANTIC VALUE UNRESOLVED	INTERPRETATION UNREVIEWED
R001263	Frenk	1	Frenk	frenk	5	SEMANTIC VALUE UNRESOLVED	INTERPRETATION UNREVIEWED
R001264	Fuzuli'nin	2	Fuzuli'nin	fuzuli'nin	10	SEMANTIC VALUE UNRESOLVED	INTERPRETATION UNREVIEWED
R001265	fı	67	fı	fı	2	SEMANTIC VALUE UNRESOLVED	INTERPRETATION UNREVIEWED
R001266	fı.	19	fı.	fı.	3	SEMANTIC VALUE UNRESOLVED	INTERPRETATION UNREVIEWED
R001267	fıkar	1	fıkar	fıkar	5	SEMANTIC VALUE UNRESOLVED	INTERPRETATION UNREVIEWED
R001268	fıkr	1	fıkr	fıkr	4	SEMANTIC VALUE UNRESOLVED	INTERPRETATION UNREVIEWED
R001269	fıkra	1	fıkra	fıkra	5	SEMANTIC VALUE UNRESOLVED	INTERPRETATION UNREVIEWED
R001270	Fıkri	1	Fıkri	fıkri	5	SEMANTIC VALUE UNRESOLVED	INTERPRETATION UNREVIEWED
R001271	Fıreng	1	Fıreng	fıreng	6	SEMANTIC VALUE UNRESOLVED	INTERPRETATION UNREVIEWED
R001272	Fırişte	1	Fırişte	fırişte	7	SEMANTIC VALUE UNRESOLVED	INTERPRETATION UNREVIEWED
R001273	fırsatı	1	fırsatı	fırsatı	7	SEMANTIC VALUE UNRESOLVED	INTERPRETATION UNREVIEWED
R001274	Fızfıli'ye.	1	Fızfıli'ye.	fızfıli'ye.	11	SEMANTIC VALUE UNRESOLVED	INTERPRETATION UNREVIEWED
R001275	Fızuli	1	Fızuli	fızuli	6	SEMANTIC VALUE UNRESOLVED	INTERPRETATION UNREVIEWED
R001276	fşarete	1	fşarete	fşarete	7	SEMANTIC VALUE UNRESOLVED	INTERPRETATION UNREVIEWED
R001277	G-erek	1	G-erek	g-erek	6	SEMANTIC VALUE UNRESOLVED	INTERPRETATION UNREVIEWED
R001278	gafiller,	1	gafiller,	gafiller,	9	SEMANTIC VALUE UNRESOLVED	INTERPRETATION UNREVIEWED
R001279	gar	1	gar	gar	3	SEMANTIC VALUE UNRESOLVED	INTERPRETATION UNREVIEWED
R001280	Gava	3	Gava	gava	4	SEMANTIC VALUE UNRESOLVED	INTERPRETATION UNREVIEWED
R001281	gavek	1	gavek	gavek	5	SEMANTIC VALUE UNRESOLVED	INTERPRETATION UNREVIEWED
R001282	gaveniya	1	gaveniya	gaveniya	8	SEMANTIC VALUE UNRESOLVED	INTERPRETATION UNREVIEWED
R001283	Gavur	1	Gavur	gavur	5	SEMANTIC VALUE UNRESOLVED	INTERPRETATION UNREVIEWED
R001284	gavur	1	gavur	gavur	5	SEMANTIC VALUE UNRESOLVED	INTERPRETATION UNREVIEWED
R001285	gavurlar	1	gavurlar	gavurlar	8	SEMANTIC VALUE UNRESOLVED	INTERPRETATION UNREVIEWED
R001286	gavurlar,	1	gavurlar,	gavurlar,	9	SEMANTIC VALUE UNRESOLVED	INTERPRETATION UNREVIEWED
R001287	Gavurlardan	2	Gavurlardan	gavurlardan	11	SEMANTIC VALUE UNRESOLVED	INTERPRETATION UNREVIEWED
R001288	Gayende	1	Gayende	gayende	7	SEMANTIC VALUE UNRESOLVED	INTERPRETATION UNREVIEWED
R001289	gayrete	1	gayrete	gayrete	7	SEMANTIC VALUE UNRESOLVED	INTERPRETATION UNREVIEWED
R001290	gayrı	2	gayrı	gayrı	5	SEMANTIC VALUE UNRESOLVED	INTERPRETATION UNREVIEWED
R001291	GAZllilRIN	1	GAZllilRIN	gazllilrin	10	SEMANTIC VALUE UNRESOLVED	INTERPRETATION UNREVIEWED
R001292	ge	1	ge	ge	2	SEMANTIC VALUE UNRESOLVED	INTERPRETATION UNREVIEWED
R001293	Gel	3	Gel	gel	3	SEMANTIC VALUE UNRESOLVED	INTERPRETATION UNREVIEWED
R001294	gel-	1	gel-	gel-	4	SEMANTIC VALUE UNRESOLVED	INTERPRETATION UNREVIEWED
R001295	Gelecek	1	Gelecek	gelecek	7	SEMANTIC VALUE UNRESOLVED	INTERPRETATION UNREVIEWED
R001296	gelecek	1	gelecek	gelecek	7	SEMANTIC VALUE UNRESOLVED	INTERPRETATION UNREVIEWED
R001297	gelecek,	1	gelecek,	gelecek,	8	SEMANTIC VALUE UNRESOLVED	INTERPRETATION UNREVIEWED
R001298	Gelek	1	Gelek	gelek	5	SEMANTIC VALUE UNRESOLVED	INTERPRETATION UNREVIEWED
R001299	gelek	12	gelek	gelek	5	SEMANTIC VALUE UNRESOLVED	INTERPRETATION UNREVIEWED
R001300	geleki	1	geleki	geleki	6	SEMANTIC VALUE UNRESOLVED	INTERPRETATION UNREVIEWED
R001301	gelen	1	gelen	gelen	5	SEMANTIC VALUE UNRESOLVED	INTERPRETATION UNREVIEWED
R001302	gelince	1	gelince	gelince	7	SEMANTIC VALUE UNRESOLVED	INTERPRETATION UNREVIEWED
R001303	gelip	1	gelip	gelip	5	SEMANTIC VALUE UNRESOLVED	INTERPRETATION UNREVIEWED
R001304	gelir	1	gelir	gelir	5	SEMANTIC VALUE UNRESOLVED	INTERPRETATION UNREVIEWED
R001305	gelir.	1	gelir.	gelir.	6	SEMANTIC VALUE UNRESOLVED	INTERPRETATION UNREVIEWED
R001306	gelmiştir,	1	gelmiştir,	gelmiştir,	10	SEMANTIC VALUE UNRESOLVED	INTERPRETATION UNREVIEWED
R001307	gelmiştir.	2	gelmiştir.	gelmiştir.	10	SEMANTIC VALUE UNRESOLVED	INTERPRETATION UNREVIEWED
R001308	gelsin,	1	gelsin,	gelsin,	7	SEMANTIC VALUE UNRESOLVED	INTERPRETATION UNREVIEWED
R001309	Genci	1	Genci	genci	5	SEMANTIC VALUE UNRESOLVED	INTERPRETATION UNREVIEWED
R001310	Gencineye	1	Gencineye	gencineye	9	SEMANTIC VALUE UNRESOLVED	INTERPRETATION UNREVIEWED
R001311	geniş	1	geniş	geniş	5	SEMANTIC VALUE UNRESOLVED	INTERPRETATION UNREVIEWED
R001312	Ger	5	Ger	ger	3	SEMANTIC VALUE UNRESOLVED	INTERPRETATION UNREVIEWED
R001313	ger	2	ger	ger	3	SEMANTIC VALUE UNRESOLVED	INTERPRETATION UNREVIEWED
R001314	Gera	1	Gera	gera	4	SEMANTIC VALUE UNRESOLVED	INTERPRETATION UNREVIEWED
R001315	gerand	1	gerand	gerand	6	SEMANTIC VALUE UNRESOLVED	INTERPRETATION UNREVIEWED
R001316	gerand.	1	gerand.	gerand.	7	SEMANTIC VALUE UNRESOLVED	INTERPRETATION UNREVIEWED
R001317	gere	1	gere	gere	4	SEMANTIC VALUE UNRESOLVED	INTERPRETATION UNREVIEWED
R001318	Gerek	1	Gerek	gerek	5	SEMANTIC VALUE UNRESOLVED	INTERPRETATION UNREVIEWED
R001319	gerek	1	gerek	gerek	5	SEMANTIC VALUE UNRESOLVED	INTERPRETATION UNREVIEWED
R001320	gerekliydi.	1	gerekliydi.	gerekliydi.	11	SEMANTIC VALUE UNRESOLVED	INTERPRETATION UNREVIEWED
R001321	gerekse	1	gerekse	gerekse	7	SEMANTIC VALUE UNRESOLVED	INTERPRETATION UNREVIEWED
R001322	geri	2	geri	geri	4	SEMANTIC VALUE UNRESOLVED	INTERPRETATION UNREVIEWED
R001323	geri,	1	geri,	geri,	5	SEMANTIC VALUE UNRESOLVED	INTERPRETATION UNREVIEWED
R001324	gericiliğe,	1	gericiliğe,	gericiliğe,	11	SEMANTIC VALUE UNRESOLVED	INTERPRETATION UNREVIEWED
R001325	geriya	1	geriya	geriya	6	SEMANTIC VALUE UNRESOLVED	INTERPRETATION UNREVIEWED
R001326	ger­	1	ger­	ger­	4	SEMANTIC VALUE UNRESOLVED	INTERPRETATION UNREVIEWED
R001327	gerçekleşirse	1	gerçekleşirse	gerçekleşirse	13	SEMANTIC VALUE UNRESOLVED	INTERPRETATION UNREVIEWED
R001328	Gerçekten	1	Gerçekten	gerçekten	9	SEMANTIC VALUE UNRESOLVED	INTERPRETATION UNREVIEWED
R001329	gerçekten	1	gerçekten	gerçekten	9	SEMANTIC VALUE UNRESOLVED	INTERPRETATION UNREVIEWED
R001330	Gerçi	1	Gerçi	gerçi	5	SEMANTIC VALUE UNRESOLVED	INTERPRETATION UNREVIEWED
R001331	gerçi	2	gerçi	gerçi	5	SEMANTIC VALUE UNRESOLVED	INTERPRETATION UNREVIEWED
R001332	getirdi;	1	getirdi;	getirdi;	8	SEMANTIC VALUE UNRESOLVED	INTERPRETATION UNREVIEWED
R001333	getirdinse	1	getirdinse	getirdinse	10	SEMANTIC VALUE UNRESOLVED	INTERPRETATION UNREVIEWED
R001334	getirmek	1	getirmek	getirmek	8	SEMANTIC VALUE UNRESOLVED	INTERPRETATION UNREVIEWED
R001335	gewre	1	gewre	gewre	5	SEMANTIC VALUE UNRESOLVED	INTERPRETATION UNREVIEWED
R001336	gezegenin	1	gezegenin	gezegenin	9	SEMANTIC VALUE UNRESOLVED	INTERPRETATION UNREVIEWED
R001337	gezegenler_	1	gezegenler_	gezegenler_	11	SEMANTIC VALUE UNRESOLVED	INTERPRETATION UNREVIEWED
R001338	gezgin	1	gezgin	gezgin	6	SEMANTIC VALUE UNRESOLVED	INTERPRETATION UNREVIEWED
R001339	ge­	1	ge­	ge­	3	SEMANTIC VALUE UNRESOLVED	INTERPRETATION UNREVIEWED
R001340	geçimi	1	geçimi	geçimi	6	SEMANTIC VALUE UNRESOLVED	INTERPRETATION UNREVIEWED
R001341	geçmektedir.	1	geçmektedir.	geçmektedir.	12	SEMANTIC VALUE UNRESOLVED	INTERPRETATION UNREVIEWED
R001342	gibi	12	gibi	gibi	4	SEMANTIC VALUE UNRESOLVED	INTERPRETATION UNREVIEWED
R001343	gibidir,	1	gibidir,	gibidir,	8	SEMANTIC VALUE UNRESOLVED	INTERPRETATION UNREVIEWED
R001344	gibidir.	1	gibidir.	gibidir.	8	SEMANTIC VALUE UNRESOLVED	INTERPRETATION UNREVIEWED
R001345	giha	1	giha	giha	4	SEMANTIC VALUE UNRESOLVED	INTERPRETATION UNREVIEWED
R001346	gihande	1	gihande	gihande	7	SEMANTIC VALUE UNRESOLVED	INTERPRETATION UNREVIEWED
R001347	gihlte	1	gihlte	gihlte	6	SEMANTIC VALUE UNRESOLVED	INTERPRETATION UNREVIEWED
R001348	giliande	1	giliande	giliande	8	SEMANTIC VALUE UNRESOLVED	INTERPRETATION UNREVIEWED
R001349	ginler	1	ginler	ginler	6	SEMANTIC VALUE UNRESOLVED	INTERPRETATION UNREVIEWED
R001350	girdiği	1	girdiği	girdiği	7	SEMANTIC VALUE UNRESOLVED	INTERPRETATION UNREVIEWED
R001351	girsin?	1	girsin?	girsin?	7	SEMANTIC VALUE UNRESOLVED	INTERPRETATION UNREVIEWED
R001352	gitsin	1	gitsin	gitsin	6	SEMANTIC VALUE UNRESOLVED	INTERPRETATION UNREVIEWED
R001353	giyaye	1	giyaye	giyaye	6	SEMANTIC VALUE UNRESOLVED	INTERPRETATION UNREVIEWED
R001354	giyecekler,	1	giyecekler,	giyecekler,	11	SEMANTIC VALUE UNRESOLVED	INTERPRETATION UNREVIEWED
R001355	gizlenen	1	gizlenen	gizlenen	8	SEMANTIC VALUE UNRESOLVED	INTERPRETATION UNREVIEWED
R001356	gizlenmişsin.	1	gizlenmişsin.	gizlenmişsin.	13	SEMANTIC VALUE UNRESOLVED	INTERPRETATION UNREVIEWED
R001357	gizli,	1	gizli,	gizli,	6	SEMANTIC VALUE UNRESOLVED	INTERPRETATION UNREVIEWED
R001358	Gizlice	1	Gizlice	gizlice	7	SEMANTIC VALUE UNRESOLVED	INTERPRETATION UNREVIEWED
R001359	gnnehan	1	gnnehan	gnnehan	7	SEMANTIC VALUE UNRESOLVED	INTERPRETATION UNREVIEWED
R001360	Go	1	Go	go	2	SEMANTIC VALUE UNRESOLVED	INTERPRETATION UNREVIEWED
R001361	go	1	go	go	2	SEMANTIC VALUE UNRESOLVED	INTERPRETATION UNREVIEWED
R001362	Go:	1	Go:	go:	3	SEMANTIC VALUE UNRESOLVED	INTERPRETATION UNREVIEWED
R001363	gori	2	gori	gori	4	SEMANTIC VALUE UNRESOLVED	INTERPRETATION UNREVIEWED
R001364	gote	2	gote	gote	4	SEMANTIC VALUE UNRESOLVED	INTERPRETATION UNREVIEWED
R001365	goti,	1	goti,	goti,	5	SEMANTIC VALUE UNRESOLVED	INTERPRETATION UNREVIEWED
R001366	goti:	1	goti:	goti:	5	SEMANTIC VALUE UNRESOLVED	INTERPRETATION UNREVIEWED
R001367	gotiye	1	gotiye	gotiye	6	SEMANTIC VALUE UNRESOLVED	INTERPRETATION UNREVIEWED
R001368	gotiye:	1	gotiye:	gotiye:	7	SEMANTIC VALUE UNRESOLVED	INTERPRETATION UNREVIEWED
R001369	gotlye	1	gotlye	gotlye	6	SEMANTIC VALUE UNRESOLVED	INTERPRETATION UNREVIEWED
R001370	gotın	3	gotın	gotın	5	SEMANTIC VALUE UNRESOLVED	INTERPRETATION UNREVIEWED
R001371	gotıne:	1	gotıne:	gotıne:	7	SEMANTIC VALUE UNRESOLVED	INTERPRETATION UNREVIEWED
R001372	gotıneki	1	gotıneki	gotıneki	8	SEMANTIC VALUE UNRESOLVED	INTERPRETATION UNREVIEWED
R001373	gotıneki,	1	gotıneki,	gotıneki,	9	SEMANTIC VALUE UNRESOLVED	INTERPRETATION UNREVIEWED
R001374	gotınen	1	gotınen	gotınen	7	SEMANTIC VALUE UNRESOLVED	INTERPRETATION UNREVIEWED
R001375	Goya	2	Goya	goya	4	SEMANTIC VALUE UNRESOLVED	INTERPRETATION UNREVIEWED
R001376	guhart	1	guhart	guhart	6	SEMANTIC VALUE UNRESOLVED	INTERPRETATION UNREVIEWED
R001377	Gumrah-ı	1	Gumrah-ı	gumrah-ı	8	SEMANTIC VALUE UNRESOLVED	INTERPRETATION UNREVIEWED
R001378	gunahekarın	1	gunahekarın	gunahekarın	11	SEMANTIC VALUE UNRESOLVED	INTERPRETATION UNREVIEWED
R001379	guneh	1	guneh	guneh	5	SEMANTIC VALUE UNRESOLVED	INTERPRETATION UNREVIEWED
R001380	gunehan	1	gunehan	gunehan	7	SEMANTIC VALUE UNRESOLVED	INTERPRETATION UNREVIEWED
R001381	gunehiye,	1	gunehiye,	gunehiye,	9	SEMANTIC VALUE UNRESOLVED	INTERPRETATION UNREVIEWED
R001382	gunehkar	2	gunehkar	gunehkar	8	SEMANTIC VALUE UNRESOLVED	INTERPRETATION UNREVIEWED
R001383	gun­	1	gun­	gun­	4	SEMANTIC VALUE UNRESOLVED	INTERPRETATION UNREVIEWED
R001384	Gurcan	1	Gurcan	gurcan	6	SEMANTIC VALUE UNRESOLVED	INTERPRETATION UNREVIEWED
R001385	gurge	1	gurge	gurge	5	SEMANTIC VALUE UNRESOLVED	INTERPRETATION UNREVIEWED
R001386	guzinın!	1	guzinın!	guzinın!	8	SEMANTIC VALUE UNRESOLVED	INTERPRETATION UNREVIEWED
R001387	gök	2	gök	gök	3	SEMANTIC VALUE UNRESOLVED	INTERPRETATION UNREVIEWED
R001388	göklerde,	1	göklerde,	göklerde,	9	SEMANTIC VALUE UNRESOLVED	INTERPRETATION UNREVIEWED
R001389	göklere	1	göklere	göklere	7	SEMANTIC VALUE UNRESOLVED	INTERPRETATION UNREVIEWED
R001390	göklerin	1	göklerin	göklerin	8	SEMANTIC VALUE UNRESOLVED	INTERPRETATION UNREVIEWED
R001391	gölge	1	gölge	gölge	5	SEMANTIC VALUE UNRESOLVED	INTERPRETATION UNREVIEWED
R001392	Gölgelliği	1	Gölgelliği	gölgelliği	10	SEMANTIC VALUE UNRESOLVED	INTERPRETATION UNREVIEWED
R001393	gönderdi»	1	gönderdi»	gönderdi»	9	SEMANTIC VALUE UNRESOLVED	INTERPRETATION UNREVIEWED
R001394	gönlü	1	gönlü	gönlü	5	SEMANTIC VALUE UNRESOLVED	INTERPRETATION UNREVIEWED
R001395	Gönlümüzde	1	Gönlümüzde	gönlümüzde	10	SEMANTIC VALUE UNRESOLVED	INTERPRETATION UNREVIEWED
R001396	Gönlün	1	Gönlün	gönlün	6	SEMANTIC VALUE UNRESOLVED	INTERPRETATION UNREVIEWED
R001397	gönlündeki	1	gönlündeki	gönlündeki	10	SEMANTIC VALUE UNRESOLVED	INTERPRETATION UNREVIEWED
R001398	gönlünü	1	gönlünü	gönlünü	7	SEMANTIC VALUE UNRESOLVED	INTERPRETATION UNREVIEWED
R001399	gönül	2	gönül	gönül	5	SEMANTIC VALUE UNRESOLVED	INTERPRETATION UNREVIEWED
R001400	gönülden	1	gönülden	gönülden	8	SEMANTIC VALUE UNRESOLVED	INTERPRETATION UNREVIEWED
R001401	Gönülleri	2	Gönülleri	gönülleri	9	SEMANTIC VALUE UNRESOLVED	INTERPRETATION UNREVIEWED
R001402	gönülleri	1	gönülleri	gönülleri	9	SEMANTIC VALUE UNRESOLVED	INTERPRETATION UNREVIEWED
R001403	gönüllerin	1	gönüllerin	gönüllerin	10	SEMANTIC VALUE UNRESOLVED	INTERPRETATION UNREVIEWED
R001404	gönüllerinin	1	gönüllerinin	gönüllerinin	12	SEMANTIC VALUE UNRESOLVED	INTERPRETATION UNREVIEWED
R001405	gör	3	gör	gör	3	SEMANTIC VALUE UNRESOLVED	INTERPRETATION UNREVIEWED
R001406	gördüğü	1	gördüğü	gördüğü	7	SEMANTIC VALUE UNRESOLVED	INTERPRETATION UNREVIEWED
R001407	Gördüğün	1	Gördüğün	gördüğün	8	SEMANTIC VALUE UNRESOLVED	INTERPRETATION UNREVIEWED
R001408	göre	2	göre	göre	4	SEMANTIC VALUE UNRESOLVED	INTERPRETATION UNREVIEWED
R001409	göre,	1	göre,	göre,	5	SEMANTIC VALUE UNRESOLVED	INTERPRETATION UNREVIEWED
R001410	gören	1	gören	gören	5	SEMANTIC VALUE UNRESOLVED	INTERPRETATION UNREVIEWED
R001411	gören.	1	gören.	gören.	6	SEMANTIC VALUE UNRESOLVED	INTERPRETATION UNREVIEWED
R001412	görmedik,	1	görmedik,	görmedik,	9	SEMANTIC VALUE UNRESOLVED	INTERPRETATION UNREVIEWED
R001413	görme­	1	görme­	görme­	6	SEMANTIC VALUE UNRESOLVED	INTERPRETATION UNREVIEWED
R001414	görmüşüz	1	görmüşüz	görmüşüz	8	SEMANTIC VALUE UNRESOLVED	INTERPRETATION UNREVIEWED
R001415	Görünen	1	Görünen	görünen	7	SEMANTIC VALUE UNRESOLVED	INTERPRETATION UNREVIEWED
R001416	görünen	1	görünen	görünen	7	SEMANTIC VALUE UNRESOLVED	INTERPRETATION UNREVIEWED
R001417	Görünmeyen	1	Görünmeyen	görünmeyen	10	SEMANTIC VALUE UNRESOLVED	INTERPRETATION UNREVIEWED
R001418	görünmeyen	1	görünmeyen	görünmeyen	10	SEMANTIC VALUE UNRESOLVED	INTERPRETATION UNREVIEWED
R001419	görünmeyenleri	1	görünmeyenleri	görünmeyenleri	14	SEMANTIC VALUE UNRESOLVED	INTERPRETATION UNREVIEWED
R001420	Görünmeyip	1	Görünmeyip	görünmeyip	10	SEMANTIC VALUE UNRESOLVED	INTERPRETATION UNREVIEWED
R001421	görünmez	1	görünmez	görünmez	8	SEMANTIC VALUE UNRESOLVED	INTERPRETATION UNREVIEWED
R001422	görünmezler	1	görünmezler	görünmezler	11	SEMANTIC VALUE UNRESOLVED	INTERPRETATION UNREVIEWED
R001423	Görünsün	1	Görünsün	görünsün	8	SEMANTIC VALUE UNRESOLVED	INTERPRETATION UNREVIEWED
R001424	görünür.	1	görünür.	görünür.	8	SEMANTIC VALUE UNRESOLVED	INTERPRETATION UNREVIEWED
R001425	görünüşte,	1	görünüşte,	görünüşte,	10	SEMANTIC VALUE UNRESOLVED	INTERPRETATION UNREVIEWED
R001426	görür,	1	görür,	görür,	6	SEMANTIC VALUE UNRESOLVED	INTERPRETATION UNREVIEWED
R001427	görürdü.	1	görürdü.	görürdü.	8	SEMANTIC VALUE UNRESOLVED	INTERPRETATION UNREVIEWED
R001428	görürler	1	görürler	görürler	8	SEMANTIC VALUE UNRESOLVED	INTERPRETATION UNREVIEWED
R001429	görüşlüydü;	1	görüşlüydü;	görüşlüydü;	11	SEMANTIC VALUE UNRESOLVED	INTERPRETATION UNREVIEWED
R001430	Gösterdi	1	Gösterdi	gösterdi	8	SEMANTIC VALUE UNRESOLVED	INTERPRETATION UNREVIEWED
R001431	gösterdin	1	gösterdin	gösterdin	9	SEMANTIC VALUE UNRESOLVED	INTERPRETATION UNREVIEWED
R001432	gösterdin?	1	gösterdin?	gösterdin?	10	SEMANTIC VALUE UNRESOLVED	INTERPRETATION UNREVIEWED
R001433	gösteren	1	gösteren	gösteren	8	SEMANTIC VALUE UNRESOLVED	INTERPRETATION UNREVIEWED
R001434	gösterirmiş.	1	gösterirmiş.	gösterirmiş.	12	SEMANTIC VALUE UNRESOLVED	INTERPRETATION UNREVIEWED
R001435	gösterirsen	1	gösterirsen	gösterirsen	11	SEMANTIC VALUE UNRESOLVED	INTERPRETATION UNREVIEWED
R001436	göstermişsin	1	göstermişsin	göstermişsin	12	SEMANTIC VALUE UNRESOLVED	INTERPRETATION UNREVIEWED
R001437	göstersin,	1	göstersin,	göstersin,	10	SEMANTIC VALUE UNRESOLVED	INTERPRETATION UNREVIEWED
R001438	götürdüyse,	1	götürdüyse,	götürdüyse,	11	SEMANTIC VALUE UNRESOLVED	INTERPRETATION UNREVIEWED
R001439	götürecekti	1	götürecekti	götürecekti	11	SEMANTIC VALUE UNRESOLVED	INTERPRETATION UNREVIEWED
R001440	götürmezsen.	1	götürmezsen.	götürmezsen.	12	SEMANTIC VALUE UNRESOLVED	INTERPRETATION UNREVIEWED
R001441	götürsün.	1	götürsün.	götürsün.	9	SEMANTIC VALUE UNRESOLVED	INTERPRETATION UNREVIEWED
R001442	götürürsün,	1	götürürsün,	götürürsün,	11	SEMANTIC VALUE UNRESOLVED	INTERPRETATION UNREVIEWED
R001443	göz	1	göz	göz	3	SEMANTIC VALUE UNRESOLVED	INTERPRETATION UNREVIEWED
R001444	gözler	2	gözler	gözler	6	SEMANTIC VALUE UNRESOLVED	INTERPRETATION UNREVIEWED
R001445	gözlerden	1	gözlerden	gözlerden	9	SEMANTIC VALUE UNRESOLVED	INTERPRETATION UNREVIEWED
R001446	gözlerinin	2	gözlerinin	gözlerinin	10	SEMANTIC VALUE UNRESOLVED	INTERPRETATION UNREVIEWED
R001447	gözyaşları	1	gözyaşları	gözyaşları	10	SEMANTIC VALUE UNRESOLVED	INTERPRETATION UNREVIEWED
R001448	gözükür.	1	gözükür.	gözükür.	8	SEMANTIC VALUE UNRESOLVED	INTERPRETATION UNREVIEWED
R001449	gözüyle	1	gözüyle	gözüyle	7	SEMANTIC VALUE UNRESOLVED	INTERPRETATION UNREVIEWED
R001450	güc	1	güc	güc	3	SEMANTIC VALUE UNRESOLVED	INTERPRETATION UNREVIEWED
R001451	gücümüzün,	1	gücümüzün,	gücümüzün,	10	SEMANTIC VALUE UNRESOLVED	INTERPRETATION UNREVIEWED
R001452	Gül	1	Gül	gül	3	SEMANTIC VALUE UNRESOLVED	INTERPRETATION UNREVIEWED
R001453	gülü	1	gülü	gülü	4	SEMANTIC VALUE UNRESOLVED	INTERPRETATION UNREVIEWED
R001454	gümüş	2	gümüş	gümüş	5	SEMANTIC VALUE UNRESOLVED	INTERPRETATION UNREVIEWED
R001455	günahkar	1	günahkar	günahkar	8	SEMANTIC VALUE UNRESOLVED	INTERPRETATION UNREVIEWED
R001456	Günahkarlan,	1	Günahkarlan,	günahkarlan,	12	SEMANTIC VALUE UNRESOLVED	INTERPRETATION UNREVIEWED
R001457	günahkarlar,	2	günahkarlar,	günahkarlar,	12	SEMANTIC VALUE UNRESOLVED	INTERPRETATION UNREVIEWED
R001458	günahkarlardan	1	günahkarlardan	günahkarlardan	14	SEMANTIC VALUE UNRESOLVED	INTERPRETATION UNREVIEWED
R001459	günahkarların	1	günahkarların	günahkarların	13	SEMANTIC VALUE UNRESOLVED	INTERPRETATION UNREVIEWED
R001460	günahlarunız,	1	günahlarunız,	günahlarunız,	13	SEMANTIC VALUE UNRESOLVED	INTERPRETATION UNREVIEWED
R001461	Günahları	1	Günahları	günahları	9	SEMANTIC VALUE UNRESOLVED	INTERPRETATION UNREVIEWED
R001462	günahları	1	günahları	günahları	9	SEMANTIC VALUE UNRESOLVED	INTERPRETATION UNREVIEWED
R001463	günahsız	1	günahsız	günahsız	8	SEMANTIC VALUE UNRESOLVED	INTERPRETATION UNREVIEWED
R001464	Günde	1	Günde	günde	5	SEMANTIC VALUE UNRESOLVED	INTERPRETATION UNREVIEWED
R001465	güneş	1	güneş	güneş	5	SEMANTIC VALUE UNRESOLVED	INTERPRETATION UNREVIEWED
R001466	güneş,	1	güneş,	güneş,	6	SEMANTIC VALUE UNRESOLVED	INTERPRETATION UNREVIEWED
R001467	güneşe	1	güneşe	güneşe	6	SEMANTIC VALUE UNRESOLVED	INTERPRETATION UNREVIEWED
R001468	güneşi	1	güneşi	güneşi	6	SEMANTIC VALUE UNRESOLVED	INTERPRETATION UNREVIEWED
R001469	güneşin	1	güneşin	güneşin	7	SEMANTIC VALUE UNRESOLVED	INTERPRETATION UNREVIEWED
R001470	Güneşsin	1	Güneşsin	güneşsin	8	SEMANTIC VALUE UNRESOLVED	INTERPRETATION UNREVIEWED
R001471	güneşten.	1	güneşten.	güneşten.	9	SEMANTIC VALUE UNRESOLVED	INTERPRETATION UNREVIEWED
R001472	Güzel	1	Güzel	güzel	5	SEMANTIC VALUE UNRESOLVED	INTERPRETATION UNREVIEWED
R001473	güzel	8	güzel	güzel	5	SEMANTIC VALUE UNRESOLVED	INTERPRETATION UNREVIEWED
R001474	güzellikten	1	güzellikten	güzellikten	11	SEMANTIC VALUE UNRESOLVED	INTERPRETATION UNREVIEWED
R001475	güzelliği	1	güzelliği	güzelliği	9	SEMANTIC VALUE UNRESOLVED	INTERPRETATION UNREVIEWED
R001476	Güzelliğin	1	Güzelliğin	güzelliğin	10	SEMANTIC VALUE UNRESOLVED	INTERPRETATION UNREVIEWED
R001477	güzelliğin	2	güzelliğin	güzelliğin	10	SEMANTIC VALUE UNRESOLVED	INTERPRETATION UNREVIEWED
R001478	güzelliğinin	2	güzelliğinin	güzelliğinin	12	SEMANTIC VALUE UNRESOLVED	INTERPRETATION UNREVIEWED
R001479	güzelliğinle	1	güzelliğinle	güzelliğinle	12	SEMANTIC VALUE UNRESOLVED	INTERPRETATION UNREVIEWED
R001480	güç	1	güç	güç	3	SEMANTIC VALUE UNRESOLVED	INTERPRETATION UNREVIEWED
R001481	güçlendi	1	güçlendi	güçlendi	8	SEMANTIC VALUE UNRESOLVED	INTERPRETATION UNREVIEWED
R001482	güçlü	3	güçlü	güçlü	5	SEMANTIC VALUE UNRESOLVED	INTERPRETATION UNREVIEWED
R001483	gılbfı.	1	gılbfı.	gılbfı.	7	SEMANTIC VALUE UNRESOLVED	INTERPRETATION UNREVIEWED
R001484	gıri,	1	gıri,	gıri,	5	SEMANTIC VALUE UNRESOLVED	INTERPRETATION UNREVIEWED
R001485	gırt!	2	gırt!	gırt!	5	SEMANTIC VALUE UNRESOLVED	INTERPRETATION UNREVIEWED
R001486	gırti	1	gırti	gırti	5	SEMANTIC VALUE UNRESOLVED	INTERPRETATION UNREVIEWED
R001487	gırtiye	1	gırtiye	gırtiye	7	SEMANTIC VALUE UNRESOLVED	INTERPRETATION UNREVIEWED
R001488	gırtiye,	1	gırtiye,	gırtiye,	8	SEMANTIC VALUE UNRESOLVED	INTERPRETATION UNREVIEWED
R001489	gırtiye.	1	gırtiye.	gırtiye.	8	SEMANTIC VALUE UNRESOLVED	INTERPRETATION UNREVIEWED
R001490	gırtıne	2	gırtıne	gırtıne	7	SEMANTIC VALUE UNRESOLVED	INTERPRETATION UNREVIEWED
R001491	gış	1	gış	gış	3	SEMANTIC VALUE UNRESOLVED	INTERPRETATION UNREVIEWED
R001492	gışt	1	gışt	gışt	4	SEMANTIC VALUE UNRESOLVED	INTERPRETATION UNREVIEWED
R001493	gışt,	1	gışt,	gışt,	5	SEMANTIC VALUE UNRESOLVED	INTERPRETATION UNREVIEWED
R001494	gışte	1	gışte	gışte	5	SEMANTIC VALUE UNRESOLVED	INTERPRETATION UNREVIEWED
R001495	gƙrçek	1	gƙrçek	gƙrçek	6	SEMANTIC VALUE UNRESOLVED	INTERPRETATION UNREVIEWED
R001496	H1L	1	H1L	h1l	3	SEMANTIC VALUE UNRESOLVED	INTERPRETATION UNREVIEWED
R001497	haberdar	1	haberdar	haberdar	8	SEMANTIC VALUE UNRESOLVED	INTERPRETATION UNREVIEWED
R001498	Habeşlerden,	1	Habeşlerden,	habeşlerden,	12	SEMANTIC VALUE UNRESOLVED	INTERPRETATION UNREVIEWED
R001499	hac	1	hac	hac	3	SEMANTIC VALUE UNRESOLVED	INTERPRETATION UNREVIEWED
R001500	hacıb,	1	hacıb,	hacıb,	6	SEMANTIC VALUE UNRESOLVED	INTERPRETATION UNREVIEWED
R001501	Hadi	1	Hadi	hadi	4	SEMANTIC VALUE UNRESOLVED	INTERPRETATION UNREVIEWED
R001502	hadisler	1	hadisler	hadisler	8	SEMANTIC VALUE UNRESOLVED	INTERPRETATION UNREVIEWED
R001503	Hadiye	1	Hadiye	hadiye	6	SEMANTIC VALUE UNRESOLVED	INTERPRETATION UNREVIEWED
R001504	Hakan,	1	Hakan,	hakan,	6	SEMANTIC VALUE UNRESOLVED	INTERPRETATION UNREVIEWED
R001505	hakiki»	1	hakiki»	hakiki»	7	SEMANTIC VALUE UNRESOLVED	INTERPRETATION UNREVIEWED
R001506	hakim	1	hakim	hakim	5	SEMANTIC VALUE UNRESOLVED	INTERPRETATION UNREVIEWED
R001507	Hakimin	1	Hakimin	hakimin	7	SEMANTIC VALUE UNRESOLVED	INTERPRETATION UNREVIEWED
R001508	Hakkari	1	Hakkari	hakkari	7	SEMANTIC VALUE UNRESOLVED	INTERPRETATION UNREVIEWED
R001509	hakkı	1	hakkı	hakkı	5	SEMANTIC VALUE UNRESOLVED	INTERPRETATION UNREVIEWED
R001510	hakkında	4	hakkında	hakkında	8	SEMANTIC VALUE UNRESOLVED	INTERPRETATION UNREVIEWED
R001511	hakkında,	1	hakkında,	hakkında,	9	SEMANTIC VALUE UNRESOLVED	INTERPRETATION UNREVIEWED
R001512	hakkındaki	1	hakkındaki	hakkındaki	10	SEMANTIC VALUE UNRESOLVED	INTERPRETATION UNREVIEWED
R001513	haksız	1	haksız	haksız	6	SEMANTIC VALUE UNRESOLVED	INTERPRETATION UNREVIEWED
R001514	haksızlığa	1	haksızlığa	haksızlığa	10	SEMANTIC VALUE UNRESOLVED	INTERPRETATION UNREVIEWED
R001515	haksızlığa,	1	haksızlığa,	haksızlığa,	11	SEMANTIC VALUE UNRESOLVED	INTERPRETATION UNREVIEWED
R001516	hakımbuye	1	hakımbuye	hakımbuye	9	SEMANTIC VALUE UNRESOLVED	INTERPRETATION UNREVIEWED
R001517	halde	1	halde	halde	5	SEMANTIC VALUE UNRESOLVED	INTERPRETATION UNREVIEWED
R001518	haldedir,	1	haldedir,	haldedir,	9	SEMANTIC VALUE UNRESOLVED	INTERPRETATION UNREVIEWED
R001519	haled	1	haled	haled	5	SEMANTIC VALUE UNRESOLVED	INTERPRETATION UNREVIEWED
R001520	halimize,	1	halimize,	halimize,	9	SEMANTIC VALUE UNRESOLVED	INTERPRETATION UNREVIEWED
R001521	halk	5	halk	halk	4	SEMANTIC VALUE UNRESOLVED	INTERPRETATION UNREVIEWED
R001522	halkları,	1	halkları,	halkları,	9	SEMANTIC VALUE UNRESOLVED	INTERPRETATION UNREVIEWED
R001523	halktan	1	halktan	halktan	7	SEMANTIC VALUE UNRESOLVED	INTERPRETATION UNREVIEWED
R001524	halkın	1	halkın	halkın	6	SEMANTIC VALUE UNRESOLVED	INTERPRETATION UNREVIEWED
R001525	hal­	1	hal­	hal­	4	SEMANTIC VALUE UNRESOLVED	INTERPRETATION UNREVIEWED
R001526	Ham,	1	Ham,	ham,	4	SEMANTIC VALUE UNRESOLVED	INTERPRETATION UNREVIEWED
R001527	hamdini	1	hamdini	hamdini	7	SEMANTIC VALUE UNRESOLVED	INTERPRETATION UNREVIEWED
R001528	Han	1	Han	han	3	SEMANTIC VALUE UNRESOLVED	INTERPRETATION UNREVIEWED
R001529	han	1	han	han	3	SEMANTIC VALUE UNRESOLVED	INTERPRETATION UNREVIEWED
R001530	han.	1	han.	han.	4	SEMANTIC VALUE UNRESOLVED	INTERPRETATION UNREVIEWED
R001531	Hangi	1	Hangi	hangi	5	SEMANTIC VALUE UNRESOLVED	INTERPRETATION UNREVIEWED
R001532	Hani	7	Hani	hani	4	SEMANTIC VALUE UNRESOLVED	INTERPRETATION UNREVIEWED
R001533	HANI'NİN	1	HANI'NİN	hani'ni̇n	8	SEMANTIC VALUE UNRESOLVED	INTERPRETATION UNREVIEWED
R001534	Hani'yi	1	Hani'yi	hani'yi	7	SEMANTIC VALUE UNRESOLVED	INTERPRETATION UNREVIEWED
R001535	Hani,	3	Hani,	hani,	5	SEMANTIC VALUE UNRESOLVED	INTERPRETATION UNREVIEWED
R001536	hansız,	1	hansız,	hansız,	7	SEMANTIC VALUE UNRESOLVED	INTERPRETATION UNREVIEWED
R001537	harf,	1	harf,	harf,	5	SEMANTIC VALUE UNRESOLVED	INTERPRETATION UNREVIEWED
R001538	harfidir	1	harfidir	harfidir	8	SEMANTIC VALUE UNRESOLVED	INTERPRETATION UNREVIEWED
R001539	harfidir.	1	harfidir.	harfidir.	9	SEMANTIC VALUE UNRESOLVED	INTERPRETATION UNREVIEWED
R001540	harflerine	1	harflerine	harflerine	10	SEMANTIC VALUE UNRESOLVED	INTERPRETATION UNREVIEWED
R001541	harflerine,	1	harflerine,	harflerine,	11	SEMANTIC VALUE UNRESOLVED	INTERPRETATION UNREVIEWED
R001542	harfleriyle	2	harfleriyle	harfleriyle	11	SEMANTIC VALUE UNRESOLVED	INTERPRETATION UNREVIEWED
R001543	harfleriyle.	3	harfleriyle.	harfleriyle.	12	SEMANTIC VALUE UNRESOLVED	INTERPRETATION UNREVIEWED
R001544	harftir;	1	harftir;	harftir;	8	SEMANTIC VALUE UNRESOLVED	INTERPRETATION UNREVIEWED
R001545	harniyet	1	harniyet	harniyet	8	SEMANTIC VALUE UNRESOLVED	INTERPRETATION UNREVIEWED
R001546	Hasıl	1	Hasıl	hasıl	5	SEMANTIC VALUE UNRESOLVED	INTERPRETATION UNREVIEWED
R001547	Hasıl:	1	Hasıl:	hasıl:	6	SEMANTIC VALUE UNRESOLVED	INTERPRETATION UNREVIEWED
R001548	Hatem	1	Hatem	hatem	5	SEMANTIC VALUE UNRESOLVED	INTERPRETATION UNREVIEWED
R001549	hatiye	7	hatiye	hatiye	6	SEMANTIC VALUE UNRESOLVED	INTERPRETATION UNREVIEWED
R001550	hatiye.	1	hatiye.	hatiye.	7	SEMANTIC VALUE UNRESOLVED	INTERPRETATION UNREVIEWED
R001551	hatme	1	hatme	hatme	5	SEMANTIC VALUE UNRESOLVED	INTERPRETATION UNREVIEWED
R001552	Hatta	1	Hatta	hatta	5	SEMANTIC VALUE UNRESOLVED	INTERPRETATION UNREVIEWED
R001553	hatıbe	1	hatıbe	hatıbe	6	SEMANTIC VALUE UNRESOLVED	INTERPRETATION UNREVIEWED
R001554	hatın	1	hatın	hatın	5	SEMANTIC VALUE UNRESOLVED	INTERPRETATION UNREVIEWED
R001555	hatıne	1	hatıne	hatıne	6	SEMANTIC VALUE UNRESOLVED	INTERPRETATION UNREVIEWED
R001556	hatıne,	1	hatıne,	hatıne,	7	SEMANTIC VALUE UNRESOLVED	INTERPRETATION UNREVIEWED
R001557	hatırlarından.	1	hatırlarından.	hatırlarından.	14	SEMANTIC VALUE UNRESOLVED	INTERPRETATION UNREVIEWED
R001558	hayatı	1	hayatı	hayatı	6	SEMANTIC VALUE UNRESOLVED	INTERPRETATION UNREVIEWED
R001559	hayatına	3	hayatına	hayatına	8	SEMANTIC VALUE UNRESOLVED	INTERPRETATION UNREVIEWED
R001560	hayli	4	hayli	hayli	5	SEMANTIC VALUE UNRESOLVED	INTERPRETATION UNREVIEWED
R001561	hayvan.	1	hayvan.	hayvan.	7	SEMANTIC VALUE UNRESOLVED	INTERPRETATION UNREVIEWED
R001562	Hayvanlar,	1	Hayvanlar,	hayvanlar,	10	SEMANTIC VALUE UNRESOLVED	INTERPRETATION UNREVIEWED
R001563	hayvanlar,	1	hayvanlar,	hayvanlar,	10	SEMANTIC VALUE UNRESOLVED	INTERPRETATION UNREVIEWED
R001564	Hayır	1	Hayır	hayır	5	SEMANTIC VALUE UNRESOLVED	INTERPRETATION UNREVIEWED
R001565	Hazane	1	Hazane	hazane	6	SEMANTIC VALUE UNRESOLVED	INTERPRETATION UNREVIEWED
R001566	hazinesin	1	hazinesin	hazinesin	9	SEMANTIC VALUE UNRESOLVED	INTERPRETATION UNREVIEWED
R001567	Hazır	3	Hazır	hazır	5	SEMANTIC VALUE UNRESOLVED	INTERPRETATION UNREVIEWED
R001568	hazır	3	hazır	hazır	5	SEMANTIC VALUE UNRESOLVED	INTERPRETATION UNREVIEWED
R001569	hazır!	1	hazır!	hazır!	6	SEMANTIC VALUE UNRESOLVED	INTERPRETATION UNREVIEWED
R001570	ha­	2	ha­	ha­	3	SEMANTIC VALUE UNRESOLVED	INTERPRETATION UNREVIEWED
R001571	Haşa	2	Haşa	haşa	4	SEMANTIC VALUE UNRESOLVED	INTERPRETATION UNREVIEWED
R001572	he	5	he	he	2	SEMANTIC VALUE UNRESOLVED	INTERPRETATION UNREVIEWED
R001573	hebandi	1	hebandi	hebandi	7	SEMANTIC VALUE UNRESOLVED	INTERPRETATION UNREVIEWED
R001574	Hebeş	1	Hebeş	hebeş	5	SEMANTIC VALUE UNRESOLVED	INTERPRETATION UNREVIEWED
R001575	hebfı.n	1	hebfı.n	hebfı.n	7	SEMANTIC VALUE UNRESOLVED	INTERPRETATION UNREVIEWED
R001576	hebiban!	1	hebiban!	hebiban!	8	SEMANTIC VALUE UNRESOLVED	INTERPRETATION UNREVIEWED
R001577	Hebibe	1	Hebibe	hebibe	6	SEMANTIC VALUE UNRESOLVED	INTERPRETATION UNREVIEWED
R001578	hebu	1	hebu	hebu	4	SEMANTIC VALUE UNRESOLVED	INTERPRETATION UNREVIEWED
R001579	hebuwa	1	hebuwa	hebuwa	6	SEMANTIC VALUE UNRESOLVED	INTERPRETATION UNREVIEWED
R001580	hebıt	1	hebıt	hebıt	5	SEMANTIC VALUE UNRESOLVED	INTERPRETATION UNREVIEWED
R001581	hec	1	hec	hec	3	SEMANTIC VALUE UNRESOLVED	INTERPRETATION UNREVIEWED
R001582	hede	1	hede	hede	4	SEMANTIC VALUE UNRESOLVED	INTERPRETATION UNREVIEWED
R001583	Heftoo-ı	1	Heftoo-ı	heftoo-ı	8	SEMANTIC VALUE UNRESOLVED	INTERPRETATION UNREVIEWED
R001584	hej-ı	1	hej-ı	hej-ı	5	SEMANTIC VALUE UNRESOLVED	INTERPRETATION UNREVIEWED
R001585	Heja	1	Heja	heja	4	SEMANTIC VALUE UNRESOLVED	INTERPRETATION UNREVIEWED
R001586	heja	4	heja	heja	4	SEMANTIC VALUE UNRESOLVED	INTERPRETATION UNREVIEWED
R001587	hejaye.	1	hejaye.	hejaye.	7	SEMANTIC VALUE UNRESOLVED	INTERPRETATION UNREVIEWED
R001588	hejayiya	1	hejayiya	hejayiya	8	SEMANTIC VALUE UNRESOLVED	INTERPRETATION UNREVIEWED
R001589	hejmara	1	hejmara	hejmara	7	SEMANTIC VALUE UNRESOLVED	INTERPRETATION UNREVIEWED
R001590	Hekime	1	Hekime	hekime	6	SEMANTIC VALUE UNRESOLVED	INTERPRETATION UNREVIEWED
R001591	Hekkari'ye	1	Hekkari'ye	hekkari'ye	10	SEMANTIC VALUE UNRESOLVED	INTERPRETATION UNREVIEWED
R001592	Helak	1	Helak	helak	5	SEMANTIC VALUE UNRESOLVED	INTERPRETATION UNREVIEWED
R001593	helakin	1	helakin	helakin	7	SEMANTIC VALUE UNRESOLVED	INTERPRETATION UNREVIEWED
R001594	Hem	6	Hem	hem	3	SEMANTIC VALUE UNRESOLVED	INTERPRETATION UNREVIEWED
R001595	hem	40	hem	hem	3	SEMANTIC VALUE UNRESOLVED	INTERPRETATION UNREVIEWED
R001596	Hema	1	Hema	hema	4	SEMANTIC VALUE UNRESOLVED	INTERPRETATION UNREVIEWED
R001597	hemd	1	hemd	hemd	4	SEMANTIC VALUE UNRESOLVED	INTERPRETATION UNREVIEWED
R001598	Hemen	1	Hemen	hemen	5	SEMANTIC VALUE UNRESOLVED	INTERPRETATION UNREVIEWED
R001599	hemen	2	hemen	hemen	5	SEMANTIC VALUE UNRESOLVED	INTERPRETATION UNREVIEWED
R001600	hemher	1	hemher	hemher	6	SEMANTIC VALUE UNRESOLVED	INTERPRETATION UNREVIEWED
R001601	hemi	10	hemi	hemi	4	SEMANTIC VALUE UNRESOLVED	INTERPRETATION UNREVIEWED
R001602	hemiyan	1	hemiyan	hemiyan	7	SEMANTIC VALUE UNRESOLVED	INTERPRETATION UNREVIEWED
R001603	Hemyan	3	Hemyan	hemyan	6	SEMANTIC VALUE UNRESOLVED	INTERPRETATION UNREVIEWED
R001604	hendıke.	1	hendıke.	hendıke.	8	SEMANTIC VALUE UNRESOLVED	INTERPRETATION UNREVIEWED
R001605	hendıken	1	hendıken	hendıken	8	SEMANTIC VALUE UNRESOLVED	INTERPRETATION UNREVIEWED
R001606	hene.	1	hene.	hene.	5	SEMANTIC VALUE UNRESOLVED	INTERPRETATION UNREVIEWED
R001607	Henüz	2	Henüz	henüz	5	SEMANTIC VALUE UNRESOLVED	INTERPRETATION UNREVIEWED
R001608	henüz	1	henüz	henüz	5	SEMANTIC VALUE UNRESOLVED	INTERPRETATION UNREVIEWED
R001609	Hep	1	Hep	hep	3	SEMANTIC VALUE UNRESOLVED	INTERPRETATION UNREVIEWED
R001610	hep	5	hep	hep	3	SEMANTIC VALUE UNRESOLVED	INTERPRETATION UNREVIEWED
R001611	hepimizi,	1	hepimizi,	hepimizi,	9	SEMANTIC VALUE UNRESOLVED	INTERPRETATION UNREVIEWED
R001612	Hepsi	9	Hepsi	hepsi	5	SEMANTIC VALUE UNRESOLVED	INTERPRETATION UNREVIEWED
R001613	hepsi	5	hepsi	hepsi	5	SEMANTIC VALUE UNRESOLVED	INTERPRETATION UNREVIEWED
R001614	hepsini	2	hepsini	hepsini	7	SEMANTIC VALUE UNRESOLVED	INTERPRETATION UNREVIEWED
R001615	hepsini,	2	hepsini,	hepsini,	8	SEMANTIC VALUE UNRESOLVED	INTERPRETATION UNREVIEWED
R001616	hepsini.	1	hepsini.	hepsini.	8	SEMANTIC VALUE UNRESOLVED	INTERPRETATION UNREVIEWED
R001617	Hepsinin	1	Hepsinin	hepsinin	8	SEMANTIC VALUE UNRESOLVED	INTERPRETATION UNREVIEWED
R001618	hepten,	1	hepten,	hepten,	7	SEMANTIC VALUE UNRESOLVED	INTERPRETATION UNREVIEWED
R001619	heq	1	heq	heq	3	SEMANTIC VALUE UNRESOLVED	INTERPRETATION UNREVIEWED
R001620	heqe	4	heqe	heqe	4	SEMANTIC VALUE UNRESOLVED	INTERPRETATION UNREVIEWED
R001621	heqiqeta	1	heqiqeta	heqiqeta	8	SEMANTIC VALUE UNRESOLVED	INTERPRETATION UNREVIEWED
R001622	Heqqa,	1	Heqqa,	heqqa,	6	SEMANTIC VALUE UNRESOLVED	INTERPRETATION UNREVIEWED
R001623	heqqe	2	heqqe	heqqe	5	SEMANTIC VALUE UNRESOLVED	INTERPRETATION UNREVIEWED
R001624	Her	13	Her	her	3	SEMANTIC VALUE UNRESOLVED	INTERPRETATION UNREVIEWED
R001625	her	13	her	her	3	SEMANTIC VALUE UNRESOLVED	INTERPRETATION UNREVIEWED
R001626	her-ew	1	her-ew	her-ew	6	SEMANTIC VALUE UNRESOLVED	INTERPRETATION UNREVIEWED
R001627	Herdu	1	Herdu	herdu	5	SEMANTIC VALUE UNRESOLVED	INTERPRETATION UNREVIEWED
R001628	herduwane	1	herduwane	herduwane	9	SEMANTIC VALUE UNRESOLVED	INTERPRETATION UNREVIEWED
R001629	here	1	here	here	4	SEMANTIC VALUE UNRESOLVED	INTERPRETATION UNREVIEWED
R001630	Herfa	1	Herfa	herfa	5	SEMANTIC VALUE UNRESOLVED	INTERPRETATION UNREVIEWED
R001631	herfe	2	herfe	herfe	5	SEMANTIC VALUE UNRESOLVED	INTERPRETATION UNREVIEWED
R001632	herfen	8	herfen	herfen	6	SEMANTIC VALUE UNRESOLVED	INTERPRETATION UNREVIEWED
R001633	herhalde,	1	herhalde,	herhalde,	9	SEMANTIC VALUE UNRESOLVED	INTERPRETATION UNREVIEWED
R001634	herkes	1	herkes	herkes	6	SEMANTIC VALUE UNRESOLVED	INTERPRETATION UNREVIEWED
R001635	herkese	1	herkese	herkese	7	SEMANTIC VALUE UNRESOLVED	INTERPRETATION UNREVIEWED
R001636	Herse	1	Herse	herse	5	SEMANTIC VALUE UNRESOLVED	INTERPRETATION UNREVIEWED
R001637	Hersene	1	Hersene	hersene	7	SEMANTIC VALUE UNRESOLVED	INTERPRETATION UNREVIEWED
R001638	hersiteman	1	hersiteman	hersiteman	10	SEMANTIC VALUE UNRESOLVED	INTERPRETATION UNREVIEWED
R001639	Heryek	4	Heryek	heryek	6	SEMANTIC VALUE UNRESOLVED	INTERPRETATION UNREVIEWED
R001640	Herçi	10	Herçi	herçi	5	SEMANTIC VALUE UNRESOLVED	INTERPRETATION UNREVIEWED
R001641	herşey	1	herşey	herşey	6	SEMANTIC VALUE UNRESOLVED	INTERPRETATION UNREVIEWED
R001642	herşeyin	1	herşeyin	herşeyin	8	SEMANTIC VALUE UNRESOLVED	INTERPRETATION UNREVIEWED
R001643	Herşeş	1	Herşeş	herşeş	6	SEMANTIC VALUE UNRESOLVED	INTERPRETATION UNREVIEWED
R001644	hesan	1	hesan	hesan	5	SEMANTIC VALUE UNRESOLVED	INTERPRETATION UNREVIEWED
R001645	hesarın	1	hesarın	hesarın	7	SEMANTIC VALUE UNRESOLVED	INTERPRETATION UNREVIEWED
R001646	heseb	1	heseb	heseb	5	SEMANTIC VALUE UNRESOLVED	INTERPRETATION UNREVIEWED
R001647	heseri	1	heseri	heseri	6	SEMANTIC VALUE UNRESOLVED	INTERPRETATION UNREVIEWED
R001648	hesıbinın.	1	hesıbinın.	hesıbinın.	10	SEMANTIC VALUE UNRESOLVED	INTERPRETATION UNREVIEWED
R001649	heta	2	heta	heta	4	SEMANTIC VALUE UNRESOLVED	INTERPRETATION UNREVIEWED
R001650	Hetta	3	Hetta	hetta	5	SEMANTIC VALUE UNRESOLVED	INTERPRETATION UNREVIEWED
R001651	hev	2	hev	hev	3	SEMANTIC VALUE UNRESOLVED	INTERPRETATION UNREVIEWED
R001652	hevdemi	1	hevdemi	hevdemi	7	SEMANTIC VALUE UNRESOLVED	INTERPRETATION UNREVIEWED
R001653	hevdemM	1	hevdemM	hevdemm	7	SEMANTIC VALUE UNRESOLVED	INTERPRETATION UNREVIEWED
R001654	hevdfı	1	hevdfı	hevdfı	6	SEMANTIC VALUE UNRESOLVED	INTERPRETATION UNREVIEWED
R001655	hevdfıra	1	hevdfıra	hevdfıra	8	SEMANTIC VALUE UNRESOLVED	INTERPRETATION UNREVIEWED
R001656	hevdil,	1	hevdil,	hevdil,	7	SEMANTIC VALUE UNRESOLVED	INTERPRETATION UNREVIEWED
R001657	hevtaye	2	hevtaye	hevtaye	7	SEMANTIC VALUE UNRESOLVED	INTERPRETATION UNREVIEWED
R001658	hev­	1	hev­	hev­	4	SEMANTIC VALUE UNRESOLVED	INTERPRETATION UNREVIEWED
R001659	heybetçe	1	heybetçe	heybetçe	8	SEMANTIC VALUE UNRESOLVED	INTERPRETATION UNREVIEWED
R001660	heye	1	heye	heye	4	SEMANTIC VALUE UNRESOLVED	INTERPRETATION UNREVIEWED
R001661	heyfıla	1	heyfıla	heyfıla	7	SEMANTIC VALUE UNRESOLVED	INTERPRETATION UNREVIEWED
R001662	heyiya	1	heyiya	heyiya	6	SEMANTIC VALUE UNRESOLVED	INTERPRETATION UNREVIEWED
R001663	heyiye,	1	heyiye,	heyiye,	7	SEMANTIC VALUE UNRESOLVED	INTERPRETATION UNREVIEWED
R001664	Heywan	2	Heywan	heywan	6	SEMANTIC VALUE UNRESOLVED	INTERPRETATION UNREVIEWED
R001665	heywan	1	heywan	heywan	6	SEMANTIC VALUE UNRESOLVED	INTERPRETATION UNREVIEWED
R001666	hezar-ı	2	hezar-ı	hezar-ı	7	SEMANTIC VALUE UNRESOLVED	INTERPRETATION UNREVIEWED
R001667	hezere	1	hezere	hezere	6	SEMANTIC VALUE UNRESOLVED	INTERPRETATION UNREVIEWED
R001668	heşem,	1	heşem,	heşem,	6	SEMANTIC VALUE UNRESOLVED	INTERPRETATION UNREVIEWED
R001669	heşyar	1	heşyar	heşyar	6	SEMANTIC VALUE UNRESOLVED	INTERPRETATION UNREVIEWED
R001670	hfıre	1	hfıre	hfıre	5	SEMANTIC VALUE UNRESOLVED	INTERPRETATION UNREVIEWED
R001671	hidayet	1	hidayet	hidayet	7	SEMANTIC VALUE UNRESOLVED	INTERPRETATION UNREVIEWED
R001672	hikaye	1	hikaye	hikaye	6	SEMANTIC VALUE UNRESOLVED	INTERPRETATION UNREVIEWED
R001673	hikayesi	1	hikayesi	hikayesi	8	SEMANTIC VALUE UNRESOLVED	INTERPRETATION UNREVIEWED
R001674	hikayesini	1	hikayesini	hikayesini	10	SEMANTIC VALUE UNRESOLVED	INTERPRETATION UNREVIEWED
R001675	hikayeyi	1	hikayeyi	hikayeyi	8	SEMANTIC VALUE UNRESOLVED	INTERPRETATION UNREVIEWED
R001676	Hikmet	1	Hikmet	hikmet	6	SEMANTIC VALUE UNRESOLVED	INTERPRETATION UNREVIEWED
R001677	hikmet:	1	hikmet:	hikmet:	7	SEMANTIC VALUE UNRESOLVED	INTERPRETATION UNREVIEWED
R001678	hikmeta	2	hikmeta	hikmeta	7	SEMANTIC VALUE UNRESOLVED	INTERPRETATION UNREVIEWED
R001679	hikmeti;	1	hikmeti;	hikmeti;	8	SEMANTIC VALUE UNRESOLVED	INTERPRETATION UNREVIEWED
R001680	hikmetinden	1	hikmetinden	hikmetinden	11	SEMANTIC VALUE UNRESOLVED	INTERPRETATION UNREVIEWED
R001681	Hikmetliydi	1	Hikmetliydi	hikmetliydi	11	SEMANTIC VALUE UNRESOLVED	INTERPRETATION UNREVIEWED
R001682	himmet	3	himmet	himmet	6	SEMANTIC VALUE UNRESOLVED	INTERPRETATION UNREVIEWED
R001683	himmeta	1	himmeta	himmeta	7	SEMANTIC VALUE UNRESOLVED	INTERPRETATION UNREVIEWED
R001684	Hindu	1	Hindu	hindu	5	SEMANTIC VALUE UNRESOLVED	INTERPRETATION UNREVIEWED
R001685	hitab;n	1	hitab;n	hitab;n	7	SEMANTIC VALUE UNRESOLVED	INTERPRETATION UNREVIEWED
R001686	hitabın	1	hitabın	hitabın	7	SEMANTIC VALUE UNRESOLVED	INTERPRETATION UNREVIEWED
R001687	hive	1	hive	hive	4	SEMANTIC VALUE UNRESOLVED	INTERPRETATION UNREVIEWED
R001688	Hive;	1	Hive;	hive;	5	SEMANTIC VALUE UNRESOLVED	INTERPRETATION UNREVIEWED
R001689	hizmet	2	hizmet	hizmet	6	SEMANTIC VALUE UNRESOLVED	INTERPRETATION UNREVIEWED
R001690	hizmetler	1	hizmetler	hizmetler	9	SEMANTIC VALUE UNRESOLVED	INTERPRETATION UNREVIEWED
R001691	hizmetçi	1	hizmetçi	hizmetçi	8	SEMANTIC VALUE UNRESOLVED	INTERPRETATION UNREVIEWED
R001692	Hiç	2	Hiç	hiç	3	SEMANTIC VALUE UNRESOLVED	INTERPRETATION UNREVIEWED
R001693	hiç	2	hiç	hiç	3	SEMANTIC VALUE UNRESOLVED	INTERPRETATION UNREVIEWED
R001694	hiçbir	1	hiçbir	hiçbir	6	SEMANTIC VALUE UNRESOLVED	INTERPRETATION UNREVIEWED
R001695	hiçbirinin,	1	hiçbirinin,	hiçbirinin,	11	SEMANTIC VALUE UNRESOLVED	INTERPRETATION UNREVIEWED
R001696	hostayi	1	hostayi	hostayi	7	SEMANTIC VALUE UNRESOLVED	INTERPRETATION UNREVIEWED
R001697	Hozan	2	Hozan	hozan	5	SEMANTIC VALUE UNRESOLVED	INTERPRETATION UNREVIEWED
R001698	Hozane	2	Hozane	hozane	6	SEMANTIC VALUE UNRESOLVED	INTERPRETATION UNREVIEWED
R001699	hukme	1	hukme	hukme	5	SEMANTIC VALUE UNRESOLVED	INTERPRETATION UNREVIEWED
R001700	huk­	1	huk­	huk­	4	SEMANTIC VALUE UNRESOLVED	INTERPRETATION UNREVIEWED
R001701	Hulasa:	3	Hulasa:	hulasa:	7	SEMANTIC VALUE UNRESOLVED	INTERPRETATION UNREVIEWED
R001702	hunera	1	hunera	hunera	6	SEMANTIC VALUE UNRESOLVED	INTERPRETATION UNREVIEWED
R001703	hunermendyeki	1	hunermendyeki	hunermendyeki	13	SEMANTIC VALUE UNRESOLVED	INTERPRETATION UNREVIEWED
R001704	hunermend­	1	hunermend­	hunermend­	10	SEMANTIC VALUE UNRESOLVED	INTERPRETATION UNREVIEWED
R001705	Huneyn'e	1	Huneyn'e	huneyn'e	8	SEMANTIC VALUE UNRESOLVED	INTERPRETATION UNREVIEWED
R001706	hususta	2	hususta	hususta	7	SEMANTIC VALUE UNRESOLVED	INTERPRETATION UNREVIEWED
R001707	Hükümdardı,	1	Hükümdardı,	hükümdardı,	11	SEMANTIC VALUE UNRESOLVED	INTERPRETATION UNREVIEWED
R001708	hüneri,	1	hüneri,	hüneri,	7	SEMANTIC VALUE UNRESOLVED	INTERPRETATION UNREVIEWED
R001709	Hüneyn	1	Hüneyn	hüneyn	6	SEMANTIC VALUE UNRESOLVED	INTERPRETATION UNREVIEWED
R001710	Hındi	3	Hındi	hındi	5	SEMANTIC VALUE UNRESOLVED	INTERPRETATION UNREVIEWED
R001711	Hındoye	1	Hındoye	hındoye	7	SEMANTIC VALUE UNRESOLVED	INTERPRETATION UNREVIEWED
R001712	hınek	5	hınek	hınek	5	SEMANTIC VALUE UNRESOLVED	INTERPRETATION UNREVIEWED
R001713	Hıristiyanların,	1	Hıristiyanların,	hıristiyanların,	16	SEMANTIC VALUE UNRESOLVED	INTERPRETATION UNREVIEWED
R001714	Hısna	3	Hısna	hısna	5	SEMANTIC VALUE UNRESOLVED	INTERPRETATION UNREVIEWED
R001715	hısne	3	hısne	hısne	5	SEMANTIC VALUE UNRESOLVED	INTERPRETATION UNREVIEWED
R001716	I	2	I	i	1	SEMANTIC VALUE UNRESOLVED	INTERPRETATION UNREVIEWED
R001717	i'tibarek	1	i'tibarek	i'tibarek	9	SEMANTIC VALUE UNRESOLVED	INTERPRETATION UNREVIEWED
R001718	i'tibarek:	1	i'tibarek:	i'tibarek:	10	SEMANTIC VALUE UNRESOLVED	INTERPRETATION UNREVIEWED
R001719	i'tibarekiye,	1	i'tibarekiye,	i'tibarekiye,	13	SEMANTIC VALUE UNRESOLVED	INTERPRETATION UNREVIEWED
R001720	I-Ierçi	1	I-Ierçi	i-ierçi	7	SEMANTIC VALUE UNRESOLVED	INTERPRETATION UNREVIEWED
R001721	ibadet	1	ibadet	ibadet	6	SEMANTIC VALUE UNRESOLVED	INTERPRETATION UNREVIEWED
R001722	ibaret	1	ibaret	ibaret	6	SEMANTIC VALUE UNRESOLVED	INTERPRETATION UNREVIEWED
R001723	ibaret:	1	ibaret:	ibaret:	7	SEMANTIC VALUE UNRESOLVED	INTERPRETATION UNREVIEWED
R001724	ibne	1	ibne	ibne	4	SEMANTIC VALUE UNRESOLVED	INTERPRETATION UNREVIEWED
R001725	icadettin	1	icadettin	icadettin	9	SEMANTIC VALUE UNRESOLVED	INTERPRETATION UNREVIEWED
R001726	idari	4	idari	idari	5	SEMANTIC VALUE UNRESOLVED	INTERPRETATION UNREVIEWED
R001727	iddia	1	iddia	iddia	5	SEMANTIC VALUE UNRESOLVED	INTERPRETATION UNREVIEWED
R001728	idi.	1	idi.	idi.	4	SEMANTIC VALUE UNRESOLVED	INTERPRETATION UNREVIEWED
R001729	idiyse,	1	idiyse,	idiyse,	7	SEMANTIC VALUE UNRESOLVED	INTERPRETATION UNREVIEWED
R001730	idrak	1	idrak	idrak	5	SEMANTIC VALUE UNRESOLVED	INTERPRETATION UNREVIEWED
R001731	ihtiyaca	1	ihtiyaca	ihtiyaca	8	SEMANTIC VALUE UNRESOLVED	INTERPRETATION UNREVIEWED
R001732	ihtıyacı	1	ihtıyacı	ihtıyacı	8	SEMANTIC VALUE UNRESOLVED	INTERPRETATION UNREVIEWED
R001733	III	1	III	iii	3	SEMANTIC VALUE UNRESOLVED	INTERPRETATION UNREVIEWED
R001734	IK	1	IK	ik	2	SEMANTIC VALUE UNRESOLVED	INTERPRETATION UNREVIEWED
R001735	iki	5	iki	iki	3	SEMANTIC VALUE UNRESOLVED	INTERPRETATION UNREVIEWED
R001736	ikiye	1	ikiye	ikiye	5	SEMANTIC VALUE UNRESOLVED	INTERPRETATION UNREVIEWED
R001737	ikiyüz	1	ikiyüz	ikiyüz	6	SEMANTIC VALUE UNRESOLVED	INTERPRETATION UNREVIEWED
R001738	ikiyüzlülüğü	1	ikiyüzlülüğü	ikiyüzlülüğü	12	SEMANTIC VALUE UNRESOLVED	INTERPRETATION UNREVIEWED
R001739	ikrah	1	ikrah	ikrah	5	SEMANTIC VALUE UNRESOLVED	INTERPRETATION UNREVIEWED
R001740	IL	1	IL	il	2	SEMANTIC VALUE UNRESOLVED	INTERPRETATION UNREVIEWED
R001741	ile	2	ile	ile	3	SEMANTIC VALUE UNRESOLVED	INTERPRETATION UNREVIEWED
R001742	ileri	1	ileri	ileri	5	SEMANTIC VALUE UNRESOLVED	INTERPRETATION UNREVIEWED
R001743	ilerlemiştir,	1	ilerlemiştir,	ilerlemiştir,	13	SEMANTIC VALUE UNRESOLVED	INTERPRETATION UNREVIEWED
R001744	ilham	1	ilham	ilham	5	SEMANTIC VALUE UNRESOLVED	INTERPRETATION UNREVIEWED
R001745	ilhama	1	ilhama	ilhama	6	SEMANTIC VALUE UNRESOLVED	INTERPRETATION UNREVIEWED
R001746	ilhame	1	ilhame	ilhame	6	SEMANTIC VALUE UNRESOLVED	INTERPRETATION UNREVIEWED
R001747	ilim	1	ilim	ilim	4	SEMANTIC VALUE UNRESOLVED	INTERPRETATION UNREVIEWED
R001748	ilk	3	ilk	ilk	3	SEMANTIC VALUE UNRESOLVED	INTERPRETATION UNREVIEWED
R001749	ilk,	1	ilk,	ilk,	4	SEMANTIC VALUE UNRESOLVED	INTERPRETATION UNREVIEWED
R001750	Illa	1	Illa	illa	4	SEMANTIC VALUE UNRESOLVED	INTERPRETATION UNREVIEWED
R001751	illet	1	illet	illet	5	SEMANTIC VALUE UNRESOLVED	INTERPRETATION UNREVIEWED
R001752	ilme	1	ilme	ilme	4	SEMANTIC VALUE UNRESOLVED	INTERPRETATION UNREVIEWED
R001753	iman	3	iman	iman	4	SEMANTIC VALUE UNRESOLVED	INTERPRETATION UNREVIEWED
R001754	imkan	1	imkan	imkan	5	SEMANTIC VALUE UNRESOLVED	INTERPRETATION UNREVIEWED
R001755	Imren	1	Imren	imren	5	SEMANTIC VALUE UNRESOLVED	INTERPRETATION UNREVIEWED
R001756	imrenerek	1	imrenerek	imrenerek	9	SEMANTIC VALUE UNRESOLVED	INTERPRETATION UNREVIEWED
R001757	in:	1	in:	in:	3	SEMANTIC VALUE UNRESOLVED	INTERPRETATION UNREVIEWED
R001758	in>>	1	in>>	in>>	4	SEMANTIC VALUE UNRESOLVED	INTERPRETATION UNREVIEWED
R001759	inan.	1	inan.	inan.	5	SEMANTIC VALUE UNRESOLVED	INTERPRETATION UNREVIEWED
R001760	inanan,	1	inanan,	inanan,	7	SEMANTIC VALUE UNRESOLVED	INTERPRETATION UNREVIEWED
R001761	inancımız	1	inancımız	inancımız	9	SEMANTIC VALUE UNRESOLVED	INTERPRETATION UNREVIEWED
R001762	inandığını	1	inandığını	inandığını	10	SEMANTIC VALUE UNRESOLVED	INTERPRETATION UNREVIEWED
R001763	inanmayan,	1	inanmayan,	inanmayan,	10	SEMANTIC VALUE UNRESOLVED	INTERPRETATION UNREVIEWED
R001764	inanmayanlar	1	inanmayanlar	inanmayanlar	12	SEMANTIC VALUE UNRESOLVED	INTERPRETATION UNREVIEWED
R001765	inanıp	1	inanıp	inanıp	6	SEMANTIC VALUE UNRESOLVED	INTERPRETATION UNREVIEWED
R001766	inanıyo­	1	inanıyo­	inanıyo­	8	SEMANTIC VALUE UNRESOLVED	INTERPRETATION UNREVIEWED
R001767	inayet	1	inayet	inayet	6	SEMANTIC VALUE UNRESOLVED	INTERPRETATION UNREVIEWED
R001768	inayet,	1	inayet,	inayet,	7	SEMANTIC VALUE UNRESOLVED	INTERPRETATION UNREVIEWED
R001769	ince	1	ince	ince	4	SEMANTIC VALUE UNRESOLVED	INTERPRETATION UNREVIEWED
R001770	inci	1	inci	inci	4	SEMANTIC VALUE UNRESOLVED	INTERPRETATION UNREVIEWED
R001771	inciler	2	inciler	inciler	7	SEMANTIC VALUE UNRESOLVED	INTERPRETATION UNREVIEWED
R001772	incilerden	1	incilerden	incilerden	10	SEMANTIC VALUE UNRESOLVED	INTERPRETATION UNREVIEWED
R001773	ins	2	ins	ins	3	SEMANTIC VALUE UNRESOLVED	INTERPRETATION UNREVIEWED
R001774	ins-anların	1	ins-anların	ins-anların	11	SEMANTIC VALUE UNRESOLVED	INTERPRETATION UNREVIEWED
R001775	insan	3	insan	insan	5	SEMANTIC VALUE UNRESOLVED	INTERPRETATION UNREVIEWED
R001776	insandı.	1	insandı.	insandı.	8	SEMANTIC VALUE UNRESOLVED	INTERPRETATION UNREVIEWED
R001777	insanlar	1	insanlar	insanlar	8	SEMANTIC VALUE UNRESOLVED	INTERPRETATION UNREVIEWED
R001778	insanların	2	insanların	insanların	10	SEMANTIC VALUE UNRESOLVED	INTERPRETATION UNREVIEWED
R001779	insanoğlunu	1	insanoğlunu	insanoğlunu	11	SEMANTIC VALUE UNRESOLVED	INTERPRETATION UNREVIEWED
R001780	insanın	1	insanın	insanın	7	SEMANTIC VALUE UNRESOLVED	INTERPRETATION UNREVIEWED
R001781	iqrar,	1	iqrar,	iqrar,	6	SEMANTIC VALUE UNRESOLVED	INTERPRETATION UNREVIEWED
R001782	irade	2	irade	irade	5	SEMANTIC VALUE UNRESOLVED	INTERPRETATION UNREVIEWED
R001783	iradeye	1	iradeye	iradeye	7	SEMANTIC VALUE UNRESOLVED	INTERPRETATION UNREVIEWED
R001784	irfan	1	irfan	irfan	5	SEMANTIC VALUE UNRESOLVED	INTERPRETATION UNREVIEWED
R001785	ise	1	ise	ise	3	SEMANTIC VALUE UNRESOLVED	INTERPRETATION UNREVIEWED
R001786	isme	4	isme	isme	4	SEMANTIC VALUE UNRESOLVED	INTERPRETATION UNREVIEWED
R001787	ispat	1	ispat	ispat	5	SEMANTIC VALUE UNRESOLVED	INTERPRETATION UNREVIEWED
R001788	ispatlamaya	1	ispatlamaya	ispatlamaya	11	SEMANTIC VALUE UNRESOLVED	INTERPRETATION UNREVIEWED
R001789	istediği	1	istediği	istediği	8	SEMANTIC VALUE UNRESOLVED	INTERPRETATION UNREVIEWED
R001790	istediğin	2	istediğin	istediğin	9	SEMANTIC VALUE UNRESOLVED	INTERPRETATION UNREVIEWED
R001791	istediğin,	1	istediğin,	istediğin,	10	SEMANTIC VALUE UNRESOLVED	INTERPRETATION UNREVIEWED
R001792	istenenler,	1	istenenler,	istenenler,	11	SEMANTIC VALUE UNRESOLVED	INTERPRETATION UNREVIEWED
R001793	istenensin	1	istenensin	istenensin	10	SEMANTIC VALUE UNRESOLVED	INTERPRETATION UNREVIEWED
R001794	ister	2	ister	ister	5	SEMANTIC VALUE UNRESOLVED	INTERPRETATION UNREVIEWED
R001795	isteyen	1	isteyen	isteyen	7	SEMANTIC VALUE UNRESOLVED	INTERPRETATION UNREVIEWED
R001796	isteyen,	1	isteyen,	isteyen,	8	SEMANTIC VALUE UNRESOLVED	INTERPRETATION UNREVIEWED
R001797	istitaet	1	istitaet	istitaet	8	SEMANTIC VALUE UNRESOLVED	INTERPRETATION UNREVIEWED
R001798	istiyenimiz	1	istiyenimiz	istiyenimiz	11	SEMANTIC VALUE UNRESOLVED	INTERPRETATION UNREVIEWED
R001799	istlwa	1	istlwa	istlwa	6	SEMANTIC VALUE UNRESOLVED	INTERPRETATION UNREVIEWED
R001800	isyan	1	isyan	isyan	5	SEMANTIC VALUE UNRESOLVED	INTERPRETATION UNREVIEWED
R001801	itibaridir.	1	itibaridir.	itibaridir.	11	SEMANTIC VALUE UNRESOLVED	INTERPRETATION UNREVIEWED
R001802	IV	2	IV	iv	2	SEMANTIC VALUE UNRESOLVED	INTERPRETATION UNREVIEWED
R001803	iyi	2	iyi	iyi	3	SEMANTIC VALUE UNRESOLVED	INTERPRETATION UNREVIEWED
R001804	iyilik	3	iyilik	iyilik	6	SEMANTIC VALUE UNRESOLVED	INTERPRETATION UNREVIEWED
R001805	iyiliği,	1	iyiliği,	iyiliği,	8	SEMANTIC VALUE UNRESOLVED	INTERPRETATION UNREVIEWED
R001806	için	25	için	için	4	SEMANTIC VALUE UNRESOLVED	INTERPRETATION UNREVIEWED
R001807	için,	8	için,	için,	5	SEMANTIC VALUE UNRESOLVED	INTERPRETATION UNREVIEWED
R001808	için.	1	için.	için.	5	SEMANTIC VALUE UNRESOLVED	INTERPRETATION UNREVIEWED
R001809	içinde	1	içinde	içinde	6	SEMANTIC VALUE UNRESOLVED	INTERPRETATION UNREVIEWED
R001810	içindeyken,	1	içindeyken,	içindeyken,	11	SEMANTIC VALUE UNRESOLVED	INTERPRETATION UNREVIEWED
R001811	içindi	1	içindi	içindi	6	SEMANTIC VALUE UNRESOLVED	INTERPRETATION UNREVIEWED
R001812	içine	1	içine	içine	5	SEMANTIC VALUE UNRESOLVED	INTERPRETATION UNREVIEWED
R001813	içişinden	1	içişinden	içişinden	9	SEMANTIC VALUE UNRESOLVED	INTERPRETATION UNREVIEWED
R001814	iı	1	iı	iı	2	SEMANTIC VALUE UNRESOLVED	INTERPRETATION UNREVIEWED
R001815	iı.	5	iı.	iı.	3	SEMANTIC VALUE UNRESOLVED	INTERPRETATION UNREVIEWED
R001816	işaret	6	işaret	işaret	6	SEMANTIC VALUE UNRESOLVED	INTERPRETATION UNREVIEWED
R001817	işaretc	1	işaretc	işaretc	7	SEMANTIC VALUE UNRESOLVED	INTERPRETATION UNREVIEWED
R001818	işarete	3	işarete	işarete	7	SEMANTIC VALUE UNRESOLVED	INTERPRETATION UNREVIEWED
R001819	işareteki	1	işareteki	işareteki	9	SEMANTIC VALUE UNRESOLVED	INTERPRETATION UNREVIEWED
R001820	işaretin	1	işaretin	işaretin	8	SEMANTIC VALUE UNRESOLVED	INTERPRETATION UNREVIEWED
R001821	işarettir.	1	işarettir.	işarettir.	10	SEMANTIC VALUE UNRESOLVED	INTERPRETATION UNREVIEWED
R001822	işarettir:	1	işarettir:	işarettir:	10	SEMANTIC VALUE UNRESOLVED	INTERPRETATION UNREVIEWED
R001823	işi	2	işi	işi	3	SEMANTIC VALUE UNRESOLVED	INTERPRETATION UNREVIEWED
R001824	işlemesi	1	işlemesi	işlemesi	8	SEMANTIC VALUE UNRESOLVED	INTERPRETATION UNREVIEWED
R001825	işler	1	işler	işler	5	SEMANTIC VALUE UNRESOLVED	INTERPRETATION UNREVIEWED
R001826	işq	3	işq	işq	3	SEMANTIC VALUE UNRESOLVED	INTERPRETATION UNREVIEWED
R001827	işqebazi,	1	işqebazi,	işqebazi,	9	SEMANTIC VALUE UNRESOLVED	INTERPRETATION UNREVIEWED
R001828	işte	2	işte	işte	4	SEMANTIC VALUE UNRESOLVED	INTERPRETATION UNREVIEWED
R001829	iştir	1	iştir	iştir	5	SEMANTIC VALUE UNRESOLVED	INTERPRETATION UNREVIEWED
R001830	Işığın	1	Işığın	işığın	6	SEMANTIC VALUE UNRESOLVED	INTERPRETATION UNREVIEWED
R001831	İ	1	İ	i̇	1	SEMANTIC VALUE UNRESOLVED	INTERPRETATION UNREVIEWED
R001832	İblis'e	1	İblis'e	i̇blis'e	7	SEMANTIC VALUE UNRESOLVED	INTERPRETATION UNREVIEWED
R001833	İdbare	1	İdbare	i̇dbare	6	SEMANTIC VALUE UNRESOLVED	INTERPRETATION UNREVIEWED
R001834	İdris	1	İdris	i̇dris	5	SEMANTIC VALUE UNRESOLVED	INTERPRETATION UNREVIEWED
R001835	İdris'e	1	İdris'e	i̇dris'e	7	SEMANTIC VALUE UNRESOLVED	INTERPRETATION UNREVIEWED
R001836	İki	2	İki	i̇ki	3	SEMANTIC VALUE UNRESOLVED	INTERPRETATION UNREVIEWED
R001837	İLE	1	İLE	i̇le	3	SEMANTIC VALUE UNRESOLVED	INTERPRETATION UNREVIEWED
R001838	İlk-maddeleri	1	İlk-maddeleri	i̇lk-maddeleri	13	SEMANTIC VALUE UNRESOLVED	INTERPRETATION UNREVIEWED
R001839	İlla	1	İlla	i̇lla	4	SEMANTIC VALUE UNRESOLVED	INTERPRETATION UNREVIEWED
R001840	İlme	1	İlme	i̇lme	4	SEMANTIC VALUE UNRESOLVED	INTERPRETATION UNREVIEWED
R001841	İlmimiz	1	İlmimiz	i̇lmimiz	7	SEMANTIC VALUE UNRESOLVED	INTERPRETATION UNREVIEWED
R001842	İMANE	2	İMANE	i̇mane	5	SEMANTIC VALUE UNRESOLVED	INTERPRETATION UNREVIEWED
R001843	İncil	2	İncil	i̇ncil	5	SEMANTIC VALUE UNRESOLVED	INTERPRETATION UNREVIEWED
R001844	İnsan	2	İnsan	i̇nsan	5	SEMANTIC VALUE UNRESOLVED	INTERPRETATION UNREVIEWED
R001845	İnsanın	1	İnsanın	i̇nsanın	7	SEMANTIC VALUE UNRESOLVED	INTERPRETATION UNREVIEWED
R001846	İran'e	1	İran'e	i̇ran'e	6	SEMANTIC VALUE UNRESOLVED	INTERPRETATION UNREVIEWED
R001847	İrfantelebed-ı	1	İrfantelebed-ı	i̇rfantelebed-ı	14	SEMANTIC VALUE UNRESOLVED	INTERPRETATION UNREVIEWED
R001848	İsa	1	İsa	i̇sa	3	SEMANTIC VALUE UNRESOLVED	INTERPRETATION UNREVIEWED
R001849	İsa'yı	1	İsa'yı	i̇sa'yı	6	SEMANTIC VALUE UNRESOLVED	INTERPRETATION UNREVIEWED
R001850	İSLAM	1	İSLAM	i̇slam	5	SEMANTIC VALUE UNRESOLVED	INTERPRETATION UNREVIEWED
R001851	İSLAM,	1	İSLAM,	i̇slam,	6	SEMANTIC VALUE UNRESOLVED	INTERPRETATION UNREVIEWED
R001852	İstanbul	1	İstanbul	i̇stanbul	8	SEMANTIC VALUE UNRESOLVED	INTERPRETATION UNREVIEWED
R001853	İstanbul'da	2	İstanbul'da	i̇stanbul'da	11	SEMANTIC VALUE UNRESOLVED	INTERPRETATION UNREVIEWED
R001854	İster	2	İster	i̇ster	5	SEMANTIC VALUE UNRESOLVED	INTERPRETATION UNREVIEWED
R001855	İyilik	1	İyilik	i̇yilik	6	SEMANTIC VALUE UNRESOLVED	INTERPRETATION UNREVIEWED
R001856	İşitirili	1	İşitirili	i̇şitirili	9	SEMANTIC VALUE UNRESOLVED	INTERPRETATION UNREVIEWED
R001857	İşte	6	İşte	i̇şte	4	SEMANTIC VALUE UNRESOLVED	INTERPRETATION UNREVIEWED
R001858	jar	2	jar	jar	3	SEMANTIC VALUE UNRESOLVED	INTERPRETATION UNREVIEWED
R001859	jar.iye	1	jar.iye	jar.iye	7	SEMANTIC VALUE UNRESOLVED	INTERPRETATION UNREVIEWED
R001860	Jekra	1	Jekra	jekra	5	SEMANTIC VALUE UNRESOLVED	INTERPRETATION UNREVIEWED
R001861	JI	1	JI	ji	2	SEMANTIC VALUE UNRESOLVED	INTERPRETATION UNREVIEWED
R001862	ji	31	ji	ji	2	SEMANTIC VALUE UNRESOLVED	INTERPRETATION UNREVIEWED
R001863	jilı	1	jilı	jilı	4	SEMANTIC VALUE UNRESOLVED	INTERPRETATION UNREVIEWED
R001864	jina	5	jina	jina	4	SEMANTIC VALUE UNRESOLVED	INTERPRETATION UNREVIEWED
R001865	jinenigariya	1	jinenigariya	jinenigariya	12	SEMANTIC VALUE UNRESOLVED	INTERPRETATION UNREVIEWED
R001866	JİNENİGARİY	1	JİNENİGARİY	ji̇neni̇gari̇y	11	SEMANTIC VALUE UNRESOLVED	INTERPRETATION UNREVIEWED
R001867	Jl	1	Jl	jl	2	SEMANTIC VALUE UNRESOLVED	INTERPRETATION UNREVIEWED
R001868	Jt	2	Jt	jt	2	SEMANTIC VALUE UNRESOLVED	INTERPRETATION UNREVIEWED
R001869	JULİYET'inin,	1	JULİYET'inin,	juli̇yet'inin,	13	SEMANTIC VALUE UNRESOLVED	INTERPRETATION UNREVIEWED
R001870	JÜLİYET'a	1	JÜLİYET'a	jüli̇yet'a	9	SEMANTIC VALUE UNRESOLVED	INTERPRETATION UNREVIEWED
R001871	Jı	9	Jı	jı	2	SEMANTIC VALUE UNRESOLVED	INTERPRETATION UNREVIEWED
R001872	jı	92	jı	jı	2	SEMANTIC VALUE UNRESOLVED	INTERPRETATION UNREVIEWED
R001873	jı_bo	1	jı_bo	jı_bo	5	SEMANTIC VALUE UNRESOLVED	INTERPRETATION UNREVIEWED
R001874	jıber	1	jıber	jıber	5	SEMANTIC VALUE UNRESOLVED	INTERPRETATION UNREVIEWED
R001875	Jıbo	2	Jıbo	jıbo	4	SEMANTIC VALUE UNRESOLVED	INTERPRETATION UNREVIEWED
R001876	jıbo	20	jıbo	jıbo	4	SEMANTIC VALUE UNRESOLVED	INTERPRETATION UNREVIEWED
R001877	jıboye	1	jıboye	jıboye	6	SEMANTIC VALUE UNRESOLVED	INTERPRETATION UNREVIEWED
R001878	K	1	K	k	1	SEMANTIC VALUE UNRESOLVED	INTERPRETATION UNREVIEWED
R001879	k..ı	1	k..ı	k..ı	4	SEMANTIC VALUE UNRESOLVED	INTERPRETATION UNREVIEWED
R001880	kab	1	kab	kab	3	SEMANTIC VALUE UNRESOLVED	INTERPRETATION UNREVIEWED
R001881	Kabe'nin	1	Kabe'nin	kabe'nin	8	SEMANTIC VALUE UNRESOLVED	INTERPRETATION UNREVIEWED
R001882	Kabin'a	1	Kabin'a	kabin'a	7	SEMANTIC VALUE UNRESOLVED	INTERPRETATION UNREVIEWED
R001883	kabul	3	kabul	kabul	5	SEMANTIC VALUE UNRESOLVED	INTERPRETATION UNREVIEWED
R001884	kadar	7	kadar	kadar	5	SEMANTIC VALUE UNRESOLVED	INTERPRETATION UNREVIEWED
R001885	kadar:	1	kadar:	kadar:	6	SEMANTIC VALUE UNRESOLVED	INTERPRETATION UNREVIEWED
R001886	kadar»	1	kadar»	kadar»	6	SEMANTIC VALUE UNRESOLVED	INTERPRETATION UNREVIEWED
R001887	Kadeh	1	Kadeh	kadeh	5	SEMANTIC VALUE UNRESOLVED	INTERPRETATION UNREVIEWED
R001888	Kadehi	1	Kadehi	kadehi	6	SEMANTIC VALUE UNRESOLVED	INTERPRETATION UNREVIEWED
R001889	kadehine	1	kadehine	kadehine	8	SEMANTIC VALUE UNRESOLVED	INTERPRETATION UNREVIEWED
R001890	kadehini	1	kadehini	kadehini	8	SEMANTIC VALUE UNRESOLVED	INTERPRETATION UNREVIEWED
R001891	kadri	1	kadri	kadri	5	SEMANTIC VALUE UNRESOLVED	INTERPRETATION UNREVIEWED
R001892	kadrini	1	kadrini	kadrini	7	SEMANTIC VALUE UNRESOLVED	INTERPRETATION UNREVIEWED
R001893	Kafır	1	Kafır	kafır	5	SEMANTIC VALUE UNRESOLVED	INTERPRETATION UNREVIEWED
R001894	kafır	2	kafır	kafır	5	SEMANTIC VALUE UNRESOLVED	INTERPRETATION UNREVIEWED
R001895	kafır,	1	kafır,	kafır,	6	SEMANTIC VALUE UNRESOLVED	INTERPRETATION UNREVIEWED
R001896	Kahrın,	1	Kahrın,	kahrın,	7	SEMANTIC VALUE UNRESOLVED	INTERPRETATION UNREVIEWED
R001897	Kalabilir	1	Kalabilir	kalabilir	9	SEMANTIC VALUE UNRESOLVED	INTERPRETATION UNREVIEWED
R001898	kalacak,	1	kalacak,	kalacak,	8	SEMANTIC VALUE UNRESOLVED	INTERPRETATION UNREVIEWED
R001899	kaldırınca	1	kaldırınca	kaldırınca	10	SEMANTIC VALUE UNRESOLVED	INTERPRETATION UNREVIEWED
R001900	kalem	1	kalem	kalem	5	SEMANTIC VALUE UNRESOLVED	INTERPRETATION UNREVIEWED
R001901	Kalem,	1	Kalem,	kalem,	6	SEMANTIC VALUE UNRESOLVED	INTERPRETATION UNREVIEWED
R001902	kalemimizin,	1	kalemimizin,	kalemimizin,	12	SEMANTIC VALUE UNRESOLVED	INTERPRETATION UNREVIEWED
R001903	kalemin	2	kalemin	kalemin	7	SEMANTIC VALUE UNRESOLVED	INTERPRETATION UNREVIEWED
R001904	kaleminin	1	kaleminin	kaleminin	9	SEMANTIC VALUE UNRESOLVED	INTERPRETATION UNREVIEWED
R001905	Kalk	1	Kalk	kalk	4	SEMANTIC VALUE UNRESOLVED	INTERPRETATION UNREVIEWED
R001906	kalkmalarını	1	kalkmalarını	kalkmalarını	12	SEMANTIC VALUE UNRESOLVED	INTERPRETATION UNREVIEWED
R001907	Kalkıversin	1	Kalkıversin	kalkıversin	11	SEMANTIC VALUE UNRESOLVED	INTERPRETATION UNREVIEWED
R001908	Kalmadı	1	Kalmadı	kalmadı	7	SEMANTIC VALUE UNRESOLVED	INTERPRETATION UNREVIEWED
R001909	kalmazdı,	1	kalmazdı,	kalmazdı,	9	SEMANTIC VALUE UNRESOLVED	INTERPRETATION UNREVIEWED
R001910	kalmışlardır.	1	kalmışlardır.	kalmışlardır.	13	SEMANTIC VALUE UNRESOLVED	INTERPRETATION UNREVIEWED
R001911	kalmıştı,	1	kalmıştı,	kalmıştı,	9	SEMANTIC VALUE UNRESOLVED	INTERPRETATION UNREVIEWED
R001912	kalıba	1	kalıba	kalıba	6	SEMANTIC VALUE UNRESOLVED	INTERPRETATION UNREVIEWED
R001913	kalır,	1	kalır,	kalır,	6	SEMANTIC VALUE UNRESOLVED	INTERPRETATION UNREVIEWED
R001914	kalırlar.	1	kalırlar.	kalırlar.	9	SEMANTIC VALUE UNRESOLVED	INTERPRETATION UNREVIEWED
R001915	kalırını	1	kalırını	kalırını	8	SEMANTIC VALUE UNRESOLVED	INTERPRETATION UNREVIEWED
R001916	kam	1	kam	kam	3	SEMANTIC VALUE UNRESOLVED	INTERPRETATION UNREVIEWED
R001917	kamaştırıcı	1	kamaştırıcı	kamaştırıcı	11	SEMANTIC VALUE UNRESOLVED	INTERPRETATION UNREVIEWED
R001918	Kamu	1	Kamu	kamu	4	SEMANTIC VALUE UNRESOLVED	INTERPRETATION UNREVIEWED
R001919	kan	1	kan	kan	3	SEMANTIC VALUE UNRESOLVED	INTERPRETATION UNREVIEWED
R001920	KAN'	1	KAN'	kan'	4	SEMANTIC VALUE UNRESOLVED	INTERPRETATION UNREVIEWED
R001921	kanatlar,	1	kanatlar,	kanatlar,	9	SEMANTIC VALUE UNRESOLVED	INTERPRETATION UNREVIEWED
R001922	kanlı	1	kanlı	kanlı	5	SEMANTIC VALUE UNRESOLVED	INTERPRETATION UNREVIEWED
R001923	kanıt	1	kanıt	kanıt	5	SEMANTIC VALUE UNRESOLVED	INTERPRETATION UNREVIEWED
R001924	kanıtıara	1	kanıtıara	kanıtıara	9	SEMANTIC VALUE UNRESOLVED	INTERPRETATION UNREVIEWED
R001925	kapından.	1	kapından.	kapından.	9	SEMANTIC VALUE UNRESOLVED	INTERPRETATION UNREVIEWED
R001926	Karanlık	1	Karanlık	karanlık	8	SEMANTIC VALUE UNRESOLVED	INTERPRETATION UNREVIEWED
R001927	karanlıktır,	1	karanlıktır,	karanlıktır,	12	SEMANTIC VALUE UNRESOLVED	INTERPRETATION UNREVIEWED
R001928	karbaş,	1	karbaş,	karbaş,	7	SEMANTIC VALUE UNRESOLVED	INTERPRETATION UNREVIEWED
R001929	karbıdestan,	1	karbıdestan,	karbıdestan,	12	SEMANTIC VALUE UNRESOLVED	INTERPRETATION UNREVIEWED
R001930	karbıdestanra	1	karbıdestanra	karbıdestanra	13	SEMANTIC VALUE UNRESOLVED	INTERPRETATION UNREVIEWED
R001931	karbıdesten	1	karbıdesten	karbıdesten	11	SEMANTIC VALUE UNRESOLVED	INTERPRETATION UNREVIEWED
R001932	kardır.	1	kardır.	kardır.	7	SEMANTIC VALUE UNRESOLVED	INTERPRETATION UNREVIEWED
R001933	karen	2	karen	karen	5	SEMANTIC VALUE UNRESOLVED	INTERPRETATION UNREVIEWED
R001934	karigeha	1	karigeha	karigeha	8	SEMANTIC VALUE UNRESOLVED	INTERPRETATION UNREVIEWED
R001935	karkırın	1	karkırın	karkırın	8	SEMANTIC VALUE UNRESOLVED	INTERPRETATION UNREVIEWED
R001936	karı	1	karı	karı	4	SEMANTIC VALUE UNRESOLVED	INTERPRETATION UNREVIEWED
R001937	karın	2	karın	karın	5	SEMANTIC VALUE UNRESOLVED	INTERPRETATION UNREVIEWED
R001938	karşı	2	karşı	karşı	5	SEMANTIC VALUE UNRESOLVED	INTERPRETATION UNREVIEWED
R001939	karşılamak	1	karşılamak	karşılamak	10	SEMANTIC VALUE UNRESOLVED	INTERPRETATION UNREVIEWED
R001940	karşılaştırılmasını	1	karşılaştırılmasını	karşılaştırılmasını	19	SEMANTIC VALUE UNRESOLVED	INTERPRETATION UNREVIEWED
R001941	karşılıklı,	1	karşılıklı,	karşılıklı,	11	SEMANTIC VALUE UNRESOLVED	INTERPRETATION UNREVIEWED
R001942	kasdediyor.	1	kasdediyor.	kasdediyor.	11	SEMANTIC VALUE UNRESOLVED	INTERPRETATION UNREVIEWED
R001943	kase,	1	kase,	kase,	5	SEMANTIC VALUE UNRESOLVED	INTERPRETATION UNREVIEWED
R001944	kaseden	1	kaseden	kaseden	7	SEMANTIC VALUE UNRESOLVED	INTERPRETATION UNREVIEWED
R001945	katmış	1	katmış	katmış	6	SEMANTIC VALUE UNRESOLVED	INTERPRETATION UNREVIEWED
R001946	katılmcaya	1	katılmcaya	katılmcaya	10	SEMANTIC VALUE UNRESOLVED	INTERPRETATION UNREVIEWED
R001947	katılmış	1	katılmış	katılmış	8	SEMANTIC VALUE UNRESOLVED	INTERPRETATION UNREVIEWED
R001948	katında	2	katında	katında	7	SEMANTIC VALUE UNRESOLVED	INTERPRETATION UNREVIEWED
R001949	kavukluğu,	1	kavukluğu,	kavukluğu,	10	SEMANTIC VALUE UNRESOLVED	INTERPRETATION UNREVIEWED
R001950	kavuşsun	1	kavuşsun	kavuşsun	8	SEMANTIC VALUE UNRESOLVED	INTERPRETATION UNREVIEWED
R001951	kavuşturdun?	1	kavuşturdun?	kavuşturdun?	12	SEMANTIC VALUE UNRESOLVED	INTERPRETATION UNREVIEWED
R001952	kaybolmaktan	1	kaybolmaktan	kaybolmaktan	12	SEMANTIC VALUE UNRESOLVED	INTERPRETATION UNREVIEWED
R001953	kaynak	1	kaynak	kaynak	6	SEMANTIC VALUE UNRESOLVED	INTERPRETATION UNREVIEWED
R001954	Kayser	1	Kayser	kayser	6	SEMANTIC VALUE UNRESOLVED	INTERPRETATION UNREVIEWED
R001955	kayıp,	1	kayıp,	kayıp,	6	SEMANTIC VALUE UNRESOLVED	INTERPRETATION UNREVIEWED
R001956	kayıtlıyız.	1	kayıtlıyız.	kayıtlıyız.	11	SEMANTIC VALUE UNRESOLVED	INTERPRETATION UNREVIEWED
R001957	kazanan	1	kazanan	kazanan	7	SEMANTIC VALUE UNRESOLVED	INTERPRETATION UNREVIEWED
R001958	kazandır­	1	kazandır­	kazandır­	9	SEMANTIC VALUE UNRESOLVED	INTERPRETATION UNREVIEWED
R001959	kazanırlar-	1	kazanırlar-	kazanırlar-	11	SEMANTIC VALUE UNRESOLVED	INTERPRETATION UNREVIEWED
R001960	ke	10	ke	ke	2	SEMANTIC VALUE UNRESOLVED	INTERPRETATION UNREVIEWED
R001961	ke-	1	ke-	ke-	3	SEMANTIC VALUE UNRESOLVED	INTERPRETATION UNREVIEWED
R001962	ke.	1	ke.	ke.	3	SEMANTIC VALUE UNRESOLVED	INTERPRETATION UNREVIEWED
R001963	kefxweşın.	1	kefxweşın.	kefxweşın.	10	SEMANTIC VALUE UNRESOLVED	INTERPRETATION UNREVIEWED
R001964	kelame	1	kelame	kelame	6	SEMANTIC VALUE UNRESOLVED	INTERPRETATION UNREVIEWED
R001965	kelime	2	kelime	kelime	6	SEMANTIC VALUE UNRESOLVED	INTERPRETATION UNREVIEWED
R001966	kelimeler	1	kelimeler	kelimeler	9	SEMANTIC VALUE UNRESOLVED	INTERPRETATION UNREVIEWED
R001967	kelimelerin	1	kelimelerin	kelimelerin	11	SEMANTIC VALUE UNRESOLVED	INTERPRETATION UNREVIEWED
R001968	kelimele­	1	kelimele­	kelimele­	9	SEMANTIC VALUE UNRESOLVED	INTERPRETATION UNREVIEWED
R001969	kem	2	kem	kem	3	SEMANTIC VALUE UNRESOLVED	INTERPRETATION UNREVIEWED
R001970	kemale	3	kemale	kemale	6	SEMANTIC VALUE UNRESOLVED	INTERPRETATION UNREVIEWED
R001971	keminbfı	1	keminbfı	keminbfı	8	SEMANTIC VALUE UNRESOLVED	INTERPRETATION UNREVIEWED
R001972	kemtıre,	1	kemtıre,	kemtıre,	8	SEMANTIC VALUE UNRESOLVED	INTERPRETATION UNREVIEWED
R001973	kenann	1	kenann	kenann	6	SEMANTIC VALUE UNRESOLVED	INTERPRETATION UNREVIEWED
R001974	Kendi	1	Kendi	kendi	5	SEMANTIC VALUE UNRESOLVED	INTERPRETATION UNREVIEWED
R001975	kendi	6	kendi	kendi	5	SEMANTIC VALUE UNRESOLVED	INTERPRETATION UNREVIEWED
R001976	kendilerine	1	kendilerine	kendilerine	11	SEMANTIC VALUE UNRESOLVED	INTERPRETATION UNREVIEWED
R001977	kendilerini,	1	kendilerini,	kendilerini,	12	SEMANTIC VALUE UNRESOLVED	INTERPRETATION UNREVIEWED
R001978	kendiliğinden	1	kendiliğinden	kendiliğinden	13	SEMANTIC VALUE UNRESOLVED	INTERPRETATION UNREVIEWED
R001979	kendimizi	1	kendimizi	kendimizi	9	SEMANTIC VALUE UNRESOLVED	INTERPRETATION UNREVIEWED
R001980	kendine	7	kendine	kendine	7	SEMANTIC VALUE UNRESOLVED	INTERPRETATION UNREVIEWED
R001981	Kendisi	1	Kendisi	kendisi	7	SEMANTIC VALUE UNRESOLVED	INTERPRETATION UNREVIEWED
R001982	kendisi	1	kendisi	kendisi	7	SEMANTIC VALUE UNRESOLVED	INTERPRETATION UNREVIEWED
R001983	kendisi,	1	kendisi,	kendisi,	8	SEMANTIC VALUE UNRESOLVED	INTERPRETATION UNREVIEWED
R001984	kendisi.	1	kendisi.	kendisi.	8	SEMANTIC VALUE UNRESOLVED	INTERPRETATION UNREVIEWED
R001985	kendisinden	1	kendisinden	kendisinden	11	SEMANTIC VALUE UNRESOLVED	INTERPRETATION UNREVIEWED
R001986	kendisine	1	kendisine	kendisine	9	SEMANTIC VALUE UNRESOLVED	INTERPRETATION UNREVIEWED
R001987	Kenzi	1	Kenzi	kenzi	5	SEMANTIC VALUE UNRESOLVED	INTERPRETATION UNREVIEWED
R001988	kerem	2	kerem	kerem	5	SEMANTIC VALUE UNRESOLVED	INTERPRETATION UNREVIEWED
R001989	keremkar!	1	keremkar!	keremkar!	9	SEMANTIC VALUE UNRESOLVED	INTERPRETATION UNREVIEWED
R001990	Kes	1	Kes	kes	3	SEMANTIC VALUE UNRESOLVED	INTERPRETATION UNREVIEWED
R001991	kes	2	kes	kes	3	SEMANTIC VALUE UNRESOLVED	INTERPRETATION UNREVIEWED
R001992	kesen	2	kesen	kesen	5	SEMANTIC VALUE UNRESOLVED	INTERPRETATION UNREVIEWED
R001993	kesi	1	kesi	kesi	4	SEMANTIC VALUE UNRESOLVED	INTERPRETATION UNREVIEWED
R001994	ket	3	ket	ket	3	SEMANTIC VALUE UNRESOLVED	INTERPRETATION UNREVIEWED
R001995	kete	1	kete	kete	4	SEMANTIC VALUE UNRESOLVED	INTERPRETATION UNREVIEWED
R001996	ketiye	1	ketiye	ketiye	6	SEMANTIC VALUE UNRESOLVED	INTERPRETATION UNREVIEWED
R001997	ketın	2	ketın	ketın	5	SEMANTIC VALUE UNRESOLVED	INTERPRETATION UNREVIEWED
R001998	kevanan	1	kevanan	kevanan	7	SEMANTIC VALUE UNRESOLVED	INTERPRETATION UNREVIEWED
R001999	kevanan;	1	kevanan;	kevanan;	8	SEMANTIC VALUE UNRESOLVED	INTERPRETATION UNREVIEWED
R002000	kevne.	1	kevne.	kevne.	6	SEMANTIC VALUE UNRESOLVED	INTERPRETATION UNREVIEWED
R002001	kevıt	1	kevıt	kevıt	5	SEMANTIC VALUE UNRESOLVED	INTERPRETATION UNREVIEWED
R002002	kewkeb,	1	kewkeb,	kewkeb,	7	SEMANTIC VALUE UNRESOLVED	INTERPRETATION UNREVIEWED
R002003	kewneyn!	1	kewneyn!	kewneyn!	8	SEMANTIC VALUE UNRESOLVED	INTERPRETATION UNREVIEWED
R002004	keyfe	1	keyfe	keyfe	5	SEMANTIC VALUE UNRESOLVED	INTERPRETATION UNREVIEWED
R002005	ke­	1	ke­	ke­	3	SEMANTIC VALUE UNRESOLVED	INTERPRETATION UNREVIEWED
R002006	keça	2	keça	keça	4	SEMANTIC VALUE UNRESOLVED	INTERPRETATION UNREVIEWED
R002007	keçıke	1	keçıke	keçıke	6	SEMANTIC VALUE UNRESOLVED	INTERPRETATION UNREVIEWED
R002008	Keşa	1	Keşa	keşa	4	SEMANTIC VALUE UNRESOLVED	INTERPRETATION UNREVIEWED
R002009	keşe	1	keşe	keşe	4	SEMANTIC VALUE UNRESOLVED	INTERPRETATION UNREVIEWED
R002010	keşf-ı	1	keşf-ı	keşf-ı	6	SEMANTIC VALUE UNRESOLVED	INTERPRETATION UNREVIEWED
R002011	keşfedilen	2	keşfedilen	keşfedilen	10	SEMANTIC VALUE UNRESOLVED	INTERPRETATION UNREVIEWED
R002012	keşıt!	1	keşıt!	keşıt!	6	SEMANTIC VALUE UNRESOLVED	INTERPRETATION UNREVIEWED
R002013	kfıre	1	kfıre	kfıre	5	SEMANTIC VALUE UNRESOLVED	INTERPRETATION UNREVIEWED
R002014	kfıviyan	1	kfıviyan	kfıviyan	8	SEMANTIC VALUE UNRESOLVED	INTERPRETATION UNREVIEWED
R002015	Ki	1	Ki	ki	2	SEMANTIC VALUE UNRESOLVED	INTERPRETATION UNREVIEWED
R002016	ki	26	ki	ki	2	SEMANTIC VALUE UNRESOLVED	INTERPRETATION UNREVIEWED
R002017	ki!	1	ki!	ki!	3	SEMANTIC VALUE UNRESOLVED	INTERPRETATION UNREVIEWED
R002018	ki'	1	ki'	ki'	3	SEMANTIC VALUE UNRESOLVED	INTERPRETATION UNREVIEWED
R002019	Ki'sra'ye	1	Ki'sra'ye	ki'sra'ye	9	SEMANTIC VALUE UNRESOLVED	INTERPRETATION UNREVIEWED
R002020	ki,	4	ki,	ki,	3	SEMANTIC VALUE UNRESOLVED	INTERPRETATION UNREVIEWED
R002021	ki.	1	ki.	ki.	3	SEMANTIC VALUE UNRESOLVED	INTERPRETATION UNREVIEWED
R002022	ki:	5	ki:	ki:	3	SEMANTIC VALUE UNRESOLVED	INTERPRETATION UNREVIEWED
R002023	ki?	1	ki?	ki?	3	SEMANTIC VALUE UNRESOLVED	INTERPRETATION UNREVIEWED
R002024	Kibriya'ye	1	Kibriya'ye	kibriya'ye	10	SEMANTIC VALUE UNRESOLVED	INTERPRETATION UNREVIEWED
R002025	Kibriyadır.	1	Kibriyadır.	kibriyadır.	11	SEMANTIC VALUE UNRESOLVED	INTERPRETATION UNREVIEWED
R002026	killik	1	killik	killik	6	SEMANTIC VALUE UNRESOLVED	INTERPRETATION UNREVIEWED
R002027	kim	1	kim	kim	3	SEMANTIC VALUE UNRESOLVED	INTERPRETATION UNREVIEWED
R002028	kimse	2	kimse	kimse	5	SEMANTIC VALUE UNRESOLVED	INTERPRETATION UNREVIEWED
R002029	kimseler	2	kimseler	kimseler	8	SEMANTIC VALUE UNRESOLVED	INTERPRETATION UNREVIEWED
R002030	kimselerin	1	kimselerin	kimselerin	10	SEMANTIC VALUE UNRESOLVED	INTERPRETATION UNREVIEWED
R002031	kimselerin,	1	kimselerin,	kimselerin,	11	SEMANTIC VALUE UNRESOLVED	INTERPRETATION UNREVIEWED
R002032	kimsenin	1	kimsenin	kimsenin	8	SEMANTIC VALUE UNRESOLVED	INTERPRETATION UNREVIEWED
R002033	kimseyi	1	kimseyi	kimseyi	7	SEMANTIC VALUE UNRESOLVED	INTERPRETATION UNREVIEWED
R002034	kinci,	1	kinci,	kinci,	6	SEMANTIC VALUE UNRESOLVED	INTERPRETATION UNREVIEWED
R002035	kindar,	1	kindar,	kindar,	7	SEMANTIC VALUE UNRESOLVED	INTERPRETATION UNREVIEWED
R002036	Kisra'sını	1	Kisra'sını	kisra'sını	10	SEMANTIC VALUE UNRESOLVED	INTERPRETATION UNREVIEWED
R002037	kitabe,	1	kitabe,	kitabe,	7	SEMANTIC VALUE UNRESOLVED	INTERPRETATION UNREVIEWED
R002038	kitabı	4	kitabı	kitabı	6	SEMANTIC VALUE UNRESOLVED	INTERPRETATION UNREVIEWED
R002039	kitabı,	1	kitabı,	kitabı,	7	SEMANTIC VALUE UNRESOLVED	INTERPRETATION UNREVIEWED
R002040	Kitabın	1	Kitabın	kitabın	7	SEMANTIC VALUE UNRESOLVED	INTERPRETATION UNREVIEWED
R002041	kitabın	5	kitabın	kitabın	7	SEMANTIC VALUE UNRESOLVED	INTERPRETATION UNREVIEWED
R002042	kitap	2	kitap	kitap	5	SEMANTIC VALUE UNRESOLVED	INTERPRETATION UNREVIEWED
R002043	kitap,	1	kitap,	kitap,	6	SEMANTIC VALUE UNRESOLVED	INTERPRETATION UNREVIEWED
R002044	kitapları	1	kitapları	kitapları	9	SEMANTIC VALUE UNRESOLVED	INTERPRETATION UNREVIEWED
R002045	kitaplığının	1	kitaplığının	kitaplığının	12	SEMANTIC VALUE UNRESOLVED	INTERPRETATION UNREVIEWED
R002046	kitaptan	1	kitaptan	kitaptan	8	SEMANTIC VALUE UNRESOLVED	INTERPRETATION UNREVIEWED
R002047	kişi,	1	kişi,	kişi,	5	SEMANTIC VALUE UNRESOLVED	INTERPRETATION UNREVIEWED
R002048	kişileri,	1	kişileri,	kişileri,	9	SEMANTIC VALUE UNRESOLVED	INTERPRETATION UNREVIEWED
R002049	klasik	1	klasik	klasik	6	SEMANTIC VALUE UNRESOLVED	INTERPRETATION UNREVIEWED
R002050	KOLL	1	KOLL	koll	4	SEMANTIC VALUE UNRESOLVED	INTERPRETATION UNREVIEWED
R002051	komell,	1	komell,	komell,	7	SEMANTIC VALUE UNRESOLVED	INTERPRETATION UNREVIEWED
R002052	kome­	1	kome­	kome­	5	SEMANTIC VALUE UNRESOLVED	INTERPRETATION UNREVIEWED
R002053	konsun	1	konsun	konsun	6	SEMANTIC VALUE UNRESOLVED	INTERPRETATION UNREVIEWED
R002054	konular	1	konular	konular	7	SEMANTIC VALUE UNRESOLVED	INTERPRETATION UNREVIEWED
R002055	konusu	1	konusu	konusu	6	SEMANTIC VALUE UNRESOLVED	INTERPRETATION UNREVIEWED
R002056	konusuyla	1	konusuyla	konusuyla	9	SEMANTIC VALUE UNRESOLVED	INTERPRETATION UNREVIEWED
R002057	konuş	1	konuş	konuş	5	SEMANTIC VALUE UNRESOLVED	INTERPRETATION UNREVIEWED
R002058	konuşan	2	konuşan	konuşan	7	SEMANTIC VALUE UNRESOLVED	INTERPRETATION UNREVIEWED
R002059	konuşan,	1	konuşan,	konuşan,	8	SEMANTIC VALUE UNRESOLVED	INTERPRETATION UNREVIEWED
R002060	konuşmayı.	1	konuşmayı.	konuşmayı.	10	SEMANTIC VALUE UNRESOLVED	INTERPRETATION UNREVIEWED
R002061	konuşurdu	1	konuşurdu	konuşurdu	9	SEMANTIC VALUE UNRESOLVED	INTERPRETATION UNREVIEWED
R002062	KORPUSA	1	KORPUSA	korpusa	7	SEMANTIC VALUE UNRESOLVED	INTERPRETATION UNREVIEWED
R002063	koy	1	koy	koy	3	SEMANTIC VALUE UNRESOLVED	INTERPRETATION UNREVIEWED
R002064	koyarak	1	koyarak	koyarak	7	SEMANTIC VALUE UNRESOLVED	INTERPRETATION UNREVIEWED
R002065	koydun	1	koydun	koydun	6	SEMANTIC VALUE UNRESOLVED	INTERPRETATION UNREVIEWED
R002066	koyunlar	1	koyunlar	koyunlar	8	SEMANTIC VALUE UNRESOLVED	INTERPRETATION UNREVIEWED
R002067	koy­	1	koy­	koy­	4	SEMANTIC VALUE UNRESOLVED	INTERPRETATION UNREVIEWED
R002068	ko­	1	ko­	ko­	3	SEMANTIC VALUE UNRESOLVED	INTERPRETATION UNREVIEWED
R002069	koşmamıştır.	1	koşmamıştır.	koşmamıştır.	12	SEMANTIC VALUE UNRESOLVED	INTERPRETATION UNREVIEWED
R002070	Ku	1	Ku	ku	2	SEMANTIC VALUE UNRESOLVED	INTERPRETATION UNREVIEWED
R002071	ku	56	ku	ku	2	SEMANTIC VALUE UNRESOLVED	INTERPRETATION UNREVIEWED
R002072	ku,	2	ku,	ku,	3	SEMANTIC VALUE UNRESOLVED	INTERPRETATION UNREVIEWED
R002073	Ku:	1	Ku:	ku:	3	SEMANTIC VALUE UNRESOLVED	INTERPRETATION UNREVIEWED
R002074	ku:	2	ku:	ku:	3	SEMANTIC VALUE UNRESOLVED	INTERPRETATION UNREVIEWED
R002075	Kubber	1	Kubber	kubber	6	SEMANTIC VALUE UNRESOLVED	INTERPRETATION UNREVIEWED
R002076	kubra	1	kubra	kubra	5	SEMANTIC VALUE UNRESOLVED	INTERPRETATION UNREVIEWED
R002077	kudret	1	kudret	kudret	6	SEMANTIC VALUE UNRESOLVED	INTERPRETATION UNREVIEWED
R002078	kudreti.	1	kudreti.	kudreti.	8	SEMANTIC VALUE UNRESOLVED	INTERPRETATION UNREVIEWED
R002079	kudretine	1	kudretine	kudretine	9	SEMANTIC VALUE UNRESOLVED	INTERPRETATION UNREVIEWED
R002080	kudretli	1	kudretli	kudretli	8	SEMANTIC VALUE UNRESOLVED	INTERPRETATION UNREVIEWED
R002081	kufari	1	kufari	kufari	6	SEMANTIC VALUE UNRESOLVED	INTERPRETATION UNREVIEWED
R002082	kuffar,	1	kuffar,	kuffar,	7	SEMANTIC VALUE UNRESOLVED	INTERPRETATION UNREVIEWED
R002083	Kufr	1	Kufr	kufr	4	SEMANTIC VALUE UNRESOLVED	INTERPRETATION UNREVIEWED
R002084	kufr	1	kufr	kufr	4	SEMANTIC VALUE UNRESOLVED	INTERPRETATION UNREVIEWED
R002085	Kufre	1	Kufre	kufre	5	SEMANTIC VALUE UNRESOLVED	INTERPRETATION UNREVIEWED
R002086	kufre	1	kufre	kufre	5	SEMANTIC VALUE UNRESOLVED	INTERPRETATION UNREVIEWED
R002087	kufıki	1	kufıki	kufıki	6	SEMANTIC VALUE UNRESOLVED	INTERPRETATION UNREVIEWED
R002088	kulbfı.	1	kulbfı.	kulbfı.	7	SEMANTIC VALUE UNRESOLVED	INTERPRETATION UNREVIEWED
R002089	kullannı	1	kullannı	kullannı	8	SEMANTIC VALUE UNRESOLVED	INTERPRETATION UNREVIEWED
R002090	kullanılmış.	1	kullanılmış.	kullanılmış.	12	SEMANTIC VALUE UNRESOLVED	INTERPRETATION UNREVIEWED
R002091	kulleme	1	kulleme	kulleme	7	SEMANTIC VALUE UNRESOLVED	INTERPRETATION UNREVIEWED
R002092	kur	1	kur	kur	3	SEMANTIC VALUE UNRESOLVED	INTERPRETATION UNREVIEWED
R002093	Kur'an	2	Kur'an	kur'an	6	SEMANTIC VALUE UNRESOLVED	INTERPRETATION UNREVIEWED
R002094	Kur'anın	1	Kur'anın	kur'anın	8	SEMANTIC VALUE UNRESOLVED	INTERPRETATION UNREVIEWED
R002095	kuran	1	kuran	kuran	5	SEMANTIC VALUE UNRESOLVED	INTERPRETATION UNREVIEWED
R002096	Kurdda	1	Kurdda	kurdda	6	SEMANTIC VALUE UNRESOLVED	INTERPRETATION UNREVIEWED
R002097	Kurdi	8	Kurdi	kurdi	5	SEMANTIC VALUE UNRESOLVED	INTERPRETATION UNREVIEWED
R002098	Kurdi'ra	2	Kurdi'ra	kurdi'ra	8	SEMANTIC VALUE UNRESOLVED	INTERPRETATION UNREVIEWED
R002099	Kurdi,	1	Kurdi,	kurdi,	6	SEMANTIC VALUE UNRESOLVED	INTERPRETATION UNREVIEWED
R002100	Kurdi.	1	Kurdi.	kurdi.	6	SEMANTIC VALUE UNRESOLVED	INTERPRETATION UNREVIEWED
R002101	Kurdira	1	Kurdira	kurdira	7	SEMANTIC VALUE UNRESOLVED	INTERPRETATION UNREVIEWED
R002102	Kurdî	1	Kurdî	kurdî	5	SEMANTIC VALUE UNRESOLVED	INTERPRETATION UNREVIEWED
R002103	Kurmanc	1	Kurmanc	kurmanc	7	SEMANTIC VALUE UNRESOLVED	INTERPRETATION UNREVIEWED
R002104	Kurmanc-ı	2	Kurmanc-ı	kurmanc-ı	9	SEMANTIC VALUE UNRESOLVED	INTERPRETATION UNREVIEWED
R002105	Kurmancan»	1	Kurmancan»	kurmancan»	10	SEMANTIC VALUE UNRESOLVED	INTERPRETATION UNREVIEWED
R002106	Kurmanciye	1	Kurmanciye	kurmanciye	10	SEMANTIC VALUE UNRESOLVED	INTERPRETATION UNREVIEWED
R002107	Kurta	1	Kurta	kurta	5	SEMANTIC VALUE UNRESOLVED	INTERPRETATION UNREVIEWED
R002108	kurtar.	1	kurtar.	kurtar.	7	SEMANTIC VALUE UNRESOLVED	INTERPRETATION UNREVIEWED
R002109	kurtarmış,	1	kurtarmış,	kurtarmış,	10	SEMANTIC VALUE UNRESOLVED	INTERPRETATION UNREVIEWED
R002110	kurtarırdı	1	kurtarırdı	kurtarırdı	10	SEMANTIC VALUE UNRESOLVED	INTERPRETATION UNREVIEWED
R002111	kurti	1	kurti	kurti	5	SEMANTIC VALUE UNRESOLVED	INTERPRETATION UNREVIEWED
R002112	kurtta	1	kurtta	kurtta	6	SEMANTIC VALUE UNRESOLVED	INTERPRETATION UNREVIEWED
R002113	kuruyanlar	1	kuruyanlar	kuruyanlar	10	SEMANTIC VALUE UNRESOLVED	INTERPRETATION UNREVIEWED
R002114	kusa	2	kusa	kusa	4	SEMANTIC VALUE UNRESOLVED	INTERPRETATION UNREVIEWED
R002115	kusur	1	kusur	kusur	5	SEMANTIC VALUE UNRESOLVED	INTERPRETATION UNREVIEWED
R002116	kusuruyla	1	kusuruyla	kusuruyla	9	SEMANTIC VALUE UNRESOLVED	INTERPRETATION UNREVIEWED
R002117	kutsal	2	kutsal	kutsal	6	SEMANTIC VALUE UNRESOLVED	INTERPRETATION UNREVIEWED
R002118	kutsallık,	1	kutsallık,	kutsallık,	10	SEMANTIC VALUE UNRESOLVED	INTERPRETATION UNREVIEWED
R002119	kutsallılı::la	1	kutsallılı::la	kutsallılı::la	14	SEMANTIC VALUE UNRESOLVED	INTERPRETATION UNREVIEWED
R002120	kuştın	1	kuştın	kuştın	6	SEMANTIC VALUE UNRESOLVED	INTERPRETATION UNREVIEWED
R002121	kökü,	1	kökü,	kökü,	5	SEMANTIC VALUE UNRESOLVED	INTERPRETATION UNREVIEWED
R002122	kökü.	1	kökü.	kökü.	5	SEMANTIC VALUE UNRESOLVED	INTERPRETATION UNREVIEWED
R002123	Köpeklerden	1	Köpeklerden	köpeklerden	11	SEMANTIC VALUE UNRESOLVED	INTERPRETATION UNREVIEWED
R002124	köpekliğiyle,	1	köpekliğiyle,	köpekliğiyle,	13	SEMANTIC VALUE UNRESOLVED	INTERPRETATION UNREVIEWED
R002125	kötü	1	kötü	kötü	4	SEMANTIC VALUE UNRESOLVED	INTERPRETATION UNREVIEWED
R002126	kötü-işliyi	1	kötü-işliyi	kötü-işliyi	11	SEMANTIC VALUE UNRESOLVED	INTERPRETATION UNREVIEWED
R002127	kötülemiş,	1	kötülemiş,	kötülemiş,	10	SEMANTIC VALUE UNRESOLVED	INTERPRETATION UNREVIEWED
R002128	Kötülük	1	Kötülük	kötülük	7	SEMANTIC VALUE UNRESOLVED	INTERPRETATION UNREVIEWED
R002129	kötülüğU	1	kötülüğU	kötülüğu	8	SEMANTIC VALUE UNRESOLVED	INTERPRETATION UNREVIEWED
R002130	kötülüğü,	1	kötülüğü,	kötülüğü,	9	SEMANTIC VALUE UNRESOLVED	INTERPRETATION UNREVIEWED
R002131	kötülüğümüzle,	1	kötülüğümüzle,	kötülüğümüzle,	14	SEMANTIC VALUE UNRESOLVED	INTERPRETATION UNREVIEWED
R002132	köyünde	1	köyünde	köyünde	7	SEMANTIC VALUE UNRESOLVED	INTERPRETATION UNREVIEWED
R002133	köşeler,	1	köşeler,	köşeler,	8	SEMANTIC VALUE UNRESOLVED	INTERPRETATION UNREVIEWED
R002134	küaban	1	küaban	küaban	6	SEMANTIC VALUE UNRESOLVED	INTERPRETATION UNREVIEWED
R002135	küflü	1	küflü	küflü	5	SEMANTIC VALUE UNRESOLVED	INTERPRETATION UNREVIEWED
R002136	küfrü	1	küfrü	küfrü	5	SEMANTIC VALUE UNRESOLVED	INTERPRETATION UNREVIEWED
R002137	Küfür	1	Küfür	küfür	5	SEMANTIC VALUE UNRESOLVED	INTERPRETATION UNREVIEWED
R002138	küfürle	2	küfürle	küfürle	7	SEMANTIC VALUE UNRESOLVED	INTERPRETATION UNREVIEWED
R002139	küllerin	1	küllerin	küllerin	8	SEMANTIC VALUE UNRESOLVED	INTERPRETATION UNREVIEWED
R002140	kültür	1	kültür	kültür	6	SEMANTIC VALUE UNRESOLVED	INTERPRETATION UNREVIEWED
R002141	kültüre	1	kültüre	kültüre	7	SEMANTIC VALUE UNRESOLVED	INTERPRETATION UNREVIEWED
R002142	kültürel	1	kültürel	kültürel	8	SEMANTIC VALUE UNRESOLVED	INTERPRETATION UNREVIEWED
R002143	kültürünün	1	kültürünün	kültürünün	10	SEMANTIC VALUE UNRESOLVED	INTERPRETATION UNREVIEWED
R002144	kül­	1	kül­	kül­	4	SEMANTIC VALUE UNRESOLVED	INTERPRETATION UNREVIEWED
R002145	Külçe,	1	Külçe,	külçe,	6	SEMANTIC VALUE UNRESOLVED	INTERPRETATION UNREVIEWED
R002146	külçemiz	1	külçemiz	külçemiz	8	SEMANTIC VALUE UNRESOLVED	INTERPRETATION UNREVIEWED
R002147	Kürt	5	Kürt	kürt	4	SEMANTIC VALUE UNRESOLVED	INTERPRETATION UNREVIEWED
R002148	Kürtçe	8	Kürtçe	kürtçe	6	SEMANTIC VALUE UNRESOLVED	INTERPRETATION UNREVIEWED
R002149	Kürtçe'den	1	Kürtçe'den	kürtçe'den	10	SEMANTIC VALUE UNRESOLVED	INTERPRETATION UNREVIEWED
R002150	Kürtçe'yi,	1	Kürtçe'yi,	kürtçe'yi,	10	SEMANTIC VALUE UNRESOLVED	INTERPRETATION UNREVIEWED
R002151	küçük	2	küçük	küçük	5	SEMANTIC VALUE UNRESOLVED	INTERPRETATION UNREVIEWED
R002152	kı	1	kı	kı	2	SEMANTIC VALUE UNRESOLVED	INTERPRETATION UNREVIEWED
R002153	kıblegah	1	kıblegah	kıblegah	8	SEMANTIC VALUE UNRESOLVED	INTERPRETATION UNREVIEWED
R002154	kıfşe.	1	kıfşe.	kıfşe.	6	SEMANTIC VALUE UNRESOLVED	INTERPRETATION UNREVIEWED
R002155	kıl!	1	kıl!	kıl!	4	SEMANTIC VALUE UNRESOLVED	INTERPRETATION UNREVIEWED
R002156	kılasiki	1	kılasiki	kılasiki	8	SEMANTIC VALUE UNRESOLVED	INTERPRETATION UNREVIEWED
R002157	Kıldı	1	Kıldı	kıldı	5	SEMANTIC VALUE UNRESOLVED	INTERPRETATION UNREVIEWED
R002158	kıldı	1	kıldı	kıldı	5	SEMANTIC VALUE UNRESOLVED	INTERPRETATION UNREVIEWED
R002159	kılidın	1	kılidın	kılidın	7	SEMANTIC VALUE UNRESOLVED	INTERPRETATION UNREVIEWED
R002160	kılıca	1	kılıca	kılıca	6	SEMANTIC VALUE UNRESOLVED	INTERPRETATION UNREVIEWED
R002161	Kılıcı	1	Kılıcı	kılıcı	6	SEMANTIC VALUE UNRESOLVED	INTERPRETATION UNREVIEWED
R002162	kılıcı	1	kılıcı	kılıcı	6	SEMANTIC VALUE UNRESOLVED	INTERPRETATION UNREVIEWED
R002163	kılıç,	1	kılıç,	kılıç,	6	SEMANTIC VALUE UNRESOLVED	INTERPRETATION UNREVIEWED
R002164	kılıçla	1	kılıçla	kılıçla	7	SEMANTIC VALUE UNRESOLVED	INTERPRETATION UNREVIEWED
R002165	kılığındaki	1	kılığındaki	kılığındaki	11	SEMANTIC VALUE UNRESOLVED	INTERPRETATION UNREVIEWED
R002166	kın	6	kın	kın	3	SEMANTIC VALUE UNRESOLVED	INTERPRETATION UNREVIEWED
R002167	kır	20	kır	kır	3	SEMANTIC VALUE UNRESOLVED	INTERPRETATION UNREVIEWED
R002168	kır!	1	kır!	kır!	4	SEMANTIC VALUE UNRESOLVED	INTERPRETATION UNREVIEWED
R002169	kır,	2	kır,	kır,	4	SEMANTIC VALUE UNRESOLVED	INTERPRETATION UNREVIEWED
R002170	kır,.	1	kır,.	kır,.	5	SEMANTIC VALUE UNRESOLVED	INTERPRETATION UNREVIEWED
R002171	kıraseki	1	kıraseki	kıraseki	8	SEMANTIC VALUE UNRESOLVED	INTERPRETATION UNREVIEWED
R002172	kıre	4	kıre	kıre	4	SEMANTIC VALUE UNRESOLVED	INTERPRETATION UNREVIEWED
R002173	kırin	1	kırin	kırin	5	SEMANTIC VALUE UNRESOLVED	INTERPRETATION UNREVIEWED
R002174	kıripe	1	kıripe	kıripe	6	SEMANTIC VALUE UNRESOLVED	INTERPRETATION UNREVIEWED
R002175	kıriye	8	kıriye	kıriye	6	SEMANTIC VALUE UNRESOLVED	INTERPRETATION UNREVIEWED
R002176	kıriye,	4	kıriye,	kıriye,	7	SEMANTIC VALUE UNRESOLVED	INTERPRETATION UNREVIEWED
R002177	kıriye.	5	kıriye.	kıriye.	7	SEMANTIC VALUE UNRESOLVED	INTERPRETATION UNREVIEWED
R002178	kırm	1	kırm	kırm	4	SEMANTIC VALUE UNRESOLVED	INTERPRETATION UNREVIEWED
R002179	Kırmızı	1	Kırmızı	kırmızı	7	SEMANTIC VALUE UNRESOLVED	INTERPRETATION UNREVIEWED
R002180	kırne	1	kırne	kırne	5	SEMANTIC VALUE UNRESOLVED	INTERPRETATION UNREVIEWED
R002181	kırıbe	1	kırıbe	kırıbe	6	SEMANTIC VALUE UNRESOLVED	INTERPRETATION UNREVIEWED
R002182	kırıbu	1	kırıbu	kırıbu	6	SEMANTIC VALUE UNRESOLVED	INTERPRETATION UNREVIEWED
R002183	kırın	15	kırın	kırın	5	SEMANTIC VALUE UNRESOLVED	INTERPRETATION UNREVIEWED
R002184	kırın,	2	kırın,	kırın,	6	SEMANTIC VALUE UNRESOLVED	INTERPRETATION UNREVIEWED
R002185	kırın.	1	kırın.	kırın.	6	SEMANTIC VALUE UNRESOLVED	INTERPRETATION UNREVIEWED
R002186	kırıne.	1	kırıne.	kırıne.	7	SEMANTIC VALUE UNRESOLVED	INTERPRETATION UNREVIEWED
R002187	Kısa	1	Kısa	kısa	4	SEMANTIC VALUE UNRESOLVED	INTERPRETATION UNREVIEWED
R002188	kısa	1	kısa	kısa	4	SEMANTIC VALUE UNRESOLVED	INTERPRETATION UNREVIEWED
R002189	kısaca	1	kısaca	kısaca	6	SEMANTIC VALUE UNRESOLVED	INTERPRETATION UNREVIEWED
R002190	Kısaca:	1	Kısaca:	kısaca:	7	SEMANTIC VALUE UNRESOLVED	INTERPRETATION UNREVIEWED
R002191	Kısacası:	3	Kısacası:	kısacası:	9	SEMANTIC VALUE UNRESOLVED	INTERPRETATION UNREVIEWED
R002192	kısmı	1	kısmı	kısmı	5	SEMANTIC VALUE UNRESOLVED	INTERPRETATION UNREVIEWED
R002193	kıvancı.	1	kıvancı.	kıvancı.	8	SEMANTIC VALUE UNRESOLVED	INTERPRETATION UNREVIEWED
R002194	kızı	1	kızı	kızı	4	SEMANTIC VALUE UNRESOLVED	INTERPRETATION UNREVIEWED
R002195	l\'IE?\10	1	l\'IE?\10	l\'ie?\10	9	SEMANTIC VALUE UNRESOLVED	INTERPRETATION UNREVIEWED
R002196	lahfıt	1	lahfıt	lahfıt	6	SEMANTIC VALUE UNRESOLVED	INTERPRETATION UNREVIEWED
R002197	Lahfıt-ı	1	Lahfıt-ı	lahfıt-ı	8	SEMANTIC VALUE UNRESOLVED	INTERPRETATION UNREVIEWED
R002198	Laiq	1	Laiq	laiq	4	SEMANTIC VALUE UNRESOLVED	INTERPRETATION UNREVIEWED
R002199	laiqe,	1	laiqe,	laiqe,	6	SEMANTIC VALUE UNRESOLVED	INTERPRETATION UNREVIEWED
R002200	lar.	1	lar.	lar.	4	SEMANTIC VALUE UNRESOLVED	INTERPRETATION UNREVIEWED
R002201	larm	1	larm	larm	4	SEMANTIC VALUE UNRESOLVED	INTERPRETATION UNREVIEWED
R002202	lar»	1	lar»	lar»	4	SEMANTIC VALUE UNRESOLVED	INTERPRETATION UNREVIEWED
R002203	ların	1	ların	ların	5	SEMANTIC VALUE UNRESOLVED	INTERPRETATION UNREVIEWED
R002204	Latin	2	Latin	latin	5	SEMANTIC VALUE UNRESOLVED	INTERPRETATION UNREVIEWED
R002205	Latini	1	Latini	latini	6	SEMANTIC VALUE UNRESOLVED	INTERPRETATION UNREVIEWED
R002206	Latini.	1	Latini.	latini.	7	SEMANTIC VALUE UNRESOLVED	INTERPRETATION UNREVIEWED
R002207	Latni	1	Latni	latni	5	SEMANTIC VALUE UNRESOLVED	INTERPRETATION UNREVIEWED
R002208	Latînî	1	Latînî	latînî	6	SEMANTIC VALUE UNRESOLVED	INTERPRETATION UNREVIEWED
R002209	LAVAYİYA	1	LAVAYİYA	lavayi̇ya	8	SEMANTIC VALUE UNRESOLVED	INTERPRETATION UNREVIEWED
R002210	Layezal'i	1	Layezal'i	layezal'i	9	SEMANTIC VALUE UNRESOLVED	INTERPRETATION UNREVIEWED
R002211	laylaştırmak	1	laylaştırmak	laylaştırmak	12	SEMANTIC VALUE UNRESOLVED	INTERPRETATION UNREVIEWED
R002212	layık	3	layık	layık	5	SEMANTIC VALUE UNRESOLVED	INTERPRETATION UNREVIEWED
R002213	layıktır.	1	layıktır.	layıktır.	9	SEMANTIC VALUE UNRESOLVED	INTERPRETATION UNREVIEWED
R002214	Layıq	1	Layıq	layıq	5	SEMANTIC VALUE UNRESOLVED	INTERPRETATION UNREVIEWED
R002215	La­	1	La­	la­	3	SEMANTIC VALUE UNRESOLVED	INTERPRETATION UNREVIEWED
R002216	laştırarak	1	laştırarak	laştırarak	10	SEMANTIC VALUE UNRESOLVED	INTERPRETATION UNREVIEWED
R002217	ldrak	1	ldrak	ldrak	5	SEMANTIC VALUE UNRESOLVED	INTERPRETATION UNREVIEWED
R002218	Le	7	Le	le	2	SEMANTIC VALUE UNRESOLVED	INTERPRETATION UNREVIEWED
R002219	le	5	le	le	2	SEMANTIC VALUE UNRESOLVED	INTERPRETATION UNREVIEWED
R002220	Lebteşne	1	Lebteşne	lebteşne	8	SEMANTIC VALUE UNRESOLVED	INTERPRETATION UNREVIEWED
R002221	lefze	1	lefze	lefze	5	SEMANTIC VALUE UNRESOLVED	INTERPRETATION UNREVIEWED
R002222	leiman	1	leiman	leiman	6	SEMANTIC VALUE UNRESOLVED	INTERPRETATION UNREVIEWED
R002223	lek-i	1	lek-i	lek-i	5	SEMANTIC VALUE UNRESOLVED	INTERPRETATION UNREVIEWED
R002224	lelıul-qelb!	1	lelıul-qelb!	lelıul-qelb!	12	SEMANTIC VALUE UNRESOLVED	INTERPRETATION UNREVIEWED
R002225	lenmektedir.	1	lenmektedir.	lenmektedir.	12	SEMANTIC VALUE UNRESOLVED	INTERPRETATION UNREVIEWED
R002226	leri	1	leri	leri	4	SEMANTIC VALUE UNRESOLVED	INTERPRETATION UNREVIEWED
R002227	Levh,	1	Levh,	levh,	5	SEMANTIC VALUE UNRESOLVED	INTERPRETATION UNREVIEWED
R002228	Lew	1	Lew	lew	3	SEMANTIC VALUE UNRESOLVED	INTERPRETATION UNREVIEWED
R002229	Lewh	1	Lewh	lewh	4	SEMANTIC VALUE UNRESOLVED	INTERPRETATION UNREVIEWED
R002230	lewhe	1	lewhe	lewhe	5	SEMANTIC VALUE UNRESOLVED	INTERPRETATION UNREVIEWED
R002231	Lewlak»:	1	Lewlak»:	lewlak»:	8	SEMANTIC VALUE UNRESOLVED	INTERPRETATION UNREVIEWED
R002232	lewleb	1	lewleb	lewleb	6	SEMANTIC VALUE UNRESOLVED	INTERPRETATION UNREVIEWED
R002233	Lewra	3	Lewra	lewra	5	SEMANTIC VALUE UNRESOLVED	INTERPRETATION UNREVIEWED
R002234	LEYLA	2	LEYLA	leyla	5	SEMANTIC VALUE UNRESOLVED	INTERPRETATION UNREVIEWED
R002235	Leyla	1	Leyla	leyla	5	SEMANTIC VALUE UNRESOLVED	INTERPRETATION UNREVIEWED
R002236	Leyla'yı	1	Leyla'yı	leyla'yı	8	SEMANTIC VALUE UNRESOLVED	INTERPRETATION UNREVIEWED
R002237	Leşger	1	Leşger	leşger	6	SEMANTIC VALUE UNRESOLVED	INTERPRETATION UNREVIEWED
R002238	lida	1	lida	lida	4	SEMANTIC VALUE UNRESOLVED	INTERPRETATION UNREVIEWED
R002239	limeleri	1	limeleri	limeleri	8	SEMANTIC VALUE UNRESOLVED	INTERPRETATION UNREVIEWED
R002240	lİlımkinat	1	lİlımkinat	li̇lımkinat	10	SEMANTIC VALUE UNRESOLVED	INTERPRETATION UNREVIEWED
R002241	ll	1	ll	ll	2	SEMANTIC VALUE UNRESOLVED	INTERPRETATION UNREVIEWED
R002242	llace	1	llace	llace	5	SEMANTIC VALUE UNRESOLVED	INTERPRETATION UNREVIEWED
R002243	lnrın	1	lnrın	lnrın	5	SEMANTIC VALUE UNRESOLVED	INTERPRETATION UNREVIEWED
R002244	lO	1	lO	lo	2	SEMANTIC VALUE UNRESOLVED	INTERPRETATION UNREVIEWED
R002245	lsa'yı!	1	lsa'yı!	lsa'yı!	7	SEMANTIC VALUE UNRESOLVED	INTERPRETATION UNREVIEWED
R002246	lukeki	1	lukeki	lukeki	6	SEMANTIC VALUE UNRESOLVED	INTERPRETATION UNREVIEWED
R002247	lupla	1	lupla	lupla	5	SEMANTIC VALUE UNRESOLVED	INTERPRETATION UNREVIEWED
R002248	Lutf	1	Lutf	lutf	4	SEMANTIC VALUE UNRESOLVED	INTERPRETATION UNREVIEWED
R002249	lutfet,	1	lutfet,	lutfet,	7	SEMANTIC VALUE UNRESOLVED	INTERPRETATION UNREVIEWED
R002250	lükte	1	lükte	lükte	5	SEMANTIC VALUE UNRESOLVED	INTERPRETATION UNREVIEWED
R002251	Lı	2	Lı	lı	2	SEMANTIC VALUE UNRESOLVED	INTERPRETATION UNREVIEWED
R002252	lı	55	lı	lı	2	SEMANTIC VALUE UNRESOLVED	INTERPRETATION UNREVIEWED
R002253	lıela	1	lıela	lıela	5	SEMANTIC VALUE UNRESOLVED	INTERPRETATION UNREVIEWED
R002254	lıeqiqi-yfı	1	lıeqiqi-yfı	lıeqiqi-yfı	11	SEMANTIC VALUE UNRESOLVED	INTERPRETATION UNREVIEWED
R002255	lıiçbir	1	lıiçbir	lıiçbir	7	SEMANTIC VALUE UNRESOLVED	INTERPRETATION UNREVIEWED
R002256	lıısne	1	lıısne	lıısne	6	SEMANTIC VALUE UNRESOLVED	INTERPRETATION UNREVIEWED
R002257	m	2	m	m	1	SEMANTIC VALUE UNRESOLVED	INTERPRETATION UNREVIEWED
R002258	M.	1	M.	m.	2	SEMANTIC VALUE UNRESOLVED	INTERPRETATION UNREVIEWED
R002259	ma	3	ma	ma	2	SEMANTIC VALUE UNRESOLVED	INTERPRETATION UNREVIEWED
R002260	ma'fı.	1	ma'fı.	ma'fı.	6	SEMANTIC VALUE UNRESOLVED	INTERPRETATION UNREVIEWED
R002261	Ma'lfıl-ı	1	Ma'lfıl-ı	ma'lfıl-ı	9	SEMANTIC VALUE UNRESOLVED	INTERPRETATION UNREVIEWED
R002262	Mabud	1	Mabud	mabud	5	SEMANTIC VALUE UNRESOLVED	INTERPRETATION UNREVIEWED
R002263	Mabud!	1	Mabud!	mabud!	6	SEMANTIC VALUE UNRESOLVED	INTERPRETATION UNREVIEWED
R002264	maddeden	1	maddeden	maddeden	8	SEMANTIC VALUE UNRESOLVED	INTERPRETATION UNREVIEWED
R002265	Maddenin	1	Maddenin	maddenin	8	SEMANTIC VALUE UNRESOLVED	INTERPRETATION UNREVIEWED
R002266	maden	1	maden	maden	5	SEMANTIC VALUE UNRESOLVED	INTERPRETATION UNREVIEWED
R002267	madenler	1	madenler	madenler	8	SEMANTIC VALUE UNRESOLVED	INTERPRETATION UNREVIEWED
R002268	madenler;	1	madenler;	madenler;	9	SEMANTIC VALUE UNRESOLVED	INTERPRETATION UNREVIEWED
R002269	mahir	1	mahir	mahir	5	SEMANTIC VALUE UNRESOLVED	INTERPRETATION UNREVIEWED
R002270	Maiyetinde	1	Maiyetinde	maiyetinde	10	SEMANTIC VALUE UNRESOLVED	INTERPRETATION UNREVIEWED
R002271	maiyetsiz,	1	maiyetsiz,	maiyetsiz,	10	SEMANTIC VALUE UNRESOLVED	INTERPRETATION UNREVIEWED
R002272	mak	2	mak	mak	3	SEMANTIC VALUE UNRESOLVED	INTERPRETATION UNREVIEWED
R002273	makama	1	makama	makama	6	SEMANTIC VALUE UNRESOLVED	INTERPRETATION UNREVIEWED
R002274	makamlara	1	makamlara	makamlara	9	SEMANTIC VALUE UNRESOLVED	INTERPRETATION UNREVIEWED
R002275	maksat	1	maksat	maksat	6	SEMANTIC VALUE UNRESOLVED	INTERPRETATION UNREVIEWED
R002276	maksat,herhalde,	1	maksat,herhalde,	maksat,herhalde,	16	SEMANTIC VALUE UNRESOLVED	INTERPRETATION UNREVIEWED
R002277	maksatı,	1	maksatı,	maksatı,	8	SEMANTIC VALUE UNRESOLVED	INTERPRETATION UNREVIEWED
R002278	Mal	1	Mal	mal	3	SEMANTIC VALUE UNRESOLVED	INTERPRETATION UNREVIEWED
R002279	mal	1	mal	mal	3	SEMANTIC VALUE UNRESOLVED	INTERPRETATION UNREVIEWED
R002280	male	1	male	male	4	SEMANTIC VALUE UNRESOLVED	INTERPRETATION UNREVIEWED
R002281	malum	1	malum	malum	5	SEMANTIC VALUE UNRESOLVED	INTERPRETATION UNREVIEWED
R002282	Malume	1	Malume	malume	6	SEMANTIC VALUE UNRESOLVED	INTERPRETATION UNREVIEWED
R002283	mam	1	mam	mam	3	SEMANTIC VALUE UNRESOLVED	INTERPRETATION UNREVIEWED
R002284	mame	1	mame	mame	4	SEMANTIC VALUE UNRESOLVED	INTERPRETATION UNREVIEWED
R002285	mamlamıştır.	1	mamlamıştır.	mamlamıştır.	12	SEMANTIC VALUE UNRESOLVED	INTERPRETATION UNREVIEWED
R002286	Mana	1	Mana	mana	4	SEMANTIC VALUE UNRESOLVED	INTERPRETATION UNREVIEWED
R002287	mana	6	mana	mana	4	SEMANTIC VALUE UNRESOLVED	INTERPRETATION UNREVIEWED
R002288	mana.	1	mana.	mana.	5	SEMANTIC VALUE UNRESOLVED	INTERPRETATION UNREVIEWED
R002289	mane	1	mane	mane	4	SEMANTIC VALUE UNRESOLVED	INTERPRETATION UNREVIEWED
R002290	mane.	1	mane.	mane.	5	SEMANTIC VALUE UNRESOLVED	INTERPRETATION UNREVIEWED
R002291	manen	1	manen	manen	5	SEMANTIC VALUE UNRESOLVED	INTERPRETATION UNREVIEWED
R002292	manetin	1	manetin	manetin	7	SEMANTIC VALUE UNRESOLVED	INTERPRETATION UNREVIEWED
R002293	maneya	3	maneya	maneya	6	SEMANTIC VALUE UNRESOLVED	INTERPRETATION UNREVIEWED
R002294	manzum	1	manzum	manzum	6	SEMANTIC VALUE UNRESOLVED	INTERPRETATION UNREVIEWED
R002295	manzumdur.	1	manzumdur.	manzumdur.	10	SEMANTIC VALUE UNRESOLVED	INTERPRETATION UNREVIEWED
R002296	marbırin	1	marbırin	marbırin	8	SEMANTIC VALUE UNRESOLVED	INTERPRETATION UNREVIEWED
R002297	masiwaye	2	masiwaye	masiwaye	8	SEMANTIC VALUE UNRESOLVED	INTERPRETATION UNREVIEWED
R002298	MATBAAC	1	MATBAAC	matbaac	7	SEMANTIC VALUE UNRESOLVED	INTERPRETATION UNREVIEWED
R002299	maye.	1	maye.	maye.	5	SEMANTIC VALUE UNRESOLVED	INTERPRETATION UNREVIEWED
R002300	Mayine	1	Mayine	mayine	6	SEMANTIC VALUE UNRESOLVED	INTERPRETATION UNREVIEWED
R002301	Mazmune	1	Mazmune	mazmune	7	SEMANTIC VALUE UNRESOLVED	INTERPRETATION UNREVIEWED
R002302	ma­	1	ma­	ma­	3	SEMANTIC VALUE UNRESOLVED	INTERPRETATION UNREVIEWED
R002303	maşallah!	1	maşallah!	maşallah!	9	SEMANTIC VALUE UNRESOLVED	INTERPRETATION UNREVIEWED
R002304	Maşallah,	1	Maşallah,	maşallah,	9	SEMANTIC VALUE UNRESOLVED	INTERPRETATION UNREVIEWED
R002305	Maşuq-ı	1	Maşuq-ı	maşuq-ı	7	SEMANTIC VALUE UNRESOLVED	INTERPRETATION UNREVIEWED
R002306	Me	1	Me	me	2	SEMANTIC VALUE UNRESOLVED	INTERPRETATION UNREVIEWED
R002307	me	45	me	me	2	SEMANTIC VALUE UNRESOLVED	INTERPRETATION UNREVIEWED
R002308	me'kel	1	me'kel	me'kel	6	SEMANTIC VALUE UNRESOLVED	INTERPRETATION UNREVIEWED
R002309	me,	4	me,	me,	3	SEMANTIC VALUE UNRESOLVED	INTERPRETATION UNREVIEWED
R002310	me?	1	me?	me?	3	SEMANTIC VALUE UNRESOLVED	INTERPRETATION UNREVIEWED
R002311	meadın	1	meadın	meadın	6	SEMANTIC VALUE UNRESOLVED	INTERPRETATION UNREVIEWED
R002312	mecazi	3	mecazi	mecazi	6	SEMANTIC VALUE UNRESOLVED	INTERPRETATION UNREVIEWED
R002313	mecazi»nin	1	mecazi»nin	mecazi»nin	10	SEMANTIC VALUE UNRESOLVED	INTERPRETATION UNREVIEWED
R002314	Mecnun'a	1	Mecnun'a	mecnun'a	8	SEMANTIC VALUE UNRESOLVED	INTERPRETATION UNREVIEWED
R002315	MECNÜN'a	1	MECNÜN'a	mecnün'a	8	SEMANTIC VALUE UNRESOLVED	INTERPRETATION UNREVIEWED
R002316	Meczfıb-ı	1	Meczfıb-ı	meczfıb-ı	9	SEMANTIC VALUE UNRESOLVED	INTERPRETATION UNREVIEWED
R002317	Meczup	1	Meczup	meczup	6	SEMANTIC VALUE UNRESOLVED	INTERPRETATION UNREVIEWED
R002318	MEC­	1	MEC­	mec­	4	SEMANTIC VALUE UNRESOLVED	INTERPRETATION UNREVIEWED
R002319	meda	1	meda	meda	4	SEMANTIC VALUE UNRESOLVED	INTERPRETATION UNREVIEWED
R002320	Meddalı-ı	1	Meddalı-ı	meddalı-ı	9	SEMANTIC VALUE UNRESOLVED	INTERPRETATION UNREVIEWED
R002321	meddeded-ı	1	meddeded-ı	meddeded-ı	10	SEMANTIC VALUE UNRESOLVED	INTERPRETATION UNREVIEWED
R002322	Medine	1	Medine	medine	6	SEMANTIC VALUE UNRESOLVED	INTERPRETATION UNREVIEWED
R002323	Medine!	1	Medine!	medine!	7	SEMANTIC VALUE UNRESOLVED	INTERPRETATION UNREVIEWED
R002324	mefa	1	mefa	mefa	4	SEMANTIC VALUE UNRESOLVED	INTERPRETATION UNREVIEWED
R002325	mefaperest	1	mefaperest	mefaperest	10	SEMANTIC VALUE UNRESOLVED	INTERPRETATION UNREVIEWED
R002326	mefaye	1	mefaye	mefaye	6	SEMANTIC VALUE UNRESOLVED	INTERPRETATION UNREVIEWED
R002327	meger	4	meger	meger	5	SEMANTIC VALUE UNRESOLVED	INTERPRETATION UNREVIEWED
R002328	mehabete	1	mehabete	mehabete	8	SEMANTIC VALUE UNRESOLVED	INTERPRETATION UNREVIEWED
R002329	meharetle	1	meharetle	meharetle	9	SEMANTIC VALUE UNRESOLVED	INTERPRETATION UNREVIEWED
R002330	mehbfı.b	1	mehbfı.b	mehbfı.b	8	SEMANTIC VALUE UNRESOLVED	INTERPRETATION UNREVIEWED
R002331	Mehbfıb-ı	1	Mehbfıb-ı	mehbfıb-ı	9	SEMANTIC VALUE UNRESOLVED	INTERPRETATION UNREVIEWED
R002332	MEHDER8	1	MEHDER8	mehder8	7	SEMANTIC VALUE UNRESOLVED	INTERPRETATION UNREVIEWED
R002333	mehkfım	1	mehkfım	mehkfım	7	SEMANTIC VALUE UNRESOLVED	INTERPRETATION UNREVIEWED
R002334	mehr	1	mehr	mehr	4	SEMANTIC VALUE UNRESOLVED	INTERPRETATION UNREVIEWED
R002335	mehrfım	1	mehrfım	mehrfım	7	SEMANTIC VALUE UNRESOLVED	INTERPRETATION UNREVIEWED
R002336	mel'un	1	mel'un	mel'un	6	SEMANTIC VALUE UNRESOLVED	INTERPRETATION UNREVIEWED
R002337	mel'unun,	1	mel'unun,	mel'unun,	9	SEMANTIC VALUE UNRESOLVED	INTERPRETATION UNREVIEWED
R002338	melabis	1	melabis	melabis	7	SEMANTIC VALUE UNRESOLVED	INTERPRETATION UNREVIEWED
R002339	melam»	1	melam»	melam»	6	SEMANTIC VALUE UNRESOLVED	INTERPRETATION UNREVIEWED
R002340	melek	2	melek	melek	5	SEMANTIC VALUE UNRESOLVED	INTERPRETATION UNREVIEWED
R002341	melek,	1	melek,	melek,	6	SEMANTIC VALUE UNRESOLVED	INTERPRETATION UNREVIEWED
R002342	melekan	2	melekan	melekan	7	SEMANTIC VALUE UNRESOLVED	INTERPRETATION UNREVIEWED
R002343	Melekle_rin	1	Melekle_rin	melekle_rin	11	SEMANTIC VALUE UNRESOLVED	INTERPRETATION UNREVIEWED
R002344	melekler.	1	melekler.	melekler.	9	SEMANTIC VALUE UNRESOLVED	INTERPRETATION UNREVIEWED
R002345	meleklerin	1	meleklerin	meleklerin	10	SEMANTIC VALUE UNRESOLVED	INTERPRETATION UNREVIEWED
R002346	meleklerin,	1	meleklerin,	meleklerin,	11	SEMANTIC VALUE UNRESOLVED	INTERPRETATION UNREVIEWED
R002347	MElVIO	1	MElVIO	melvio	6	SEMANTIC VALUE UNRESOLVED	INTERPRETATION UNREVIEWED
R002348	Melıbube	2	Melıbube	melıbube	8	SEMANTIC VALUE UNRESOLVED	INTERPRETATION UNREVIEWED
R002349	melımud	1	melımud	melımud	7	SEMANTIC VALUE UNRESOLVED	INTERPRETATION UNREVIEWED
R002350	MEM	33	MEM	mem	3	SEMANTIC VALUE UNRESOLVED	INTERPRETATION UNREVIEWED
R002351	Mem	4	Mem	mem	3	SEMANTIC VALUE UNRESOLVED	INTERPRETATION UNREVIEWED
R002352	Meme	1	Meme	meme	4	SEMANTIC VALUE UNRESOLVED	INTERPRETATION UNREVIEWED
R002353	MEMO	17	MEMO	memo	4	SEMANTIC VALUE UNRESOLVED	INTERPRETATION UNREVIEWED
R002354	Memo	2	Memo	memo	4	SEMANTIC VALUE UNRESOLVED	INTERPRETATION UNREVIEWED
R002355	men	2	men	men	3	SEMANTIC VALUE UNRESOLVED	INTERPRETATION UNREVIEWED
R002356	menale,	1	menale,	menale,	7	SEMANTIC VALUE UNRESOLVED	INTERPRETATION UNREVIEWED
R002357	Mensfı.x-ı	1	Mensfı.x-ı	mensfı.x-ı	10	SEMANTIC VALUE UNRESOLVED	INTERPRETATION UNREVIEWED
R002358	menzfıme.	1	menzfıme.	menzfıme.	9	SEMANTIC VALUE UNRESOLVED	INTERPRETATION UNREVIEWED
R002359	menşee	1	menşee	menşee	6	SEMANTIC VALUE UNRESOLVED	INTERPRETATION UNREVIEWED
R002360	MEO	1	MEO	meo	3	SEMANTIC VALUE UNRESOLVED	INTERPRETATION UNREVIEWED
R002361	meqalid	1	meqalid	meqalid	7	SEMANTIC VALUE UNRESOLVED	INTERPRETATION UNREVIEWED
R002362	meqame	2	meqame	meqame	6	SEMANTIC VALUE UNRESOLVED	INTERPRETATION UNREVIEWED
R002363	meqamra,	1	meqamra,	meqamra,	8	SEMANTIC VALUE UNRESOLVED	INTERPRETATION UNREVIEWED
R002364	meqasıd	1	meqasıd	meqasıd	7	SEMANTIC VALUE UNRESOLVED	INTERPRETATION UNREVIEWED
R002365	meqsed	1	meqsed	meqsed	6	SEMANTIC VALUE UNRESOLVED	INTERPRETATION UNREVIEWED
R002366	meqsede	1	meqsede	meqsede	7	SEMANTIC VALUE UNRESOLVED	INTERPRETATION UNREVIEWED
R002367	Meqsud	1	Meqsud	meqsud	6	SEMANTIC VALUE UNRESOLVED	INTERPRETATION UNREVIEWED
R002368	meqsud	1	meqsud	meqsud	6	SEMANTIC VALUE UNRESOLVED	INTERPRETATION UNREVIEWED
R002369	Meqsud-ı	1	Meqsud-ı	meqsud-ı	8	SEMANTIC VALUE UNRESOLVED	INTERPRETATION UNREVIEWED
R002370	Meq­	1	Meq­	meq­	4	SEMANTIC VALUE UNRESOLVED	INTERPRETATION UNREVIEWED
R002371	mera	4	mera	mera	4	SEMANTIC VALUE UNRESOLVED	INTERPRETATION UNREVIEWED
R002372	merdan	1	merdan	merdan	6	SEMANTIC VALUE UNRESOLVED	INTERPRETATION UNREVIEWED
R002373	merdud	1	merdud	merdud	6	SEMANTIC VALUE UNRESOLVED	INTERPRETATION UNREVIEWED
R002374	mereki	1	mereki	mereki	6	SEMANTIC VALUE UNRESOLVED	INTERPRETATION UNREVIEWED
R002375	meri	1	meri	meri	4	SEMANTIC VALUE UNRESOLVED	INTERPRETATION UNREVIEWED
R002376	mertebe	1	mertebe	mertebe	7	SEMANTIC VALUE UNRESOLVED	INTERPRETATION UNREVIEWED
R002377	mescud	1	mescud	mescud	6	SEMANTIC VALUE UNRESOLVED	INTERPRETATION UNREVIEWED
R002378	Mesela	1	Mesela	mesela	6	SEMANTIC VALUE UNRESOLVED	INTERPRETATION UNREVIEWED
R002379	mesela	1	mesela	mesela	6	SEMANTIC VALUE UNRESOLVED	INTERPRETATION UNREVIEWED
R002380	meskuk	1	meskuk	meskuk	6	SEMANTIC VALUE UNRESOLVED	INTERPRETATION UNREVIEWED
R002381	Mesrur-ı	1	Mesrur-ı	mesrur-ı	8	SEMANTIC VALUE UNRESOLVED	INTERPRETATION UNREVIEWED
R002382	metle'	1	metle'	metle'	6	SEMANTIC VALUE UNRESOLVED	INTERPRETATION UNREVIEWED
R002383	metlee	1	metlee	metlee	6	SEMANTIC VALUE UNRESOLVED	INTERPRETATION UNREVIEWED
R002384	Metlfı.b	1	Metlfı.b	metlfı.b	8	SEMANTIC VALUE UNRESOLVED	INTERPRETATION UNREVIEWED
R002385	metlfıb	1	metlfıb	metlfıb	7	SEMANTIC VALUE UNRESOLVED	INTERPRETATION UNREVIEWED
R002386	Metna	1	Metna	metna	5	SEMANTIC VALUE UNRESOLVED	INTERPRETATION UNREVIEWED
R002387	mevcuttur;	1	mevcuttur;	mevcuttur;	10	SEMANTIC VALUE UNRESOLVED	INTERPRETATION UNREVIEWED
R002388	mevki­	1	mevki­	mevki­	6	SEMANTIC VALUE UNRESOLVED	INTERPRETATION UNREVIEWED
R002389	mewalid:	1	mewalid:	mewalid:	8	SEMANTIC VALUE UNRESOLVED	INTERPRETATION UNREVIEWED
R002390	mewcfıd	1	mewcfıd	mewcfıd	7	SEMANTIC VALUE UNRESOLVED	INTERPRETATION UNREVIEWED
R002391	Mewcfıd-ı	1	Mewcfıd-ı	mewcfıd-ı	9	SEMANTIC VALUE UNRESOLVED	INTERPRETATION UNREVIEWED
R002392	Mewcfıde	1	Mewcfıde	mewcfıde	8	SEMANTIC VALUE UNRESOLVED	INTERPRETATION UNREVIEWED
R002393	mexdum	1	mexdum	mexdum	6	SEMANTIC VALUE UNRESOLVED	INTERPRETATION UNREVIEWED
R002394	mey	1	mey	mey	3	SEMANTIC VALUE UNRESOLVED	INTERPRETATION UNREVIEWED
R002395	meyane	1	meyane	meyane	6	SEMANTIC VALUE UNRESOLVED	INTERPRETATION UNREVIEWED
R002396	meydana	3	meydana	meydana	7	SEMANTIC VALUE UNRESOLVED	INTERPRETATION UNREVIEWED
R002397	meye	1	meye	meye	4	SEMANTIC VALUE UNRESOLVED	INTERPRETATION UNREVIEWED
R002398	Meyla	1	Meyla	meyla	5	SEMANTIC VALUE UNRESOLVED	INTERPRETATION UNREVIEWED
R002399	Mezher	1	Mezher	mezher	6	SEMANTIC VALUE UNRESOLVED	INTERPRETATION UNREVIEWED
R002400	mezher!	1	mezher!	mezher!	7	SEMANTIC VALUE UNRESOLVED	INTERPRETATION UNREVIEWED
R002401	mezmer!	1	mezmer!	mezmer!	7	SEMANTIC VALUE UNRESOLVED	INTERPRETATION UNREVIEWED
R002402	mezın	2	mezın	mezın	5	SEMANTIC VALUE UNRESOLVED	INTERPRETATION UNREVIEWED
R002403	me­	1	me­	me­	3	SEMANTIC VALUE UNRESOLVED	INTERPRETATION UNREVIEWED
R002404	Meğer	1	Meğer	meğer	5	SEMANTIC VALUE UNRESOLVED	INTERPRETATION UNREVIEWED
R002405	meğer	1	meğer	meğer	5	SEMANTIC VALUE UNRESOLVED	INTERPRETATION UNREVIEWED
R002406	meşhfıd	1	meşhfıd	meşhfıd	7	SEMANTIC VALUE UNRESOLVED	INTERPRETATION UNREVIEWED
R002407	Meşhfıde	1	Meşhfıde	meşhfıde	8	SEMANTIC VALUE UNRESOLVED	INTERPRETATION UNREVIEWED
R002408	meşkuk	1	meşkuk	meşkuk	6	SEMANTIC VALUE UNRESOLVED	INTERPRETATION UNREVIEWED
R002409	Meşlıude	1	Meşlıude	meşlıude	8	SEMANTIC VALUE UNRESOLVED	INTERPRETATION UNREVIEWED
R002410	mi	2	mi	mi	2	SEMANTIC VALUE UNRESOLVED	INTERPRETATION UNREVIEWED
R002411	mi'race	1	mi'race	mi'race	7	SEMANTIC VALUE UNRESOLVED	INTERPRETATION UNREVIEWED
R002412	mi'racede	1	mi'racede	mi'racede	9	SEMANTIC VALUE UNRESOLVED	INTERPRETATION UNREVIEWED
R002413	mi?	1	mi?	mi?	3	SEMANTIC VALUE UNRESOLVED	INTERPRETATION UNREVIEWED
R002414	miktarda,	1	miktarda,	miktarda,	9	SEMANTIC VALUE UNRESOLVED	INTERPRETATION UNREVIEWED
R002415	Miladeve	1	Miladeve	miladeve	8	SEMANTIC VALUE UNRESOLVED	INTERPRETATION UNREVIEWED
R002416	Milattan	1	Milattan	milattan	8	SEMANTIC VALUE UNRESOLVED	INTERPRETATION UNREVIEWED
R002417	minın	1	minın	minın	5	SEMANTIC VALUE UNRESOLVED	INTERPRETATION UNREVIEWED
R002418	Mir	1	Mir	mir	3	SEMANTIC VALUE UNRESOLVED	INTERPRETATION UNREVIEWED
R002419	miraçta	2	miraçta	miraçta	7	SEMANTIC VALUE UNRESOLVED	INTERPRETATION UNREVIEWED
R002420	mireki	1	mireki	mireki	6	SEMANTIC VALUE UNRESOLVED	INTERPRETATION UNREVIEWED
R002421	misale	1	misale	misale	6	SEMANTIC VALUE UNRESOLVED	INTERPRETATION UNREVIEWED
R002422	mitolojik	1	mitolojik	mitolojik	9	SEMANTIC VALUE UNRESOLVED	INTERPRETATION UNREVIEWED
R002423	mitolojik.	1	mitolojik.	mitolojik.	10	SEMANTIC VALUE UNRESOLVED	INTERPRETATION UNREVIEWED
R002424	miydi	1	miydi	miydi	5	SEMANTIC VALUE UNRESOLVED	INTERPRETATION UNREVIEWED
R002425	miştir.	3	miştir.	miştir.	7	SEMANTIC VALUE UNRESOLVED	INTERPRETATION UNREVIEWED
R002426	mk	1	mk	mk	2	SEMANTIC VALUE UNRESOLVED	INTERPRETATION UNREVIEWED
R002427	mm	3	mm	mm	2	SEMANTIC VALUE UNRESOLVED	INTERPRETATION UNREVIEWED
R002428	moda	1	moda	moda	4	SEMANTIC VALUE UNRESOLVED	INTERPRETATION UNREVIEWED
R002429	modasına	1	modasına	modasına	8	SEMANTIC VALUE UNRESOLVED	INTERPRETATION UNREVIEWED
R002430	modern	2	modern	modern	6	SEMANTIC VALUE UNRESOLVED	INTERPRETATION UNREVIEWED
R002431	Moskova'da	1	Moskova'da	moskova'da	10	SEMANTIC VALUE UNRESOLVED	INTERPRETATION UNREVIEWED
R002432	Moskowa'ye	1	Moskowa'ye	moskowa'ye	10	SEMANTIC VALUE UNRESOLVED	INTERPRETATION UNREVIEWED
R002433	mu	2	mu	mu	2	SEMANTIC VALUE UNRESOLVED	INTERPRETATION UNREVIEWED
R002434	muazzam	2	muazzam	muazzam	7	SEMANTIC VALUE UNRESOLVED	INTERPRETATION UNREVIEWED
R002435	mucize	1	mucize	mucize	6	SEMANTIC VALUE UNRESOLVED	INTERPRETATION UNREVIEWED
R002436	mucizelerdir!	1	mucizelerdir!	mucizelerdir!	13	SEMANTIC VALUE UNRESOLVED	INTERPRETATION UNREVIEWED
R002437	Muhammed	1	Muhammed	muhammed	8	SEMANTIC VALUE UNRESOLVED	INTERPRETATION UNREVIEWED
R002438	Muhammed'di.	1	Muhammed'di.	muhammed'di.	12	SEMANTIC VALUE UNRESOLVED	INTERPRETATION UNREVIEWED
R002439	muhterem	1	muhterem	muhterem	8	SEMANTIC VALUE UNRESOLVED	INTERPRETATION UNREVIEWED
R002440	Mumların	1	Mumların	mumların	8	SEMANTIC VALUE UNRESOLVED	INTERPRETATION UNREVIEWED
R002441	Mumsun	1	Mumsun	mumsun	6	SEMANTIC VALUE UNRESOLVED	INTERPRETATION UNREVIEWED
R002442	munu	1	munu	munu	4	SEMANTIC VALUE UNRESOLVED	INTERPRETATION UNREVIEWED
R002443	muradlar;	1	muradlar;	muradlar;	9	SEMANTIC VALUE UNRESOLVED	INTERPRETATION UNREVIEWED
R002444	muradı	1	muradı	muradı	6	SEMANTIC VALUE UNRESOLVED	INTERPRETATION UNREVIEWED
R002445	Mustafa!	1	Mustafa!	mustafa!	8	SEMANTIC VALUE UNRESOLVED	INTERPRETATION UNREVIEWED
R002446	Mustafa'nın	1	Mustafa'nın	mustafa'nın	11	SEMANTIC VALUE UNRESOLVED	INTERPRETATION UNREVIEWED
R002447	Mustefa	2	Mustefa	mustefa	7	SEMANTIC VALUE UNRESOLVED	INTERPRETATION UNREVIEWED
R002448	mutlu	2	mutlu	mutlu	5	SEMANTIC VALUE UNRESOLVED	INTERPRETATION UNREVIEWED
R002449	mutluların,	1	mutluların,	mutluların,	11	SEMANTIC VALUE UNRESOLVED	INTERPRETATION UNREVIEWED
R002450	Muxtar!:	1	Muxtar!:	muxtar!:	8	SEMANTIC VALUE UNRESOLVED	INTERPRETATION UNREVIEWED
R002451	mü	1	mü	mü	2	SEMANTIC VALUE UNRESOLVED	INTERPRETATION UNREVIEWED
R002452	mücadele	1	mücadele	mücadele	8	SEMANTIC VALUE UNRESOLVED	INTERPRETATION UNREVIEWED
R002453	mülk	1	mülk	mülk	4	SEMANTIC VALUE UNRESOLVED	INTERPRETATION UNREVIEWED
R002454	Mümkün	1	Mümkün	mümkün	6	SEMANTIC VALUE UNRESOLVED	INTERPRETATION UNREVIEWED
R002455	mümkün	1	mümkün	mümkün	6	SEMANTIC VALUE UNRESOLVED	INTERPRETATION UNREVIEWED
R002456	münasebet	1	münasebet	münasebet	9	SEMANTIC VALUE UNRESOLVED	INTERPRETATION UNREVIEWED
R002457	müstahak	1	müstahak	müstahak	8	SEMANTIC VALUE UNRESOLVED	INTERPRETATION UNREVIEWED
R002458	müşteri	1	müşteri	müşteri	7	SEMANTIC VALUE UNRESOLVED	INTERPRETATION UNREVIEWED
R002459	mı	2	mı	mı	2	SEMANTIC VALUE UNRESOLVED	INTERPRETATION UNREVIEWED
R002460	mı'	1	mı'	mı'	3	SEMANTIC VALUE UNRESOLVED	INTERPRETATION UNREVIEWED
R002461	mı'cizatın!	1	mı'cizatın!	mı'cizatın!	11	SEMANTIC VALUE UNRESOLVED	INTERPRETATION UNREVIEWED
R002462	Mı'cız	1	Mı'cız	mı'cız	6	SEMANTIC VALUE UNRESOLVED	INTERPRETATION UNREVIEWED
R002463	mı'dz::ı	1	mı'dz::ı	mı'dz::ı	8	SEMANTIC VALUE UNRESOLVED	INTERPRETATION UNREVIEWED
R002464	mı,	1	mı,	mı,	3	SEMANTIC VALUE UNRESOLVED	INTERPRETATION UNREVIEWED
R002465	mıadıl!	1	mıadıl!	mıadıl!	7	SEMANTIC VALUE UNRESOLVED	INTERPRETATION UNREVIEWED
R002466	mıberhan:	1	mıberhan:	mıberhan:	9	SEMANTIC VALUE UNRESOLVED	INTERPRETATION UNREVIEWED
R002467	mıddea	1	mıddea	mıddea	6	SEMANTIC VALUE UNRESOLVED	INTERPRETATION UNREVIEWED
R002468	mıderrıse	1	mıderrıse	mıderrıse	9	SEMANTIC VALUE UNRESOLVED	INTERPRETATION UNREVIEWED
R002469	mıewwel	1	mıewwel	mıewwel	7	SEMANTIC VALUE UNRESOLVED	INTERPRETATION UNREVIEWED
R002470	mıezzem	1	mıezzem	mıezzem	7	SEMANTIC VALUE UNRESOLVED	INTERPRETATION UNREVIEWED
R002471	mıfid	1	mıfid	mıfid	5	SEMANTIC VALUE UNRESOLVED	INTERPRETATION UNREVIEWED
R002472	mıheqqeq	1	mıheqqeq	mıheqqeq	8	SEMANTIC VALUE UNRESOLVED	INTERPRETATION UNREVIEWED
R002473	mıkatebate	1	mıkatebate	mıkatebate	10	SEMANTIC VALUE UNRESOLVED	INTERPRETATION UNREVIEWED
R002474	mıkaşefate	1	mıkaşefate	mıkaşefate	10	SEMANTIC VALUE UNRESOLVED	INTERPRETATION UNREVIEWED
R002475	mıkerrem	1	mıkerrem	mıkerrem	8	SEMANTIC VALUE UNRESOLVED	INTERPRETATION UNREVIEWED
R002476	mılda,	1	mılda,	mılda,	6	SEMANTIC VALUE UNRESOLVED	INTERPRETATION UNREVIEWED
R002477	Mılk	1	Mılk	mılk	4	SEMANTIC VALUE UNRESOLVED	INTERPRETATION UNREVIEWED
R002478	mıllet	1	mıllet	mıllet	6	SEMANTIC VALUE UNRESOLVED	INTERPRETATION UNREVIEWED
R002479	mımkinat-ı	1	mımkinat-ı	mımkinat-ı	10	SEMANTIC VALUE UNRESOLVED	INTERPRETATION UNREVIEWED
R002480	Mımkun	2	Mımkun	mımkun	6	SEMANTIC VALUE UNRESOLVED	INTERPRETATION UNREVIEWED
R002481	mımkun	1	mımkun	mımkun	6	SEMANTIC VALUE UNRESOLVED	INTERPRETATION UNREVIEWED
R002482	mımkune	1	mımkune	mımkune	7	SEMANTIC VALUE UNRESOLVED	INTERPRETATION UNREVIEWED
R002483	Mımtaz-ı	1	Mımtaz-ı	mımtaz-ı	8	SEMANTIC VALUE UNRESOLVED	INTERPRETATION UNREVIEWED
R002484	mın	2	mın	mın	3	SEMANTIC VALUE UNRESOLVED	INTERPRETATION UNREVIEWED
R002485	mınasebet	1	mınasebet	mınasebet	9	SEMANTIC VALUE UNRESOLVED	INTERPRETATION UNREVIEWED
R002486	mınteha	1	mınteha	mınteha	7	SEMANTIC VALUE UNRESOLVED	INTERPRETATION UNREVIEWED
R002487	mıqayesekırına	1	mıqayesekırına	mıqayesekırına	14	SEMANTIC VALUE UNRESOLVED	INTERPRETATION UNREVIEWED
R002488	mıradat	1	mıradat	mıradat	7	SEMANTIC VALUE UNRESOLVED	INTERPRETATION UNREVIEWED
R002489	mıraselate	1	mıraselate	mıraselate	10	SEMANTIC VALUE UNRESOLVED	INTERPRETATION UNREVIEWED
R002490	mıressemın	1	mıressemın	mıressemın	10	SEMANTIC VALUE UNRESOLVED	INTERPRETATION UNREVIEWED
R002491	mırid	1	mırid	mırid	5	SEMANTIC VALUE UNRESOLVED	INTERPRETATION UNREVIEWED
R002492	mırov	1	mırov	mırov	5	SEMANTIC VALUE UNRESOLVED	INTERPRETATION UNREVIEWED
R002493	mıroven	1	mıroven	mıroven	7	SEMANTIC VALUE UNRESOLVED	INTERPRETATION UNREVIEWED
R002494	mıro­	1	mıro­	mıro­	5	SEMANTIC VALUE UNRESOLVED	INTERPRETATION UNREVIEWED
R002495	mısra	2	mısra	mısra	5	SEMANTIC VALUE UNRESOLVED	INTERPRETATION UNREVIEWED
R002496	mıstefadi	1	mıstefadi	mıstefadi	9	SEMANTIC VALUE UNRESOLVED	INTERPRETATION UNREVIEWED
R002497	mıstewi	1	mıstewi	mıstewi	7	SEMANTIC VALUE UNRESOLVED	INTERPRETATION UNREVIEWED
R002498	mısı	1	mısı	mısı	4	SEMANTIC VALUE UNRESOLVED	INTERPRETATION UNREVIEWED
R002499	mısın	1	mısın	mısın	5	SEMANTIC VALUE UNRESOLVED	INTERPRETATION UNREVIEWED
R002500	Mıtleq	1	Mıtleq	mıtleq	6	SEMANTIC VALUE UNRESOLVED	INTERPRETATION UNREVIEWED
R002501	mıwessemın	1	mıwessemın	mıwessemın	10	SEMANTIC VALUE UNRESOLVED	INTERPRETATION UNREVIEWED
R002502	mıxabın	3	mıxabın	mıxabın	7	SEMANTIC VALUE UNRESOLVED	INTERPRETATION UNREVIEWED
R002503	mıxelledun-nar	1	mıxelledun-nar	mıxelledun-nar	14	SEMANTIC VALUE UNRESOLVED	INTERPRETATION UNREVIEWED
R002504	mıxteser	1	mıxteser	mıxteser	8	SEMANTIC VALUE UNRESOLVED	INTERPRETATION UNREVIEWED
R002505	mıyesser	1	mıyesser	mıyesser	8	SEMANTIC VALUE UNRESOLVED	INTERPRETATION UNREVIEWED
R002506	mış;	1	mış;	mış;	4	SEMANTIC VALUE UNRESOLVED	INTERPRETATION UNREVIEWED
R002507	mışexxes	1	mışexxes	mışexxes	8	SEMANTIC VALUE UNRESOLVED	INTERPRETATION UNREVIEWED
R002508	mışexxes,	1	mışexxes,	mışexxes,	9	SEMANTIC VALUE UNRESOLVED	INTERPRETATION UNREVIEWED
R002509	mışteha	1	mışteha	mışteha	7	SEMANTIC VALUE UNRESOLVED	INTERPRETATION UNREVIEWED
R002510	mıştexakin	1	mıştexakin	mıştexakin	10	SEMANTIC VALUE UNRESOLVED	INTERPRETATION UNREVIEWED
R002511	n	4	n	n	1	SEMANTIC VALUE UNRESOLVED	INTERPRETATION UNREVIEWED
R002512	N'ına	1	N'ına	n'ına	5	SEMANTIC VALUE UNRESOLVED	INTERPRETATION UNREVIEWED
R002513	Na	3	Na	na	2	SEMANTIC VALUE UNRESOLVED	INTERPRETATION UNREVIEWED
R002514	na	1	na	na	2	SEMANTIC VALUE UNRESOLVED	INTERPRETATION UNREVIEWED
R002515	nakıştır;	1	nakıştır;	nakıştır;	9	SEMANTIC VALUE UNRESOLVED	INTERPRETATION UNREVIEWED
R002516	nakışçının	1	nakışçının	nakışçının	10	SEMANTIC VALUE UNRESOLVED	INTERPRETATION UNREVIEWED
R002517	nakışçının.	1	nakışçının.	nakışçının.	11	SEMANTIC VALUE UNRESOLVED	INTERPRETATION UNREVIEWED
R002518	nakşedecek	1	nakşedecek	nakşedecek	10	SEMANTIC VALUE UNRESOLVED	INTERPRETATION UNREVIEWED
R002519	nakşedip	1	nakşedip	nakşedip	8	SEMANTIC VALUE UNRESOLVED	INTERPRETATION UNREVIEWED
R002520	nakşı	2	nakşı	nakşı	5	SEMANTIC VALUE UNRESOLVED	INTERPRETATION UNREVIEWED
R002521	nakşıdır.	1	nakşıdır.	nakşıdır.	9	SEMANTIC VALUE UNRESOLVED	INTERPRETATION UNREVIEWED
R002522	Nakşın	1	Nakşın	nakşın	6	SEMANTIC VALUE UNRESOLVED	INTERPRETATION UNREVIEWED
R002523	nakşın	1	nakşın	nakşın	6	SEMANTIC VALUE UNRESOLVED	INTERPRETATION UNREVIEWED
R002524	nakşını,	1	nakşını,	nakşını,	8	SEMANTIC VALUE UNRESOLVED	INTERPRETATION UNREVIEWED
R002525	Name	2	Name	name	4	SEMANTIC VALUE UNRESOLVED	INTERPRETATION UNREVIEWED
R002526	name	4	name	name	4	SEMANTIC VALUE UNRESOLVED	INTERPRETATION UNREVIEWED
R002527	name,	1	name,	name,	5	SEMANTIC VALUE UNRESOLVED	INTERPRETATION UNREVIEWED
R002528	Namertlerin	1	Namertlerin	namertlerin	11	SEMANTIC VALUE UNRESOLVED	INTERPRETATION UNREVIEWED
R002529	nameya	1	nameya	nameya	6	SEMANTIC VALUE UNRESOLVED	INTERPRETATION UNREVIEWED
R002530	Napak	1	Napak	napak	5	SEMANTIC VALUE UNRESOLVED	INTERPRETATION UNREVIEWED
R002531	Nari	1	Nari	nari	4	SEMANTIC VALUE UNRESOLVED	INTERPRETATION UNREVIEWED
R002532	nari	1	nari	nari	4	SEMANTIC VALUE UNRESOLVED	INTERPRETATION UNREVIEWED
R002533	nasfıt	1	nasfıt	nasfıt	6	SEMANTIC VALUE UNRESOLVED	INTERPRETATION UNREVIEWED
R002534	Nasfıt-ı	1	Nasfıt-ı	nasfıt-ı	8	SEMANTIC VALUE UNRESOLVED	INTERPRETATION UNREVIEWED
R002535	nasibolduğu	1	nasibolduğu	nasibolduğu	11	SEMANTIC VALUE UNRESOLVED	INTERPRETATION UNREVIEWED
R002536	naskırın.	1	naskırın.	naskırın.	9	SEMANTIC VALUE UNRESOLVED	INTERPRETATION UNREVIEWED
R002537	naskı­	1	naskı­	naskı­	6	SEMANTIC VALUE UNRESOLVED	INTERPRETATION UNREVIEWED
R002538	Nasıl	1	Nasıl	nasıl	5	SEMANTIC VALUE UNRESOLVED	INTERPRETATION UNREVIEWED
R002539	nasıl	3	nasıl	nasıl	5	SEMANTIC VALUE UNRESOLVED	INTERPRETATION UNREVIEWED
R002540	natemaman,	1	natemaman,	natemaman,	10	SEMANTIC VALUE UNRESOLVED	INTERPRETATION UNREVIEWED
R002541	natemame	1	natemame	natemame	8	SEMANTIC VALUE UNRESOLVED	INTERPRETATION UNREVIEWED
R002542	natemane,	1	natemane,	natemane,	9	SEMANTIC VALUE UNRESOLVED	INTERPRETATION UNREVIEWED
R002543	naumid-ı	1	naumid-ı	naumid-ı	8	SEMANTIC VALUE UNRESOLVED	INTERPRETATION UNREVIEWED
R002544	nav	1	nav	nav	3	SEMANTIC VALUE UNRESOLVED	INTERPRETATION UNREVIEWED
R002545	nava	5	nava	nava	4	SEMANTIC VALUE UNRESOLVED	INTERPRETATION UNREVIEWED
R002546	nave	4	nave	nave	4	SEMANTIC VALUE UNRESOLVED	INTERPRETATION UNREVIEWED
R002547	naven	1	naven	naven	5	SEMANTIC VALUE UNRESOLVED	INTERPRETATION UNREVIEWED
R002548	Naxwande	1	Naxwande	naxwande	8	SEMANTIC VALUE UNRESOLVED	INTERPRETATION UNREVIEWED
R002549	nazi!	1	nazi!	nazi!	5	SEMANTIC VALUE UNRESOLVED	INTERPRETATION UNREVIEWED
R002550	nazlanan	1	nazlanan	nazlanan	8	SEMANTIC VALUE UNRESOLVED	INTERPRETATION UNREVIEWED
R002551	nazlı	1	nazlı	nazlı	5	SEMANTIC VALUE UNRESOLVED	INTERPRETATION UNREVIEWED
R002552	nazır	1	nazır	nazır	5	SEMANTIC VALUE UNRESOLVED	INTERPRETATION UNREVIEWED
R002553	Naçar-ı	1	Naçar-ı	naçar-ı	7	SEMANTIC VALUE UNRESOLVED	INTERPRETATION UNREVIEWED
R002554	Ne	4	Ne	ne	2	SEMANTIC VALUE UNRESOLVED	INTERPRETATION UNREVIEWED
R002555	ne	42	ne	ne	2	SEMANTIC VALUE UNRESOLVED	INTERPRETATION UNREVIEWED
R002556	Ne'dbfı	1	Ne'dbfı	ne'dbfı	7	SEMANTIC VALUE UNRESOLVED	INTERPRETATION UNREVIEWED
R002557	Ne'dbıl	1	Ne'dbıl	ne'dbıl	7	SEMANTIC VALUE UNRESOLVED	INTERPRETATION UNREVIEWED
R002558	Ne'dma	1	Ne'dma	ne'dma	6	SEMANTIC VALUE UNRESOLVED	INTERPRETATION UNREVIEWED
R002559	Ne'te	1	Ne'te	ne'te	5	SEMANTIC VALUE UNRESOLVED	INTERPRETATION UNREVIEWED
R002560	nebat	2	nebat	nebat	5	SEMANTIC VALUE UNRESOLVED	INTERPRETATION UNREVIEWED
R002561	nebatat	2	nebatat	nebatat	7	SEMANTIC VALUE UNRESOLVED	INTERPRETATION UNREVIEWED
R002562	neden	2	neden	neden	5	SEMANTIC VALUE UNRESOLVED	INTERPRETATION UNREVIEWED
R002563	nedenini.	1	nedenini.	nedenini.	9	SEMANTIC VALUE UNRESOLVED	INTERPRETATION UNREVIEWED
R002564	nefais	1	nefais	nefais	6	SEMANTIC VALUE UNRESOLVED	INTERPRETATION UNREVIEWED
R002565	nefis	1	nefis	nefis	5	SEMANTIC VALUE UNRESOLVED	INTERPRETATION UNREVIEWED
R002566	Nefsa	1	Nefsa	nefsa	5	SEMANTIC VALUE UNRESOLVED	INTERPRETATION UNREVIEWED
R002567	nefsan	1	nefsan	nefsan	6	SEMANTIC VALUE UNRESOLVED	INTERPRETATION UNREVIEWED
R002568	nefse	2	nefse	nefse	5	SEMANTIC VALUE UNRESOLVED	INTERPRETATION UNREVIEWED
R002569	nefsimizle	1	nefsimizle	nefsimizle	10	SEMANTIC VALUE UNRESOLVED	INTERPRETATION UNREVIEWED
R002570	neh	1	neh	neh	3	SEMANTIC VALUE UNRESOLVED	INTERPRETATION UNREVIEWED
R002571	neheqi­	1	neheqi­	neheqi­	7	SEMANTIC VALUE UNRESOLVED	INTERPRETATION UNREVIEWED
R002572	nehsan	1	nehsan	nehsan	6	SEMANTIC VALUE UNRESOLVED	INTERPRETATION UNREVIEWED
R002573	nehın	1	nehın	nehın	5	SEMANTIC VALUE UNRESOLVED	INTERPRETATION UNREVIEWED
R002574	nema	1	nema	nema	4	SEMANTIC VALUE UNRESOLVED	INTERPRETATION UNREVIEWED
R002575	nemır	3	nemır	nemır	5	SEMANTIC VALUE UNRESOLVED	INTERPRETATION UNREVIEWED
R002576	nemır,	1	nemır,	nemır,	6	SEMANTIC VALUE UNRESOLVED	INTERPRETATION UNREVIEWED
R002577	nemıra	1	nemıra	nemıra	6	SEMANTIC VALUE UNRESOLVED	INTERPRETATION UNREVIEWED
R002578	nemırda	1	nemırda	nemırda	7	SEMANTIC VALUE UNRESOLVED	INTERPRETATION UNREVIEWED
R002579	nen	1	nen	nen	3	SEMANTIC VALUE UNRESOLVED	INTERPRETATION UNREVIEWED
R002580	Neqd:	1	Neqd:	neqd:	5	SEMANTIC VALUE UNRESOLVED	INTERPRETATION UNREVIEWED
R002581	Neqde	1	Neqde	neqde	5	SEMANTIC VALUE UNRESOLVED	INTERPRETATION UNREVIEWED
R002582	Neqdeyn-ı	1	Neqdeyn-ı	neqdeyn-ı	9	SEMANTIC VALUE UNRESOLVED	INTERPRETATION UNREVIEWED
R002583	neqqaş	1	neqqaş	neqqaş	6	SEMANTIC VALUE UNRESOLVED	INTERPRETATION UNREVIEWED
R002584	Neqşe	2	Neqşe	neqşe	5	SEMANTIC VALUE UNRESOLVED	INTERPRETATION UNREVIEWED
R002585	neqşe	5	neqşe	neqşe	5	SEMANTIC VALUE UNRESOLVED	INTERPRETATION UNREVIEWED
R002586	neqşe,	1	neqşe,	neqşe,	6	SEMANTIC VALUE UNRESOLVED	INTERPRETATION UNREVIEWED
R002587	Nesara,	1	Nesara,	nesara,	7	SEMANTIC VALUE UNRESOLVED	INTERPRETATION UNREVIEWED
R002588	nesib,	1	nesib,	nesib,	6	SEMANTIC VALUE UNRESOLVED	INTERPRETATION UNREVIEWED
R002589	Neteweyî	1	Neteweyî	neteweyî	8	SEMANTIC VALUE UNRESOLVED	INTERPRETATION UNREVIEWED
R002590	nev	1	nev	nev	3	SEMANTIC VALUE UNRESOLVED	INTERPRETATION UNREVIEWED
R002591	new'e	2	new'e	new'e	5	SEMANTIC VALUE UNRESOLVED	INTERPRETATION UNREVIEWED
R002592	newaye	1	newaye	newaye	6	SEMANTIC VALUE UNRESOLVED	INTERPRETATION UNREVIEWED
R002593	Nexu	1	Nexu	nexu	4	SEMANTIC VALUE UNRESOLVED	INTERPRETATION UNREVIEWED
R002594	nexwendi	1	nexwendi	nexwendi	8	SEMANTIC VALUE UNRESOLVED	INTERPRETATION UNREVIEWED
R002595	nexşi,	1	nexşi,	nexşi,	6	SEMANTIC VALUE UNRESOLVED	INTERPRETATION UNREVIEWED
R002596	neyi	3	neyi	neyi	4	SEMANTIC VALUE UNRESOLVED	INTERPRETATION UNREVIEWED
R002597	nezanin	1	nezanin	nezanin	7	SEMANTIC VALUE UNRESOLVED	INTERPRETATION UNREVIEWED
R002598	nezaniya	1	nezaniya	nezaniya	8	SEMANTIC VALUE UNRESOLVED	INTERPRETATION UNREVIEWED
R002599	neze	1	neze	neze	4	SEMANTIC VALUE UNRESOLVED	INTERPRETATION UNREVIEWED
R002600	Nezikfya	1	Nezikfya	nezikfya	8	SEMANTIC VALUE UNRESOLVED	INTERPRETATION UNREVIEWED
R002601	nezir	1	nezir	nezir	5	SEMANTIC VALUE UNRESOLVED	INTERPRETATION UNREVIEWED
R002602	nezım	1	nezım	nezım	5	SEMANTIC VALUE UNRESOLVED	INTERPRETATION UNREVIEWED
R002603	nfı.r-ı	1	nfı.r-ı	nfı.r-ı	7	SEMANTIC VALUE UNRESOLVED	INTERPRETATION UNREVIEWED
R002604	ni'met	1	ni'met	ni'met	6	SEMANTIC VALUE UNRESOLVED	INTERPRETATION UNREVIEWED
R002605	nikukar!	1	nikukar!	nikukar!	8	SEMANTIC VALUE UNRESOLVED	INTERPRETATION UNREVIEWED
R002606	Nillifere	1	Nillifere	nillifere	9	SEMANTIC VALUE UNRESOLVED	INTERPRETATION UNREVIEWED
R002607	Nilüfer'i	1	Nilüfer'i	nilüfer'i	9	SEMANTIC VALUE UNRESOLVED	INTERPRETATION UNREVIEWED
R002608	nimet	1	nimet	nimet	5	SEMANTIC VALUE UNRESOLVED	INTERPRETATION UNREVIEWED
R002609	nin	2	nin	nin	3	SEMANTIC VALUE UNRESOLVED	INTERPRETATION UNREVIEWED
R002610	Ninın	2	Ninın	ninın	5	SEMANTIC VALUE UNRESOLVED	INTERPRETATION UNREVIEWED
R002611	niran	1	niran	niran	5	SEMANTIC VALUE UNRESOLVED	INTERPRETATION UNREVIEWED
R002612	nitelik	1	nitelik	nitelik	7	SEMANTIC VALUE UNRESOLVED	INTERPRETATION UNREVIEWED
R002613	niyazi!	1	niyazi!	niyazi!	7	SEMANTIC VALUE UNRESOLVED	INTERPRETATION UNREVIEWED
R002614	niye	1	niye	niye	4	SEMANTIC VALUE UNRESOLVED	INTERPRETATION UNREVIEWED
R002615	niyetli,	1	niyetli,	niyetli,	8	SEMANTIC VALUE UNRESOLVED	INTERPRETATION UNREVIEWED
R002616	nizarn	1	nizarn	nizarn	6	SEMANTIC VALUE UNRESOLVED	INTERPRETATION UNREVIEWED
R002617	nişandaye.	1	nişandaye.	nişandaye.	10	SEMANTIC VALUE UNRESOLVED	INTERPRETATION UNREVIEWED
R002618	nişanlanmışlar.	1	nişanlanmışlar.	nişanlanmışlar.	15	SEMANTIC VALUE UNRESOLVED	INTERPRETATION UNREVIEWED
R002619	nme	1	nme	nme	3	SEMANTIC VALUE UNRESOLVED	INTERPRETATION UNREVIEWED
R002620	No.	1	No.	no.	3	SEMANTIC VALUE UNRESOLVED	INTERPRETATION UNREVIEWED
R002621	nuha	2	nuha	nuha	4	SEMANTIC VALUE UNRESOLVED	INTERPRETATION UNREVIEWED
R002622	numaye	1	numaye	numaye	6	SEMANTIC VALUE UNRESOLVED	INTERPRETATION UNREVIEWED
R002623	NUN'unun	1	NUN'unun	nun'unun	8	SEMANTIC VALUE UNRESOLVED	INTERPRETATION UNREVIEWED
R002624	nur	2	nur	nur	3	SEMANTIC VALUE UNRESOLVED	INTERPRETATION UNREVIEWED
R002625	nur.	1	nur.	nur.	4	SEMANTIC VALUE UNRESOLVED	INTERPRETATION UNREVIEWED
R002626	nurdur	1	nurdur	nurdur	6	SEMANTIC VALUE UNRESOLVED	INTERPRETATION UNREVIEWED
R002627	Nurek	1	Nurek	nurek	5	SEMANTIC VALUE UNRESOLVED	INTERPRETATION UNREVIEWED
R002628	Nuri	1	Nuri	nuri	4	SEMANTIC VALUE UNRESOLVED	INTERPRETATION UNREVIEWED
R002629	nurna	1	nurna	nurna	5	SEMANTIC VALUE UNRESOLVED	INTERPRETATION UNREVIEWED
R002630	NÜBARA	6	NÜBARA	nübara	6	SEMANTIC VALUE UNRESOLVED	INTERPRETATION UNREVIEWED
R002631	NüBARA	1	NüBARA	nübara	6	SEMANTIC VALUE UNRESOLVED	INTERPRETATION UNREVIEWED
R002632	nı	3	nı	nı	2	SEMANTIC VALUE UNRESOLVED	INTERPRETATION UNREVIEWED
R002633	nıbıwweta	2	nıbıwweta	nıbıwweta	9	SEMANTIC VALUE UNRESOLVED	INTERPRETATION UNREVIEWED
R002634	nıire	1	nıire	nıire	5	SEMANTIC VALUE UNRESOLVED	INTERPRETATION UNREVIEWED
R002635	nık	2	nık	nık	3	SEMANTIC VALUE UNRESOLVED	INTERPRETATION UNREVIEWED
R002636	nımfıdek!	1	nımfıdek!	nımfıdek!	9	SEMANTIC VALUE UNRESOLVED	INTERPRETATION UNREVIEWED
R002637	nın	1	nın	nın	3	SEMANTIC VALUE UNRESOLVED	INTERPRETATION UNREVIEWED
R002638	nın,	1	nın,	nın,	4	SEMANTIC VALUE UNRESOLVED	INTERPRETATION UNREVIEWED
R002639	nın.	1	nın.	nın.	4	SEMANTIC VALUE UNRESOLVED	INTERPRETATION UNREVIEWED
R002640	nından	1	nından	nından	6	SEMANTIC VALUE UNRESOLVED	INTERPRETATION UNREVIEWED
R002641	nıvisare	1	nıvisare	nıvisare	8	SEMANTIC VALUE UNRESOLVED	INTERPRETATION UNREVIEWED
R002642	nıvisariye.	1	nıvisariye.	nıvisariye.	11	SEMANTIC VALUE UNRESOLVED	INTERPRETATION UNREVIEWED
R002643	nıvisa­	1	nıvisa­	nıvisa­	7	SEMANTIC VALUE UNRESOLVED	INTERPRETATION UNREVIEWED
R002644	nıvisi	2	nıvisi	nıvisi	6	SEMANTIC VALUE UNRESOLVED	INTERPRETATION UNREVIEWED
R002645	nıvisi.	3	nıvisi.	nıvisi.	7	SEMANTIC VALUE UNRESOLVED	INTERPRETATION UNREVIEWED
R002646	nıvisin	1	nıvisin	nıvisin	7	SEMANTIC VALUE UNRESOLVED	INTERPRETATION UNREVIEWED
R002647	nıvisin,	1	nıvisin,	nıvisin,	8	SEMANTIC VALUE UNRESOLVED	INTERPRETATION UNREVIEWED
R002648	nıvisin:	1	nıvisin:	nıvisin:	8	SEMANTIC VALUE UNRESOLVED	INTERPRETATION UNREVIEWED
R002649	nıvisina	3	nıvisina	nıvisina	8	SEMANTIC VALUE UNRESOLVED	INTERPRETATION UNREVIEWED
R002650	nıvisiye	1	nıvisiye	nıvisiye	8	SEMANTIC VALUE UNRESOLVED	INTERPRETATION UNREVIEWED
R002651	nıvisiye,	1	nıvisiye,	nıvisiye,	9	SEMANTIC VALUE UNRESOLVED	INTERPRETATION UNREVIEWED
R002652	nıvisiye.	5	nıvisiye.	nıvisiye.	9	SEMANTIC VALUE UNRESOLVED	INTERPRETATION UNREVIEWED
R002653	nıvisln.	1	nıvisln.	nıvisln.	8	SEMANTIC VALUE UNRESOLVED	INTERPRETATION UNREVIEWED
R002654	nı­	1	nı­	nı­	3	SEMANTIC VALUE UNRESOLVED	INTERPRETATION UNREVIEWED
R002655	nışin	1	nışin	nışin	5	SEMANTIC VALUE UNRESOLVED	INTERPRETATION UNREVIEWED
R002656	O	5	O	o	1	SEMANTIC VALUE UNRESOLVED	INTERPRETATION UNREVIEWED
R002657	o	30	o	o	1	SEMANTIC VALUE UNRESOLVED	INTERPRETATION UNREVIEWED
R002658	O'ydu,	1	O'ydu,	o'ydu,	6	SEMANTIC VALUE UNRESOLVED	INTERPRETATION UNREVIEWED
R002659	O,	3	O,	o,	2	SEMANTIC VALUE UNRESOLVED	INTERPRETATION UNREVIEWED
R002660	o,	4	o,	o,	2	SEMANTIC VALUE UNRESOLVED	INTERPRETATION UNREVIEWED
R002661	of	1	of	of	2	SEMANTIC VALUE UNRESOLVED	INTERPRETATION UNREVIEWED
R002662	oku-	1	oku-	oku-	4	SEMANTIC VALUE UNRESOLVED	INTERPRETATION UNREVIEWED
R002663	okuduğu	1	okuduğu	okuduğu	7	SEMANTIC VALUE UNRESOLVED	INTERPRETATION UNREVIEWED
R002664	okuma	1	okuma	okuma	5	SEMANTIC VALUE UNRESOLVED	INTERPRETATION UNREVIEWED
R002665	okuma,	1	okuma,	okuma,	6	SEMANTIC VALUE UNRESOLVED	INTERPRETATION UNREVIEWED
R002666	okumadan;	1	okumadan;	okumadan;	9	SEMANTIC VALUE UNRESOLVED	INTERPRETATION UNREVIEWED
R002667	okumaktadır­	1	okumaktadır­	okumaktadır­	12	SEMANTIC VALUE UNRESOLVED	INTERPRETATION UNREVIEWED
R002668	okumaktan	1	okumaktan	okumaktan	9	SEMANTIC VALUE UNRESOLVED	INTERPRETATION UNREVIEWED
R002669	okumamış	1	okumamış	okumamış	8	SEMANTIC VALUE UNRESOLVED	INTERPRETATION UNREVIEWED
R002670	okumayı	1	okumayı	okumayı	7	SEMANTIC VALUE UNRESOLVED	INTERPRETATION UNREVIEWED
R002671	okuyabilmektedirler.	1	okuyabilmektedirler.	okuyabilmektedirler.	20	SEMANTIC VALUE UNRESOLVED	INTERPRETATION UNREVIEWED
R002672	okuyuculann	1	okuyuculann	okuyuculann	11	SEMANTIC VALUE UNRESOLVED	INTERPRETATION UNREVIEWED
R002673	okuyucular	1	okuyucular	okuyucular	10	SEMANTIC VALUE UNRESOLVED	INTERPRETATION UNREVIEWED
R002674	okuyucularına	1	okuyucularına	okuyucularına	13	SEMANTIC VALUE UNRESOLVED	INTERPRETATION UNREVIEWED
R002675	okuyucunun	1	okuyucunun	okuyucunun	10	SEMANTIC VALUE UNRESOLVED	INTERPRETATION UNREVIEWED
R002676	oku­	1	oku­	oku­	4	SEMANTIC VALUE UNRESOLVED	INTERPRETATION UNREVIEWED
R002677	ola	1	ola	ola	3	SEMANTIC VALUE UNRESOLVED	INTERPRETATION UNREVIEWED
R002678	olacak	3	olacak	olacak	6	SEMANTIC VALUE UNRESOLVED	INTERPRETATION UNREVIEWED
R002679	olacaksın.	1	olacaksın.	olacaksın.	10	SEMANTIC VALUE UNRESOLVED	INTERPRETATION UNREVIEWED
R002680	olaİı	1	olaİı	olai̇ı	5	SEMANTIC VALUE UNRESOLVED	INTERPRETATION UNREVIEWED
R002681	olan	14	olan	olan	4	SEMANTIC VALUE UNRESOLVED	INTERPRETATION UNREVIEWED
R002682	olan!	3	olan!	olan!	5	SEMANTIC VALUE UNRESOLVED	INTERPRETATION UNREVIEWED
R002683	olan,	2	olan,	olan,	5	SEMANTIC VALUE UNRESOLVED	INTERPRETATION UNREVIEWED
R002684	olanla	1	olanla	olanla	6	SEMANTIC VALUE UNRESOLVED	INTERPRETATION UNREVIEWED
R002685	olanların	1	olanların	olanların	9	SEMANTIC VALUE UNRESOLVED	INTERPRETATION UNREVIEWED
R002686	olanların,	1	olanların,	olanların,	10	SEMANTIC VALUE UNRESOLVED	INTERPRETATION UNREVIEWED
R002687	olanıarsa	1	olanıarsa	olanıarsa	9	SEMANTIC VALUE UNRESOLVED	INTERPRETATION UNREVIEWED
R002688	olarak	5	olarak	olarak	6	SEMANTIC VALUE UNRESOLVED	INTERPRETATION UNREVIEWED
R002689	oldu	2	oldu	oldu	4	SEMANTIC VALUE UNRESOLVED	INTERPRETATION UNREVIEWED
R002690	oldu.	2	oldu.	oldu.	5	SEMANTIC VALUE UNRESOLVED	INTERPRETATION UNREVIEWED
R002691	olduk,	1	olduk,	olduk,	6	SEMANTIC VALUE UNRESOLVED	INTERPRETATION UNREVIEWED
R002692	oldular	1	oldular	oldular	7	SEMANTIC VALUE UNRESOLVED	INTERPRETATION UNREVIEWED
R002693	oldular.	1	oldular.	oldular.	8	SEMANTIC VALUE UNRESOLVED	INTERPRETATION UNREVIEWED
R002694	olduğu	4	olduğu	olduğu	6	SEMANTIC VALUE UNRESOLVED	INTERPRETATION UNREVIEWED
R002695	olduğ·unu	1	olduğ·unu	olduğ·unu	9	SEMANTIC VALUE UNRESOLVED	INTERPRETATION UNREVIEWED
R002696	olmadan	1	olmadan	olmadan	7	SEMANTIC VALUE UNRESOLVED	INTERPRETATION UNREVIEWED
R002697	olmaları	1	olmaları	olmaları	8	SEMANTIC VALUE UNRESOLVED	INTERPRETATION UNREVIEWED
R002698	olmasa	1	olmasa	olmasa	6	SEMANTIC VALUE UNRESOLVED	INTERPRETATION UNREVIEWED
R002699	olmasa,	1	olmasa,	olmasa,	7	SEMANTIC VALUE UNRESOLVED	INTERPRETATION UNREVIEWED
R002700	olmasaydın	1	olmasaydın	olmasaydın	10	SEMANTIC VALUE UNRESOLVED	INTERPRETATION UNREVIEWED
R002701	olmasın.	1	olmasın.	olmasın.	8	SEMANTIC VALUE UNRESOLVED	INTERPRETATION UNREVIEWED
R002702	olmayan,	2	olmayan,	olmayan,	8	SEMANTIC VALUE UNRESOLVED	INTERPRETATION UNREVIEWED
R002703	olmayanları	1	olmayanları	olmayanları	11	SEMANTIC VALUE UNRESOLVED	INTERPRETATION UNREVIEWED
R002704	olmayız	1	olmayız	olmayız	7	SEMANTIC VALUE UNRESOLVED	INTERPRETATION UNREVIEWED
R002705	olmaz	1	olmaz	olmaz	5	SEMANTIC VALUE UNRESOLVED	INTERPRETATION UNREVIEWED
R002706	olmazlar.	1	olmazlar.	olmazlar.	9	SEMANTIC VALUE UNRESOLVED	INTERPRETATION UNREVIEWED
R002707	olmazsa	2	olmazsa	olmazsa	7	SEMANTIC VALUE UNRESOLVED	INTERPRETATION UNREVIEWED
R002708	olmuş,	1	olmuş,	olmuş,	6	SEMANTIC VALUE UNRESOLVED	INTERPRETATION UNREVIEWED
R002709	olmuştur.	3	olmuştur.	olmuştur.	9	SEMANTIC VALUE UNRESOLVED	INTERPRETATION UNREVIEWED
R002710	olsa	1	olsa	olsa	4	SEMANTIC VALUE UNRESOLVED	INTERPRETATION UNREVIEWED
R002711	olsalar	1	olsalar	olsalar	7	SEMANTIC VALUE UNRESOLVED	INTERPRETATION UNREVIEWED
R002712	Olsaydı	1	Olsaydı	olsaydı	7	SEMANTIC VALUE UNRESOLVED	INTERPRETATION UNREVIEWED
R002713	olsun	5	olsun	olsun	5	SEMANTIC VALUE UNRESOLVED	INTERPRETATION UNREVIEWED
R002714	olsun;	2	olsun;	olsun;	6	SEMANTIC VALUE UNRESOLVED	INTERPRETATION UNREVIEWED
R002715	olunca,	1	olunca,	olunca,	7	SEMANTIC VALUE UNRESOLVED	INTERPRETATION UNREVIEWED
R002716	olup	3	olup	olup	4	SEMANTIC VALUE UNRESOLVED	INTERPRETATION UNREVIEWED
R002717	olup,	1	olup,	olup,	5	SEMANTIC VALUE UNRESOLVED	INTERPRETATION UNREVIEWED
R002718	olur	1	olur	olur	4	SEMANTIC VALUE UNRESOLVED	INTERPRETATION UNREVIEWED
R002719	olursan,	1	olursan,	olursan,	8	SEMANTIC VALUE UNRESOLVED	INTERPRETATION UNREVIEWED
R002720	oluruz	1	oluruz	oluruz	6	SEMANTIC VALUE UNRESOLVED	INTERPRETATION UNREVIEWED
R002721	Oluverdi	1	Oluverdi	oluverdi	8	SEMANTIC VALUE UNRESOLVED	INTERPRETATION UNREVIEWED
R002722	oluşunun	2	oluşunun	oluşunun	8	SEMANTIC VALUE UNRESOLVED	INTERPRETATION UNREVIEWED
R002723	Omuzlardan	1	Omuzlardan	omuzlardan	10	SEMANTIC VALUE UNRESOLVED	INTERPRETATION UNREVIEWED
R002724	Ona	2	Ona	ona	3	SEMANTIC VALUE UNRESOLVED	INTERPRETATION UNREVIEWED
R002725	ona	2	ona	ona	3	SEMANTIC VALUE UNRESOLVED	INTERPRETATION UNREVIEWED
R002726	ona.	1	ona.	ona.	4	SEMANTIC VALUE UNRESOLVED	INTERPRETATION UNREVIEWED
R002727	onda	3	onda	onda	4	SEMANTIC VALUE UNRESOLVED	INTERPRETATION UNREVIEWED
R002728	Ondan	1	Ondan	ondan	5	SEMANTIC VALUE UNRESOLVED	INTERPRETATION UNREVIEWED
R002729	ondan	1	ondan	ondan	5	SEMANTIC VALUE UNRESOLVED	INTERPRETATION UNREVIEWED
R002730	Ondan,	1	Ondan,	ondan,	6	SEMANTIC VALUE UNRESOLVED	INTERPRETATION UNREVIEWED
R002731	ondan.	1	ondan.	ondan.	6	SEMANTIC VALUE UNRESOLVED	INTERPRETATION UNREVIEWED
R002732	Onlar	2	Onlar	onlar	5	SEMANTIC VALUE UNRESOLVED	INTERPRETATION UNREVIEWED
R002733	onlar	1	onlar	onlar	5	SEMANTIC VALUE UNRESOLVED	INTERPRETATION UNREVIEWED
R002734	onlarda	1	onlarda	onlarda	7	SEMANTIC VALUE UNRESOLVED	INTERPRETATION UNREVIEWED
R002735	onları	2	onları	onları	6	SEMANTIC VALUE UNRESOLVED	INTERPRETATION UNREVIEWED
R002736	Onu	1	Onu	onu	3	SEMANTIC VALUE UNRESOLVED	INTERPRETATION UNREVIEWED
R002737	onu	5	onu	onu	3	SEMANTIC VALUE UNRESOLVED	INTERPRETATION UNREVIEWED
R002738	Onun	5	Onun	onun	4	SEMANTIC VALUE UNRESOLVED	INTERPRETATION UNREVIEWED
R002739	onun	3	onun	onun	4	SEMANTIC VALUE UNRESOLVED	INTERPRETATION UNREVIEWED
R002740	onun!	2	onun!	onun!	5	SEMANTIC VALUE UNRESOLVED	INTERPRETATION UNREVIEWED
R002741	onunkine	1	onunkine	onunkine	8	SEMANTIC VALUE UNRESOLVED	INTERPRETATION UNREVIEWED
R002742	onunla	1	onunla	onunla	6	SEMANTIC VALUE UNRESOLVED	INTERPRETATION UNREVIEWED
R002743	onunla.	2	onunla.	onunla.	7	SEMANTIC VALUE UNRESOLVED	INTERPRETATION UNREVIEWED
R002744	on­	1	on­	on­	3	SEMANTIC VALUE UNRESOLVED	INTERPRETATION UNREVIEWED
R002745	orada	1	orada	orada	5	SEMANTIC VALUE UNRESOLVED	INTERPRETATION UNREVIEWED
R002746	Ordusu	1	Ordusu	ordusu	6	SEMANTIC VALUE UNRESOLVED	INTERPRETATION UNREVIEWED
R002747	orijinalindeki	1	orijinalindeki	orijinalindeki	14	SEMANTIC VALUE UNRESOLVED	INTERPRETATION UNREVIEWED
R002748	Orijinaliyle	1	Orijinaliyle	orijinaliyle	12	SEMANTIC VALUE UNRESOLVED	INTERPRETATION UNREVIEWED
R002749	Orjînal	1	Orjînal	orjînal	7	SEMANTIC VALUE UNRESOLVED	INTERPRETATION UNREVIEWED
R002750	ortaksız,	1	ortaksız,	ortaksız,	9	SEMANTIC VALUE UNRESOLVED	INTERPRETATION UNREVIEWED
R002751	ortaya	2	ortaya	ortaya	6	SEMANTIC VALUE UNRESOLVED	INTERPRETATION UNREVIEWED
R002752	ortaya,	1	ortaya,	ortaya,	7	SEMANTIC VALUE UNRESOLVED	INTERPRETATION UNREVIEWED
R002753	Osman	1	Osman	osman	5	SEMANTIC VALUE UNRESOLVED	INTERPRETATION UNREVIEWED
R002754	oturup	1	oturup	oturup	6	SEMANTIC VALUE UNRESOLVED	INTERPRETATION UNREVIEWED
R002755	Ozan	4	Ozan	ozan	4	SEMANTIC VALUE UNRESOLVED	INTERPRETATION UNREVIEWED
R002756	Ozan,	1	Ozan,	ozan,	5	SEMANTIC VALUE UNRESOLVED	INTERPRETATION UNREVIEWED
R002757	Ozanlar	1	Ozanlar	ozanlar	7	SEMANTIC VALUE UNRESOLVED	INTERPRETATION UNREVIEWED
R002758	oğullarından	1	oğullarından	oğullarından	12	SEMANTIC VALUE UNRESOLVED	INTERPRETATION UNREVIEWED
R002759	P8XEMBER	1	P8XEMBER	p8xember	8	SEMANTIC VALUE UNRESOLVED	INTERPRETATION UNREVIEWED
R002760	Pabende	3	Pabende	pabende	7	SEMANTIC VALUE UNRESOLVED	INTERPRETATION UNREVIEWED
R002761	Padişah!	2	Padişah!	padişah!	8	SEMANTIC VALUE UNRESOLVED	INTERPRETATION UNREVIEWED
R002762	Padişah,	1	Padişah,	padişah,	8	SEMANTIC VALUE UNRESOLVED	INTERPRETATION UNREVIEWED
R002763	Padişahe	2	Padişahe	padişahe	8	SEMANTIC VALUE UNRESOLVED	INTERPRETATION UNREVIEWED
R002764	padişahlık?	1	padişahlık?	padişahlık?	11	SEMANTIC VALUE UNRESOLVED	INTERPRETATION UNREVIEWED
R002765	padişahı!	1	padişahı!	padişahı!	9	SEMANTIC VALUE UNRESOLVED	INTERPRETATION UNREVIEWED
R002766	Padişehe	1	Padişehe	padişehe	8	SEMANTIC VALUE UNRESOLVED	INTERPRETATION UNREVIEWED
R002767	padişehe	1	padişehe	padişehe	8	SEMANTIC VALUE UNRESOLVED	INTERPRETATION UNREVIEWED
R002768	Padişeh€	1	Padişeh€	padişeh€	8	SEMANTIC VALUE UNRESOLVED	INTERPRETATION UNREVIEWED
R002769	pak	1	pak	pak	3	SEMANTIC VALUE UNRESOLVED	INTERPRETATION UNREVIEWED
R002770	paklıktan	1	paklıktan	paklıktan	9	SEMANTIC VALUE UNRESOLVED	INTERPRETATION UNREVIEWED
R002771	paqıj	1	paqıj	paqıj	5	SEMANTIC VALUE UNRESOLVED	INTERPRETATION UNREVIEWED
R002772	par	1	par	par	3	SEMANTIC VALUE UNRESOLVED	INTERPRETATION UNREVIEWED
R002773	parlak	2	parlak	parlak	6	SEMANTIC VALUE UNRESOLVED	INTERPRETATION UNREVIEWED
R002774	parlayan,	1	parlayan,	parlayan,	9	SEMANTIC VALUE UNRESOLVED	INTERPRETATION UNREVIEWED
R002775	partek	1	partek	partek	6	SEMANTIC VALUE UNRESOLVED	INTERPRETATION UNREVIEWED
R002776	Parçalanmak	1	Parçalanmak	parçalanmak	11	SEMANTIC VALUE UNRESOLVED	INTERPRETATION UNREVIEWED
R002777	parçeki	1	parçeki	parçeki	7	SEMANTIC VALUE UNRESOLVED	INTERPRETATION UNREVIEWED
R002778	parıldatan	1	parıldatan	parıldatan	10	SEMANTIC VALUE UNRESOLVED	INTERPRETATION UNREVIEWED
R002779	pasajlarını	1	pasajlarını	pasajlarını	11	SEMANTIC VALUE UNRESOLVED	INTERPRETATION UNREVIEWED
R002780	payeli	1	payeli	payeli	6	SEMANTIC VALUE UNRESOLVED	INTERPRETATION UNREVIEWED
R002781	paşdamayi,	1	paşdamayi,	paşdamayi,	10	SEMANTIC VALUE UNRESOLVED	INTERPRETATION UNREVIEWED
R002782	paşe	3	paşe	paşe	4	SEMANTIC VALUE UNRESOLVED	INTERPRETATION UNREVIEWED
R002783	paş­	1	paş­	paş­	4	SEMANTIC VALUE UNRESOLVED	INTERPRETATION UNREVIEWED
R002784	pe	2	pe	pe	2	SEMANTIC VALUE UNRESOLVED	INTERPRETATION UNREVIEWED
R002785	pekve	1	pekve	pekve	5	SEMANTIC VALUE UNRESOLVED	INTERPRETATION UNREVIEWED
R002786	Pelid	1	Pelid	pelid	5	SEMANTIC VALUE UNRESOLVED	INTERPRETATION UNREVIEWED
R002787	penahe	1	penahe	penahe	6	SEMANTIC VALUE UNRESOLVED	INTERPRETATION UNREVIEWED
R002788	pence	1	pence	pence	5	SEMANTIC VALUE UNRESOLVED	INTERPRETATION UNREVIEWED
R002789	penceresi,	1	penceresi,	penceresi,	10	SEMANTIC VALUE UNRESOLVED	INTERPRETATION UNREVIEWED
R002790	pencereye	1	pencereye	pencereye	9	SEMANTIC VALUE UNRESOLVED	INTERPRETATION UNREVIEWED
R002791	Pensed	1	Pensed	pensed	6	SEMANTIC VALUE UNRESOLVED	INTERPRETATION UNREVIEWED
R002792	pepı­	1	pepı­	pepı­	5	SEMANTIC VALUE UNRESOLVED	INTERPRETATION UNREVIEWED
R002793	perde	2	perde	perde	5	SEMANTIC VALUE UNRESOLVED	INTERPRETATION UNREVIEWED
R002794	perdedari!	1	perdedari!	perdedari!	10	SEMANTIC VALUE UNRESOLVED	INTERPRETATION UNREVIEWED
R002795	perdelenen	1	perdelenen	perdelenen	10	SEMANTIC VALUE UNRESOLVED	INTERPRETATION UNREVIEWED
R002796	perdelenmişsin	1	perdelenmişsin	perdelenmişsin	14	SEMANTIC VALUE UNRESOLVED	INTERPRETATION UNREVIEWED
R002797	perdeler,	1	perdeler,	perdeler,	9	SEMANTIC VALUE UNRESOLVED	INTERPRETATION UNREVIEWED
R002798	Perdesiz	1	Perdesiz	perdesiz	8	SEMANTIC VALUE UNRESOLVED	INTERPRETATION UNREVIEWED
R002799	perişan	1	perişan	perişan	7	SEMANTIC VALUE UNRESOLVED	INTERPRETATION UNREVIEWED
R002800	pertewa	1	pertewa	pertewa	7	SEMANTIC VALUE UNRESOLVED	INTERPRETATION UNREVIEWED
R002801	Pervaneyi	1	Pervaneyi	pervaneyi	9	SEMANTIC VALUE UNRESOLVED	INTERPRETATION UNREVIEWED
R002802	Perviz'e	1	Perviz'e	perviz'e	8	SEMANTIC VALUE UNRESOLVED	INTERPRETATION UNREVIEWED
R002803	Perwane	1	Perwane	perwane	7	SEMANTIC VALUE UNRESOLVED	INTERPRETATION UNREVIEWED
R002804	perçen	1	perçen	perçen	6	SEMANTIC VALUE UNRESOLVED	INTERPRETATION UNREVIEWED
R002805	PESN.€	1	PESN.€	pesn.€	6	SEMANTIC VALUE UNRESOLVED	INTERPRETATION UNREVIEWED
R002806	PESN:it	1	PESN:it	pesn:it	7	SEMANTIC VALUE UNRESOLVED	INTERPRETATION UNREVIEWED
R002807	Pexember	4	Pexember	pexember	8	SEMANTIC VALUE UNRESOLVED	INTERPRETATION UNREVIEWED
R002808	Pexember'e	1	Pexember'e	pexember'e	10	SEMANTIC VALUE UNRESOLVED	INTERPRETATION UNREVIEWED
R002809	Pexember'ra	1	Pexember'ra	pexember'ra	11	SEMANTIC VALUE UNRESOLVED	INTERPRETATION UNREVIEWED
R002810	Pexembere	1	Pexembere	pexembere	9	SEMANTIC VALUE UNRESOLVED	INTERPRETATION UNREVIEWED
R002811	pey	1	pey	pey	3	SEMANTIC VALUE UNRESOLVED	INTERPRETATION UNREVIEWED
R002812	Peyda	1	Peyda	peyda	5	SEMANTIC VALUE UNRESOLVED	INTERPRETATION UNREVIEWED
R002813	peyda!	1	peyda!	peyda!	6	SEMANTIC VALUE UNRESOLVED	INTERPRETATION UNREVIEWED
R002814	peygamber	1	peygamber	peygamber	9	SEMANTIC VALUE UNRESOLVED	INTERPRETATION UNREVIEWED
R002815	Peygamber,	2	Peygamber,	peygamber,	10	SEMANTIC VALUE UNRESOLVED	INTERPRETATION UNREVIEWED
R002816	PEYGAMBERDEN	1	PEYGAMBERDEN	peygamberden	12	SEMANTIC VALUE UNRESOLVED	INTERPRETATION UNREVIEWED
R002817	PEYGAMBERE	1	PEYGAMBERE	peygambere	10	SEMANTIC VALUE UNRESOLVED	INTERPRETATION UNREVIEWED
R002818	Peygambere	1	Peygambere	peygambere	10	SEMANTIC VALUE UNRESOLVED	INTERPRETATION UNREVIEWED
R002819	Peygamberi.	1	Peygamberi.	peygamberi.	11	SEMANTIC VALUE UNRESOLVED	INTERPRETATION UNREVIEWED
R002820	Peygamberin	4	Peygamberin	peygamberin	11	SEMANTIC VALUE UNRESOLVED	INTERPRETATION UNREVIEWED
R002821	Peygamberiyken	1	Peygamberiyken	peygamberiyken	14	SEMANTIC VALUE UNRESOLVED	INTERPRETATION UNREVIEWED
R002822	Peygamberlerin.	1	Peygamberlerin.	peygamberlerin.	15	SEMANTIC VALUE UNRESOLVED	INTERPRETATION UNREVIEWED
R002823	peygamberliğinden	1	peygamberliğinden	peygamberliğinden	17	SEMANTIC VALUE UNRESOLVED	INTERPRETATION UNREVIEWED
R002824	peygamberliğine	1	peygamberliğine	peygamberliğine	15	SEMANTIC VALUE UNRESOLVED	INTERPRETATION UNREVIEWED
R002825	peyivın	2	peyivın	peyivın	7	SEMANTIC VALUE UNRESOLVED	INTERPRETATION UNREVIEWED
R002826	peyrewe	1	peyrewe	peyrewe	7	SEMANTIC VALUE UNRESOLVED	INTERPRETATION UNREVIEWED
R002827	Peywende	1	Peywende	peywende	8	SEMANTIC VALUE UNRESOLVED	INTERPRETATION UNREVIEWED
R002828	Peyxembere	1	Peyxembere	peyxembere	10	SEMANTIC VALUE UNRESOLVED	INTERPRETATION UNREVIEWED
R002829	Peıwiz!	1	Peıwiz!	peıwiz!	7	SEMANTIC VALUE UNRESOLVED	INTERPRETATION UNREVIEWED
R002830	peşda	1	peşda	peşda	5	SEMANTIC VALUE UNRESOLVED	INTERPRETATION UNREVIEWED
R002831	peşdakarbuye;	1	peşdakarbuye;	peşdakarbuye;	13	SEMANTIC VALUE UNRESOLVED	INTERPRETATION UNREVIEWED
R002832	peşe	3	peşe	peşe	4	SEMANTIC VALUE UNRESOLVED	INTERPRETATION UNREVIEWED
R002833	peşgotına	1	peşgotına	peşgotına	9	SEMANTIC VALUE UNRESOLVED	INTERPRETATION UNREVIEWED
R002834	peşin	1	peşin	peşin	5	SEMANTIC VALUE UNRESOLVED	INTERPRETATION UNREVIEWED
R002835	peşinde	1	peşinde	peşinde	7	SEMANTIC VALUE UNRESOLVED	INTERPRETATION UNREVIEWED
R002836	peşre­	1	peşre­	peşre­	6	SEMANTIC VALUE UNRESOLVED	INTERPRETATION UNREVIEWED
R002837	peşve	2	peşve	peşve	5	SEMANTIC VALUE UNRESOLVED	INTERPRETATION UNREVIEWED
R002838	Peهgamberin	1	Peهgamberin	peهgamberin	11	SEMANTIC VALUE UNRESOLVED	INTERPRETATION UNREVIEWED
R002839	Pfı.txane	1	Pfı.txane	pfı.txane	9	SEMANTIC VALUE UNRESOLVED	INTERPRETATION UNREVIEWED
R002840	pis	1	pis	pis	3	SEMANTIC VALUE UNRESOLVED	INTERPRETATION UNREVIEWED
R002841	Pl!xembenn	1	Pl!xembenn	pl!xembenn	10	SEMANTIC VALUE UNRESOLVED	INTERPRETATION UNREVIEWED
R002842	PltXEMBER	1	PltXEMBER	pltxember	9	SEMANTIC VALUE UNRESOLVED	INTERPRETATION UNREVIEWED
R002843	pusuya	1	pusuya	pusuya	6	SEMANTIC VALUE UNRESOLVED	INTERPRETATION UNREVIEWED
R002844	Puthaneleri	1	Puthaneleri	puthaneleri	11	SEMANTIC VALUE UNRESOLVED	INTERPRETATION UNREVIEWED
R002845	Pêrist	1	Pêrist	pêrist	6	SEMANTIC VALUE UNRESOLVED	INTERPRETATION UNREVIEWED
R002846	Pı!JŞGOTIN	1	Pı!JŞGOTIN	pı!jşgotin	10	SEMANTIC VALUE UNRESOLVED	INTERPRETATION UNREVIEWED
R002847	pır	12	pır	pır	3	SEMANTIC VALUE UNRESOLVED	INTERPRETATION UNREVIEWED
R002848	pıraniya	1	pıraniya	pıraniya	8	SEMANTIC VALUE UNRESOLVED	INTERPRETATION UNREVIEWED
R002849	pıre,	1	pıre,	pıre,	5	SEMANTIC VALUE UNRESOLVED	INTERPRETATION UNREVIEWED
R002850	Pırhikmete,	1	Pırhikmete,	pırhikmete,	11	SEMANTIC VALUE UNRESOLVED	INTERPRETATION UNREVIEWED
R002851	pırsan	2	pırsan	pırsan	6	SEMANTIC VALUE UNRESOLVED	INTERPRETATION UNREVIEWED
R002852	pırsanra	1	pırsanra	pırsanra	8	SEMANTIC VALUE UNRESOLVED	INTERPRETATION UNREVIEWED
R002853	pırsen	1	pırsen	pırsen	6	SEMANTIC VALUE UNRESOLVED	INTERPRETATION UNREVIEWED
R002854	Pırsi	1	Pırsi	pırsi	5	SEMANTIC VALUE UNRESOLVED	INTERPRETATION UNREVIEWED
R002855	pırtfıka	3	pırtfıka	pırtfıka	8	SEMANTIC VALUE UNRESOLVED	INTERPRETATION UNREVIEWED
R002856	pırtfıka:	1	pırtfıka:	pırtfıka:	9	SEMANTIC VALUE UNRESOLVED	INTERPRETATION UNREVIEWED
R002857	pırtfıke	1	pırtfıke	pırtfıke	8	SEMANTIC VALUE UNRESOLVED	INTERPRETATION UNREVIEWED
R002858	pırtfıken	2	pırtfıken	pırtfıken	9	SEMANTIC VALUE UNRESOLVED	INTERPRETATION UNREVIEWED
R002859	pırtfıkxana	1	pırtfıkxana	pırtfıkxana	11	SEMANTIC VALUE UNRESOLVED	INTERPRETATION UNREVIEWED
R002860	pırtilka	1	pırtilka	pırtilka	8	SEMANTIC VALUE UNRESOLVED	INTERPRETATION UNREVIEWED
R002861	pırtiı.ke	1	pırtiı.ke	pırtiı.ke	9	SEMANTIC VALUE UNRESOLVED	INTERPRETATION UNREVIEWED
R002862	pırtlik	4	pırtlik	pırtlik	7	SEMANTIC VALUE UNRESOLVED	INTERPRETATION UNREVIEWED
R002863	pırtuka	1	pırtuka	pırtuka	7	SEMANTIC VALUE UNRESOLVED	INTERPRETATION UNREVIEWED
R002864	pırtukeda	3	pırtukeda	pırtukeda	9	SEMANTIC VALUE UNRESOLVED	INTERPRETATION UNREVIEWED
R002865	pırtuken	1	pırtuken	pırtuken	8	SEMANTIC VALUE UNRESOLVED	INTERPRETATION UNREVIEWED
R002866	pırtılk	1	pırtılk	pırtılk	7	SEMANTIC VALUE UNRESOLVED	INTERPRETATION UNREVIEWED
R002867	pırtılkeki	1	pırtılkeki	pırtılkeki	10	SEMANTIC VALUE UNRESOLVED	INTERPRETATION UNREVIEWED
R002868	pışkeki	1	pışkeki	pışkeki	7	SEMANTIC VALUE UNRESOLVED	INTERPRETATION UNREVIEWED
R002869	pışken	1	pışken	pışken	6	SEMANTIC VALUE UNRESOLVED	INTERPRETATION UNREVIEWED
R002870	pıştve	1	pıştve	pıştve	6	SEMANTIC VALUE UNRESOLVED	INTERPRETATION UNREVIEWED
R002871	qabe	1	qabe	qabe	4	SEMANTIC VALUE UNRESOLVED	INTERPRETATION UNREVIEWED
R002872	qabıle	1	qabıle	qabıle	6	SEMANTIC VALUE UNRESOLVED	INTERPRETATION UNREVIEWED
R002873	Qadıre	1	Qadıre	qadıre	6	SEMANTIC VALUE UNRESOLVED	INTERPRETATION UNREVIEWED
R002874	qaim!	1	qaim!	qaim!	5	SEMANTIC VALUE UNRESOLVED	INTERPRETATION UNREVIEWED
R002875	qala	2	qala	qala	4	SEMANTIC VALUE UNRESOLVED	INTERPRETATION UNREVIEWED
R002876	qalıkeki	1	qalıkeki	qalıkeki	8	SEMANTIC VALUE UNRESOLVED	INTERPRETATION UNREVIEWED
R002877	qas	1	qas	qas	3	SEMANTIC VALUE UNRESOLVED	INTERPRETATION UNREVIEWED
R002878	qase	3	qase	qase	4	SEMANTIC VALUE UNRESOLVED	INTERPRETATION UNREVIEWED
R002879	qasi	1	qasi	qasi	4	SEMANTIC VALUE UNRESOLVED	INTERPRETATION UNREVIEWED
R002880	qasır	1	qasır	qasır	5	SEMANTIC VALUE UNRESOLVED	INTERPRETATION UNREVIEWED
R002881	qd	1	qd	qd	2	SEMANTIC VALUE UNRESOLVED	INTERPRETATION UNREVIEWED
R002882	qebfılkırın.	1	qebfılkırın.	qebfılkırın.	12	SEMANTIC VALUE UNRESOLVED	INTERPRETATION UNREVIEWED
R002883	qebile	1	qebile	qebile	6	SEMANTIC VALUE UNRESOLVED	INTERPRETATION UNREVIEWED
R002884	qebı1lkırın.	1	qebı1lkırın.	qebı1lkırın.	12	SEMANTIC VALUE UNRESOLVED	INTERPRETATION UNREVIEWED
R002885	Qedeha	1	Qedeha	qedeha	6	SEMANTIC VALUE UNRESOLVED	INTERPRETATION UNREVIEWED
R002886	qedeha	1	qedeha	qedeha	6	SEMANTIC VALUE UNRESOLVED	INTERPRETATION UNREVIEWED
R002887	qedehe.	1	qedehe.	qedehe.	7	SEMANTIC VALUE UNRESOLVED	INTERPRETATION UNREVIEWED
R002888	qeder	3	qeder	qeder	5	SEMANTIC VALUE UNRESOLVED	INTERPRETATION UNREVIEWED
R002889	Qedim	1	Qedim	qedim	5	SEMANTIC VALUE UNRESOLVED	INTERPRETATION UNREVIEWED
R002890	Qedir	1	Qedir	qedir	5	SEMANTIC VALUE UNRESOLVED	INTERPRETATION UNREVIEWED
R002891	Qedre	2	Qedre	qedre	5	SEMANTIC VALUE UNRESOLVED	INTERPRETATION UNREVIEWED
R002892	qedre	1	qedre	qedre	5	SEMANTIC VALUE UNRESOLVED	INTERPRETATION UNREVIEWED
R002893	qedırbılınd	2	qedırbılınd	qedırbılınd	11	SEMANTIC VALUE UNRESOLVED	INTERPRETATION UNREVIEWED
R002894	Qedırbılındi;	1	Qedırbılındi;	qedırbılındi;	13	SEMANTIC VALUE UNRESOLVED	INTERPRETATION UNREVIEWED
R002895	Qehra	2	Qehra	qehra	5	SEMANTIC VALUE UNRESOLVED	INTERPRETATION UNREVIEWED
R002896	Qelban	1	Qelban	qelban	6	SEMANTIC VALUE UNRESOLVED	INTERPRETATION UNREVIEWED
R002897	qelbe	3	qelbe	qelbe	5	SEMANTIC VALUE UNRESOLVED	INTERPRETATION UNREVIEWED
R002898	qelem	1	qelem	qelem	5	SEMANTIC VALUE UNRESOLVED	INTERPRETATION UNREVIEWED
R002899	qelem.	1	qelem.	qelem.	6	SEMANTIC VALUE UNRESOLVED	INTERPRETATION UNREVIEWED
R002900	qelema	1	qelema	qelema	6	SEMANTIC VALUE UNRESOLVED	INTERPRETATION UNREVIEWED
R002901	qelembu	1	qelembu	qelembu	7	SEMANTIC VALUE UNRESOLVED	INTERPRETATION UNREVIEWED
R002902	qelen	1	qelen	qelen	5	SEMANTIC VALUE UNRESOLVED	INTERPRETATION UNREVIEWED
R002903	qelse	1	qelse	qelse	5	SEMANTIC VALUE UNRESOLVED	INTERPRETATION UNREVIEWED
R002904	qencfya	1	qencfya	qencfya	7	SEMANTIC VALUE UNRESOLVED	INTERPRETATION UNREVIEWED
R002905	qenci	1	qenci	qenci	5	SEMANTIC VALUE UNRESOLVED	INTERPRETATION UNREVIEWED
R002906	qeribe,	1	qeribe,	qeribe,	7	SEMANTIC VALUE UNRESOLVED	INTERPRETATION UNREVIEWED
R002907	qerinın!	1	qerinın!	qerinın!	8	SEMANTIC VALUE UNRESOLVED	INTERPRETATION UNREVIEWED
R002908	qesd-ı	1	qesd-ı	qesd-ı	6	SEMANTIC VALUE UNRESOLVED	INTERPRETATION UNREVIEWED
R002909	Qet	3	Qet	qet	3	SEMANTIC VALUE UNRESOLVED	INTERPRETATION UNREVIEWED
R002910	qet	2	qet	qet	3	SEMANTIC VALUE UNRESOLVED	INTERPRETATION UNREVIEWED
R002911	qet.	1	qet.	qet.	4	SEMANTIC VALUE UNRESOLVED	INTERPRETATION UNREVIEWED
R002912	Qetkırına	1	Qetkırına	qetkırına	9	SEMANTIC VALUE UNRESOLVED	INTERPRETATION UNREVIEWED
R002913	qewi	1	qewi	qewi	4	SEMANTIC VALUE UNRESOLVED	INTERPRETATION UNREVIEWED
R002914	qewseyn	1	qewseyn	qewseyn	7	SEMANTIC VALUE UNRESOLVED	INTERPRETATION UNREVIEWED
R002915	qewseyn»	1	qewseyn»	qewseyn»	8	SEMANTIC VALUE UNRESOLVED	INTERPRETATION UNREVIEWED
R002916	qeyde	1	qeyde	qeyde	5	SEMANTIC VALUE UNRESOLVED	INTERPRETATION UNREVIEWED
R002917	Qeys-1!	1	Qeys-1!	qeys-1!	7	SEMANTIC VALUE UNRESOLVED	INTERPRETATION UNREVIEWED
R002918	Qeyser	1	Qeyser	qeyser	6	SEMANTIC VALUE UNRESOLVED	INTERPRETATION UNREVIEWED
R002919	qeza	1	qeza	qeza	4	SEMANTIC VALUE UNRESOLVED	INTERPRETATION UNREVIEWED
R002920	qiblegah	1	qiblegah	qiblegah	8	SEMANTIC VALUE UNRESOLVED	INTERPRETATION UNREVIEWED
R002921	qora	2	qora	qora	4	SEMANTIC VALUE UNRESOLVED	INTERPRETATION UNREVIEWED
R002922	Qudret	1	Qudret	qudret	6	SEMANTIC VALUE UNRESOLVED	INTERPRETATION UNREVIEWED
R002923	qudreta	1	qudreta	qudreta	7	SEMANTIC VALUE UNRESOLVED	INTERPRETATION UNREVIEWED
R002924	qulube	1	qulube	qulube	6	SEMANTIC VALUE UNRESOLVED	INTERPRETATION UNREVIEWED
R002925	Qur'an	1	Qur'an	qur'an	6	SEMANTIC VALUE UNRESOLVED	INTERPRETATION UNREVIEWED
R002926	qur'an	1	qur'an	qur'an	6	SEMANTIC VALUE UNRESOLVED	INTERPRETATION UNREVIEWED
R002927	qur'aneda	1	qur'aneda	qur'aneda	9	SEMANTIC VALUE UNRESOLVED	INTERPRETATION UNREVIEWED
R002928	qur'anedaye.	1	qur'anedaye.	qur'anedaye.	12	SEMANTIC VALUE UNRESOLVED	INTERPRETATION UNREVIEWED
R002929	qur'aneve	1	qur'aneve	qur'aneve	9	SEMANTIC VALUE UNRESOLVED	INTERPRETATION UNREVIEWED
R002930	qur'ane­	1	qur'ane­	qur'ane­	8	SEMANTIC VALUE UNRESOLVED	INTERPRETATION UNREVIEWED
R002931	Qurbe	1	Qurbe	qurbe	5	SEMANTIC VALUE UNRESOLVED	INTERPRETATION UNREVIEWED
R002932	qurbe	1	qurbe	qurbe	5	SEMANTIC VALUE UNRESOLVED	INTERPRETATION UNREVIEWED
R002933	qusfı.riya	1	qusfı.riya	qusfı.riya	10	SEMANTIC VALUE UNRESOLVED	INTERPRETATION UNREVIEWED
R002934	qısme	1	qısme	qısme	5	SEMANTIC VALUE UNRESOLVED	INTERPRETATION UNREVIEWED
R002935	Ra	1	Ra	ra	2	SEMANTIC VALUE UNRESOLVED	INTERPRETATION UNREVIEWED
R002936	ra	3	ra	ra	2	SEMANTIC VALUE UNRESOLVED	INTERPRETATION UNREVIEWED
R002937	rabun	1	rabun	rabun	5	SEMANTIC VALUE UNRESOLVED	INTERPRETATION UNREVIEWED
R002938	rahebere	1	rahebere	rahebere	8	SEMANTIC VALUE UNRESOLVED	INTERPRETATION UNREVIEWED
R002939	rahmetinden,	1	rahmetinden,	rahmetinden,	12	SEMANTIC VALUE UNRESOLVED	INTERPRETATION UNREVIEWED
R002940	rahmetinin,	1	rahmetinin,	rahmetinin,	11	SEMANTIC VALUE UNRESOLVED	INTERPRETATION UNREVIEWED
R002941	rahmetti.	1	rahmetti.	rahmetti.	9	SEMANTIC VALUE UNRESOLVED	INTERPRETATION UNREVIEWED
R002942	rakipler	1	rakipler	rakipler	8	SEMANTIC VALUE UNRESOLVED	INTERPRETATION UNREVIEWED
R002943	ram	1	ram	ram	3	SEMANTIC VALUE UNRESOLVED	INTERPRETATION UNREVIEWED
R002944	ram-ı	1	ram-ı	ram-ı	5	SEMANTIC VALUE UNRESOLVED	INTERPRETATION UNREVIEWED
R002945	Ramin'i	1	Ramin'i	ramin'i	7	SEMANTIC VALUE UNRESOLVED	INTERPRETATION UNREVIEWED
R002946	rand	1	rand	rand	4	SEMANTIC VALUE UNRESOLVED	INTERPRETATION UNREVIEWED
R002947	Rarrıln	1	Rarrıln	rarrıln	7	SEMANTIC VALUE UNRESOLVED	INTERPRETATION UNREVIEWED
R002948	raste	1	raste	raste	5	SEMANTIC VALUE UNRESOLVED	INTERPRETATION UNREVIEWED
R002949	raste,	1	raste,	raste,	6	SEMANTIC VALUE UNRESOLVED	INTERPRETATION UNREVIEWED
R002950	rasteda	1	rasteda	rasteda	7	SEMANTIC VALUE UNRESOLVED	INTERPRETATION UNREVIEWED
R002951	rastiye	2	rastiye	rastiye	7	SEMANTIC VALUE UNRESOLVED	INTERPRETATION UNREVIEWED
R002952	rastiye,	1	rastiye,	rastiye,	8	SEMANTIC VALUE UNRESOLVED	INTERPRETATION UNREVIEWED
R002953	ratmazdım.»	1	ratmazdım.»	ratmazdım.»	11	SEMANTIC VALUE UNRESOLVED	INTERPRETATION UNREVIEWED
R002954	re	1	re	re	2	SEMANTIC VALUE UNRESOLVED	INTERPRETATION UNREVIEWED
R002955	re'feta	1	re'feta	re'feta	7	SEMANTIC VALUE UNRESOLVED	INTERPRETATION UNREVIEWED
R002956	rebenan,	1	rebenan,	rebenan,	8	SEMANTIC VALUE UNRESOLVED	INTERPRETATION UNREVIEWED
R002957	rebene	1	rebene	rebene	6	SEMANTIC VALUE UNRESOLVED	INTERPRETATION UNREVIEWED
R002958	red	1	red	red	3	SEMANTIC VALUE UNRESOLVED	INTERPRETATION UNREVIEWED
R002959	reda	1	reda	reda	4	SEMANTIC VALUE UNRESOLVED	INTERPRETATION UNREVIEWED
R002960	ref	2	ref	ref	3	SEMANTIC VALUE UNRESOLVED	INTERPRETATION UNREVIEWED
R002961	ref'ı	1	ref'ı	ref'ı	5	SEMANTIC VALUE UNRESOLVED	INTERPRETATION UNREVIEWED
R002962	refini	1	refini	refini	6	SEMANTIC VALUE UNRESOLVED	INTERPRETATION UNREVIEWED
R002963	Refref	1	Refref	refref	6	SEMANTIC VALUE UNRESOLVED	INTERPRETATION UNREVIEWED
R002964	rehberi	1	rehberi	rehberi	7	SEMANTIC VALUE UNRESOLVED	INTERPRETATION UNREVIEWED
R002965	rehmeta	1	rehmeta	rehmeta	7	SEMANTIC VALUE UNRESOLVED	INTERPRETATION UNREVIEWED
R002966	rehmete	1	rehmete	rehmete	7	SEMANTIC VALUE UNRESOLVED	INTERPRETATION UNREVIEWED
R002967	rejın?	1	rejın?	rejın?	6	SEMANTIC VALUE UNRESOLVED	INTERPRETATION UNREVIEWED
R002968	relımet	1	relımet	relımet	7	SEMANTIC VALUE UNRESOLVED	INTERPRETATION UNREVIEWED
R002969	ren	1	ren	ren	3	SEMANTIC VALUE UNRESOLVED	INTERPRETATION UNREVIEWED
R002970	renge	7	renge	renge	5	SEMANTIC VALUE UNRESOLVED	INTERPRETATION UNREVIEWED
R002971	rengi	1	rengi	rengi	5	SEMANTIC VALUE UNRESOLVED	INTERPRETATION UNREVIEWED
R002972	rengini,	1	rengini,	rengini,	8	SEMANTIC VALUE UNRESOLVED	INTERPRETATION UNREVIEWED
R002973	rengsefale	1	rengsefale	rengsefale	10	SEMANTIC VALUE UNRESOLVED	INTERPRETATION UNREVIEWED
R002974	reqembıl	1	reqembıl	reqembıl	8	SEMANTIC VALUE UNRESOLVED	INTERPRETATION UNREVIEWED
R002975	reqiban!	1	reqiban!	reqiban!	8	SEMANTIC VALUE UNRESOLVED	INTERPRETATION UNREVIEWED
R002976	Resfı.le	1	Resfı.le	resfı.le	8	SEMANTIC VALUE UNRESOLVED	INTERPRETATION UNREVIEWED
R002977	Resfı.le,	1	Resfı.le,	resfı.le,	9	SEMANTIC VALUE UNRESOLVED	INTERPRETATION UNREVIEWED
R002978	resirole?	1	resirole?	resirole?	9	SEMANTIC VALUE UNRESOLVED	INTERPRETATION UNREVIEWED
R002979	resmedilmişler,	1	resmedilmişler,	resmedilmişler,	15	SEMANTIC VALUE UNRESOLVED	INTERPRETATION UNREVIEWED
R002980	retle	1	retle	retle	5	SEMANTIC VALUE UNRESOLVED	INTERPRETATION UNREVIEWED
R002981	revaca	1	revaca	revaca	6	SEMANTIC VALUE UNRESOLVED	INTERPRETATION UNREVIEWED
R002982	revand	1	revand	revand	6	SEMANTIC VALUE UNRESOLVED	INTERPRETATION UNREVIEWED
R002983	revaçsız	1	revaçsız	revaçsız	8	SEMANTIC VALUE UNRESOLVED	INTERPRETATION UNREVIEWED
R002984	revaçtakiler	2	revaçtakiler	revaçtakiler	12	SEMANTIC VALUE UNRESOLVED	INTERPRETATION UNREVIEWED
R002985	rewac	2	rewac	rewac	5	SEMANTIC VALUE UNRESOLVED	INTERPRETATION UNREVIEWED
R002986	rewacan	1	rewacan	rewacan	7	SEMANTIC VALUE UNRESOLVED	INTERPRETATION UNREVIEWED
R002987	rewace?	1	rewace?	rewace?	7	SEMANTIC VALUE UNRESOLVED	INTERPRETATION UNREVIEWED
R002988	rewneq	1	rewneq	rewneq	6	SEMANTIC VALUE UNRESOLVED	INTERPRETATION UNREVIEWED
R002989	reza	1	reza	reza	4	SEMANTIC VALUE UNRESOLVED	INTERPRETATION UNREVIEWED
R002990	reze	2	reze	reze	4	SEMANTIC VALUE UNRESOLVED	INTERPRETATION UNREVIEWED
R002991	rezkırın.	1	rezkırın.	rezkırın.	9	SEMANTIC VALUE UNRESOLVED	INTERPRETATION UNREVIEWED
R002992	rezme	1	rezme	rezme	5	SEMANTIC VALUE UNRESOLVED	INTERPRETATION UNREVIEWED
R002993	Reşka	1	Reşka	reşka	5	SEMANTIC VALUE UNRESOLVED	INTERPRETATION UNREVIEWED
R002994	rfı.ye	1	rfı.ye	rfı.ye	6	SEMANTIC VALUE UNRESOLVED	INTERPRETATION UNREVIEWED
R002995	Rfım	1	Rfım	rfım	4	SEMANTIC VALUE UNRESOLVED	INTERPRETATION UNREVIEWED
R002996	rfıni,	1	rfıni,	rfıni,	6	SEMANTIC VALUE UNRESOLVED	INTERPRETATION UNREVIEWED
R002997	rfıpela	1	rfıpela	rfıpela	7	SEMANTIC VALUE UNRESOLVED	INTERPRETATION UNREVIEWED
R002998	rfıpelekida	1	rfıpelekida	rfıpelekida	11	SEMANTIC VALUE UNRESOLVED	INTERPRETATION UNREVIEWED
R002999	rfıse	1	rfıse	rfıse	5	SEMANTIC VALUE UNRESOLVED	INTERPRETATION UNREVIEWED
R003000	rfıye	1	rfıye	rfıye	5	SEMANTIC VALUE UNRESOLVED	INTERPRETATION UNREVIEWED
R003001	ri	1	ri	ri	2	SEMANTIC VALUE UNRESOLVED	INTERPRETATION UNREVIEWED
R003002	riya	1	riya	riya	4	SEMANTIC VALUE UNRESOLVED	INTERPRETATION UNREVIEWED
R003003	riyaze	1	riyaze	riyaze	6	SEMANTIC VALUE UNRESOLVED	INTERPRETATION UNREVIEWED
R003004	rlinıştına	1	rlinıştına	rlinıştına	10	SEMANTIC VALUE UNRESOLVED	INTERPRETATION UNREVIEWED
R003005	rnehebbeta	1	rnehebbeta	rnehebbeta	10	SEMANTIC VALUE UNRESOLVED	INTERPRETATION UNREVIEWED
R003006	rnekmen	1	rnekmen	rnekmen	7	SEMANTIC VALUE UNRESOLVED	INTERPRETATION UNREVIEWED
R003007	rnihre	1	rnihre	rnihre	6	SEMANTIC VALUE UNRESOLVED	INTERPRETATION UNREVIEWED
R003008	rnıkerrer!	1	rnıkerrer!	rnıkerrer!	10	SEMANTIC VALUE UNRESOLVED	INTERPRETATION UNREVIEWED
R003009	rnıqabıl!	1	rnıqabıl!	rnıqabıl!	9	SEMANTIC VALUE UNRESOLVED	INTERPRETATION UNREVIEWED
R003010	rnıs-ewwer!	1	rnıs-ewwer!	rnıs-ewwer!	11	SEMANTIC VALUE UNRESOLVED	INTERPRETATION UNREVIEWED
R003011	rnışe\vweş!	1	rnışe\vweş!	rnışe\vweş!	11	SEMANTIC VALUE UNRESOLVED	INTERPRETATION UNREVIEWED
R003012	rnışteri	1	rnışteri	rnışteri	8	SEMANTIC VALUE UNRESOLVED	INTERPRETATION UNREVIEWED
R003013	Ro	1	Ro	ro	2	SEMANTIC VALUE UNRESOLVED	INTERPRETATION UNREVIEWED
R003014	Rohelat	1	Rohelat	rohelat	7	SEMANTIC VALUE UNRESOLVED	INTERPRETATION UNREVIEWED
R003015	Rohelate	1	Rohelate	rohelate	8	SEMANTIC VALUE UNRESOLVED	INTERPRETATION UNREVIEWED
R003016	Rohelati	1	Rohelati	rohelati	8	SEMANTIC VALUE UNRESOLVED	INTERPRETATION UNREVIEWED
R003017	roja	1	roja	roja	4	SEMANTIC VALUE UNRESOLVED	INTERPRETATION UNREVIEWED
R003018	roje	1	roje	roje	4	SEMANTIC VALUE UNRESOLVED	INTERPRETATION UNREVIEWED
R003019	Rom	1	Rom	rom	3	SEMANTIC VALUE UNRESOLVED	INTERPRETATION UNREVIEWED
R003020	ROMEO	1	ROMEO	romeo	5	SEMANTIC VALUE UNRESOLVED	INTERPRETATION UNREVIEWED
R003021	ronahiye;	1	ronahiye;	ronahiye;	9	SEMANTIC VALUE UNRESOLVED	INTERPRETATION UNREVIEWED
R003022	RO­	1	RO­	ro­	3	SEMANTIC VALUE UNRESOLVED	INTERPRETATION UNREVIEWED
R003023	ruh	3	ruh	ruh	3	SEMANTIC VALUE UNRESOLVED	INTERPRETATION UNREVIEWED
R003024	ruhlada	1	ruhlada	ruhlada	7	SEMANTIC VALUE UNRESOLVED	INTERPRETATION UNREVIEWED
R003025	Ruhlar	1	Ruhlar	ruhlar	6	SEMANTIC VALUE UNRESOLVED	INTERPRETATION UNREVIEWED
R003026	Ruhlar,	1	Ruhlar,	ruhlar,	7	SEMANTIC VALUE UNRESOLVED	INTERPRETATION UNREVIEWED
R003027	rumeta	2	rumeta	rumeta	6	SEMANTIC VALUE UNRESOLVED	INTERPRETATION UNREVIEWED
R003028	Rumlardan,	1	Rumlardan,	rumlardan,	10	SEMANTIC VALUE UNRESOLVED	INTERPRETATION UNREVIEWED
R003029	rupelen	2	rupelen	rupelen	7	SEMANTIC VALUE UNRESOLVED	INTERPRETATION UNREVIEWED
R003030	Rusi	1	Rusi	rusi	4	SEMANTIC VALUE UNRESOLVED	INTERPRETATION UNREVIEWED
R003031	Rusça'ya,	1	Rusça'ya,	rusça'ya,	9	SEMANTIC VALUE UNRESOLVED	INTERPRETATION UNREVIEWED
R003032	ruz.	1	ruz.	ruz.	4	SEMANTIC VALUE UNRESOLVED	INTERPRETATION UNREVIEWED
R003033	rın.	1	rın.	rın.	4	SEMANTIC VALUE UNRESOLVED	INTERPRETATION UNREVIEWED
R003034	rıqumek	1	rıqumek	rıqumek	7	SEMANTIC VALUE UNRESOLVED	INTERPRETATION UNREVIEWED
R003035	Rıstem	1	Rıstem	rıstem	6	SEMANTIC VALUE UNRESOLVED	INTERPRETATION UNREVIEWED
R003036	rısılmek	1	rısılmek	rısılmek	8	SEMANTIC VALUE UNRESOLVED	INTERPRETATION UNREVIEWED
R003037	rızi	1	rızi	rızi	4	SEMANTIC VALUE UNRESOLVED	INTERPRETATION UNREVIEWED
R003038	rız­	1	rız­	rız­	4	SEMANTIC VALUE UNRESOLVED	INTERPRETATION UNREVIEWED
R003039	sabit	1	sabit	sabit	5	SEMANTIC VALUE UNRESOLVED	INTERPRETATION UNREVIEWED
R003040	Sabıt	1	Sabıt	sabıt	5	SEMANTIC VALUE UNRESOLVED	INTERPRETATION UNREVIEWED
R003041	Sadi,	1	Sadi,	sadi,	5	SEMANTIC VALUE UNRESOLVED	INTERPRETATION UNREVIEWED
R003042	saf-saf	1	saf-saf	saf-saf	7	SEMANTIC VALUE UNRESOLVED	INTERPRETATION UNREVIEWED
R003043	safedir.	1	safedir.	safedir.	8	SEMANTIC VALUE UNRESOLVED	INTERPRETATION UNREVIEWED
R003044	safi	1	safi	safi	4	SEMANTIC VALUE UNRESOLVED	INTERPRETATION UNREVIEWED
R003045	safta	1	safta	safta	5	SEMANTIC VALUE UNRESOLVED	INTERPRETATION UNREVIEWED
R003046	safına	1	safına	safına	6	SEMANTIC VALUE UNRESOLVED	INTERPRETATION UNREVIEWED
R003047	sahabelerin	1	sahabelerin	sahabelerin	11	SEMANTIC VALUE UNRESOLVED	INTERPRETATION UNREVIEWED
R003048	sahabelerinin	1	sahabelerinin	sahabelerinin	13	SEMANTIC VALUE UNRESOLVED	INTERPRETATION UNREVIEWED
R003049	sahabeye	1	sahabeye	sahabeye	8	SEMANTIC VALUE UNRESOLVED	INTERPRETATION UNREVIEWED
R003050	sahibi	4	sahibi	sahibi	6	SEMANTIC VALUE UNRESOLVED	INTERPRETATION UNREVIEWED
R003051	sahibisin»	1	sahibisin»	sahibisin»	10	SEMANTIC VALUE UNRESOLVED	INTERPRETATION UNREVIEWED
R003052	sahibiydi.	1	sahibiydi.	sahibiydi.	10	SEMANTIC VALUE UNRESOLVED	INTERPRETATION UNREVIEWED
R003053	sahipleri	1	sahipleri	sahipleri	9	SEMANTIC VALUE UNRESOLVED	INTERPRETATION UNREVIEWED
R003054	sahiplerinin	1	sahiplerinin	sahiplerinin	12	SEMANTIC VALUE UNRESOLVED	INTERPRETATION UNREVIEWED
R003055	sahipti.	1	sahipti.	sahipti.	8	SEMANTIC VALUE UNRESOLVED	INTERPRETATION UNREVIEWED
R003056	sahıb	2	sahıb	sahıb	5	SEMANTIC VALUE UNRESOLVED	INTERPRETATION UNREVIEWED
R003057	sahıb-in'am	1	sahıb-in'am	sahıb-in'am	11	SEMANTIC VALUE UNRESOLVED	INTERPRETATION UNREVIEWED
R003058	Saki	1	Saki	saki	4	SEMANTIC VALUE UNRESOLVED	INTERPRETATION UNREVIEWED
R003059	sakınırlar	1	sakınırlar	sakınırlar	10	SEMANTIC VALUE UNRESOLVED	INTERPRETATION UNREVIEWED
R003060	Sala	3	Sala	sala	4	SEMANTIC VALUE UNRESOLVED	INTERPRETATION UNREVIEWED
R003061	sala	3	sala	sala	4	SEMANTIC VALUE UNRESOLVED	INTERPRETATION UNREVIEWED
R003062	saliya	1	saliya	saliya	6	SEMANTIC VALUE UNRESOLVED	INTERPRETATION UNREVIEWED
R003063	salmış,	1	salmış,	salmış,	7	SEMANTIC VALUE UNRESOLVED	INTERPRETATION UNREVIEWED
R003064	San'an	1	San'an	san'an	6	SEMANTIC VALUE UNRESOLVED	INTERPRETATION UNREVIEWED
R003065	sana	3	sana	sana	4	SEMANTIC VALUE UNRESOLVED	INTERPRETATION UNREVIEWED
R003066	sana,	1	sana,	sana,	5	SEMANTIC VALUE UNRESOLVED	INTERPRETATION UNREVIEWED
R003067	sanat	1	sanat	sanat	5	SEMANTIC VALUE UNRESOLVED	INTERPRETATION UNREVIEWED
R003068	sanatı,	1	sanatı,	sanatı,	7	SEMANTIC VALUE UNRESOLVED	INTERPRETATION UNREVIEWED
R003069	sanayi'	1	sanayi'	sanayi'	7	SEMANTIC VALUE UNRESOLVED	INTERPRETATION UNREVIEWED
R003070	Sanki	2	Sanki	sanki	5	SEMANTIC VALUE UNRESOLVED	INTERPRETATION UNREVIEWED
R003071	sanırlar,	1	sanırlar,	sanırlar,	9	SEMANTIC VALUE UNRESOLVED	INTERPRETATION UNREVIEWED
R003072	saptınrsm	1	saptınrsm	saptınrsm	9	SEMANTIC VALUE UNRESOLVED	INTERPRETATION UNREVIEWED
R003073	saptırmak	1	saptırmak	saptırmak	9	SEMANTIC VALUE UNRESOLVED	INTERPRETATION UNREVIEWED
R003074	Sapıklığa	1	Sapıklığa	sapıklığa	9	SEMANTIC VALUE UNRESOLVED	INTERPRETATION UNREVIEWED
R003075	Saq1!	1	Saq1!	saq1!	5	SEMANTIC VALUE UNRESOLVED	INTERPRETATION UNREVIEWED
R003076	saray,	1	saray,	saray,	6	SEMANTIC VALUE UNRESOLVED	INTERPRETATION UNREVIEWED
R003077	saraysızdı	1	saraysızdı	saraysızdı	10	SEMANTIC VALUE UNRESOLVED	INTERPRETATION UNREVIEWED
R003078	sarhoşluklarında	1	sarhoşluklarında	sarhoşluklarında	16	SEMANTIC VALUE UNRESOLVED	INTERPRETATION UNREVIEWED
R003079	savaşından	1	savaşından	savaşından	10	SEMANTIC VALUE UNRESOLVED	INTERPRETATION UNREVIEWED
R003080	sayaca­	1	sayaca­	sayaca­	7	SEMANTIC VALUE UNRESOLVED	INTERPRETATION UNREVIEWED
R003081	saye!	1	saye!	saye!	5	SEMANTIC VALUE UNRESOLVED	INTERPRETATION UNREVIEWED
R003082	Saye:	1	Saye:	saye:	5	SEMANTIC VALUE UNRESOLVED	INTERPRETATION UNREVIEWED
R003083	sayfa	1	sayfa	sayfa	5	SEMANTIC VALUE UNRESOLVED	INTERPRETATION UNREVIEWED
R003084	sayfaları	3	sayfaları	sayfaları	9	SEMANTIC VALUE UNRESOLVED	INTERPRETATION UNREVIEWED
R003085	sayfasında	1	sayfasında	sayfasında	10	SEMANTIC VALUE UNRESOLVED	INTERPRETATION UNREVIEWED
R003086	Sayılmaları	1	Sayılmaları	sayılmaları	11	SEMANTIC VALUE UNRESOLVED	INTERPRETATION UNREVIEWED
R003087	sayılır	1	sayılır	sayılır	7	SEMANTIC VALUE UNRESOLVED	INTERPRETATION UNREVIEWED
R003088	sayılır.	1	sayılır.	sayılır.	8	SEMANTIC VALUE UNRESOLVED	INTERPRETATION UNREVIEWED
R003089	sayısının	1	sayısının	sayısının	9	SEMANTIC VALUE UNRESOLVED	INTERPRETATION UNREVIEWED
R003090	sayısız	1	sayısız	sayısız	7	SEMANTIC VALUE UNRESOLVED	INTERPRETATION UNREVIEWED
R003091	sazfımana	1	sazfımana	sazfımana	9	SEMANTIC VALUE UNRESOLVED	INTERPRETATION UNREVIEWED
R003092	sazumana	1	sazumana	sazumana	8	SEMANTIC VALUE UNRESOLVED	INTERPRETATION UNREVIEWED
R003093	Sa­	1	Sa­	sa­	3	SEMANTIC VALUE UNRESOLVED	INTERPRETATION UNREVIEWED
R003094	sağ	1	sağ	sağ	3	SEMANTIC VALUE UNRESOLVED	INTERPRETATION UNREVIEWED
R003095	se	1	se	se	2	SEMANTIC VALUE UNRESOLVED	INTERPRETATION UNREVIEWED
R003096	sebeq,	1	sebeq,	sebeq,	6	SEMANTIC VALUE UNRESOLVED	INTERPRETATION UNREVIEWED
R003097	Secda	1	Secda	secda	5	SEMANTIC VALUE UNRESOLVED	INTERPRETATION UNREVIEWED
R003098	secde	7	secde	secde	5	SEMANTIC VALUE UNRESOLVED	INTERPRETATION UNREVIEWED
R003099	secdesi	1	secdesi	secdesi	7	SEMANTIC VALUE UNRESOLVED	INTERPRETATION UNREVIEWED
R003100	Sed	2	Sed	sed	3	SEMANTIC VALUE UNRESOLVED	INTERPRETATION UNREVIEWED
R003101	sed	1	sed	sed	3	SEMANTIC VALUE UNRESOLVED	INTERPRETATION UNREVIEWED
R003102	sedagir	1	sedagir	sedagir	7	SEMANTIC VALUE UNRESOLVED	INTERPRETATION UNREVIEWED
R003103	seddekın	1	seddekın	seddekın	8	SEMANTIC VALUE UNRESOLVED	INTERPRETATION UNREVIEWED
R003104	sedef,	1	sedef,	sedef,	6	SEMANTIC VALUE UNRESOLVED	INTERPRETATION UNREVIEWED
R003105	sedefed-ı	1	sedefed-ı	sedefed-ı	9	SEMANTIC VALUE UNRESOLVED	INTERPRETATION UNREVIEWED
R003106	Sedeflerden	1	Sedeflerden	sedeflerden	11	SEMANTIC VALUE UNRESOLVED	INTERPRETATION UNREVIEWED
R003107	sedilmektedir.	1	sedilmektedir.	sedilmektedir.	14	SEMANTIC VALUE UNRESOLVED	INTERPRETATION UNREVIEWED
R003108	sedsala	1	sedsala	sedsala	7	SEMANTIC VALUE UNRESOLVED	INTERPRETATION UNREVIEWED
R003109	sefid,	1	sefid,	sefid,	6	SEMANTIC VALUE UNRESOLVED	INTERPRETATION UNREVIEWED
R003110	sehaban	1	sehaban	sehaban	7	SEMANTIC VALUE UNRESOLVED	INTERPRETATION UNREVIEWED
R003111	sehabe	1	sehabe	sehabe	6	SEMANTIC VALUE UNRESOLVED	INTERPRETATION UNREVIEWED
R003112	sehabeyed-ı	1	sehabeyed-ı	sehabeyed-ı	11	SEMANTIC VALUE UNRESOLVED	INTERPRETATION UNREVIEWED
R003113	selamdır	1	selamdır	selamdır	8	SEMANTIC VALUE UNRESOLVED	INTERPRETATION UNREVIEWED
R003114	selasıle	1	selasıle	selasıle	8	SEMANTIC VALUE UNRESOLVED	INTERPRETATION UNREVIEWED
R003115	sema,	1	sema,	sema,	5	SEMANTIC VALUE UNRESOLVED	INTERPRETATION UNREVIEWED
R003116	semabu	1	semabu	semabu	6	SEMANTIC VALUE UNRESOLVED	INTERPRETATION UNREVIEWED
R003117	Sen	4	Sen	sen	3	SEMANTIC VALUE UNRESOLVED	INTERPRETATION UNREVIEWED
R003118	sen	17	sen	sen	3	SEMANTIC VALUE UNRESOLVED	INTERPRETATION UNREVIEWED
R003119	sen!	2	sen!	sen!	4	SEMANTIC VALUE UNRESOLVED	INTERPRETATION UNREVIEWED
R003120	Sen'ani	1	Sen'ani	sen'ani	7	SEMANTIC VALUE UNRESOLVED	INTERPRETATION UNREVIEWED
R003121	sen'ete	1	sen'ete	sen'ete	7	SEMANTIC VALUE UNRESOLVED	INTERPRETATION UNREVIEWED
R003122	Sen,	1	Sen,	sen,	4	SEMANTIC VALUE UNRESOLVED	INTERPRETATION UNREVIEWED
R003123	sen,	4	sen,	sen,	4	SEMANTIC VALUE UNRESOLVED	INTERPRETATION UNREVIEWED
R003124	sen.	5	sen.	sen.	4	SEMANTIC VALUE UNRESOLVED	INTERPRETATION UNREVIEWED
R003125	Sence	1	Sence	sence	5	SEMANTIC VALUE UNRESOLVED	INTERPRETATION UNREVIEWED
R003126	Senden	2	Senden	senden	6	SEMANTIC VALUE UNRESOLVED	INTERPRETATION UNREVIEWED
R003127	senden	4	senden	senden	6	SEMANTIC VALUE UNRESOLVED	INTERPRETATION UNREVIEWED
R003128	sendin;	1	sendin;	sendin;	7	SEMANTIC VALUE UNRESOLVED	INTERPRETATION UNREVIEWED
R003129	Seni	1	Seni	seni	4	SEMANTIC VALUE UNRESOLVED	INTERPRETATION UNREVIEWED
R003130	seni	2	seni	seni	4	SEMANTIC VALUE UNRESOLVED	INTERPRETATION UNREVIEWED
R003131	seni,	1	seni,	seni,	5	SEMANTIC VALUE UNRESOLVED	INTERPRETATION UNREVIEWED
R003132	Senin	13	Senin	senin	5	SEMANTIC VALUE UNRESOLVED	INTERPRETATION UNREVIEWED
R003133	senin	17	senin	senin	5	SEMANTIC VALUE UNRESOLVED	INTERPRETATION UNREVIEWED
R003134	Seninle	2	Seninle	seninle	7	SEMANTIC VALUE UNRESOLVED	INTERPRETATION UNREVIEWED
R003135	seninledir,	1	seninledir,	seninledir,	11	SEMANTIC VALUE UNRESOLVED	INTERPRETATION UNREVIEWED
R003136	Sensin	2	Sensin	sensin	6	SEMANTIC VALUE UNRESOLVED	INTERPRETATION UNREVIEWED
R003137	sensin	1	sensin	sensin	6	SEMANTIC VALUE UNRESOLVED	INTERPRETATION UNREVIEWED
R003138	sensin!	3	sensin!	sensin!	7	SEMANTIC VALUE UNRESOLVED	INTERPRETATION UNREVIEWED
R003139	sensin,	5	sensin,	sensin,	7	SEMANTIC VALUE UNRESOLVED	INTERPRETATION UNREVIEWED
R003140	ser	4	ser	ser	3	SEMANTIC VALUE UNRESOLVED	INTERPRETATION UNREVIEWED
R003141	serapa,	1	serapa,	serapa,	7	SEMANTIC VALUE UNRESOLVED	INTERPRETATION UNREVIEWED
R003142	seraser	1	seraser	seraser	7	SEMANTIC VALUE UNRESOLVED	INTERPRETATION UNREVIEWED
R003143	serbestbuye,	1	serbestbuye,	serbestbuye,	12	SEMANTIC VALUE UNRESOLVED	INTERPRETATION UNREVIEWED
R003144	sere	7	sere	sere	4	SEMANTIC VALUE UNRESOLVED	INTERPRETATION UNREVIEWED
R003145	serencam	1	serencam	serencam	8	SEMANTIC VALUE UNRESOLVED	INTERPRETATION UNREVIEWED
R003146	serhedan	1	serhedan	serhedan	8	SEMANTIC VALUE UNRESOLVED	INTERPRETATION UNREVIEWED
R003147	serire	1	serire	serire	6	SEMANTIC VALUE UNRESOLVED	INTERPRETATION UNREVIEWED
R003148	seriırazek	1	seriırazek	seriırazek	10	SEMANTIC VALUE UNRESOLVED	INTERPRETATION UNREVIEWED
R003149	serkeş	2	serkeş	serkeş	6	SEMANTIC VALUE UNRESOLVED	INTERPRETATION UNREVIEWED
R003150	sermed	1	sermed	sermed	6	SEMANTIC VALUE UNRESOLVED	INTERPRETATION UNREVIEWED
R003151	sermiştir.	2	sermiştir.	sermiştir.	10	SEMANTIC VALUE UNRESOLVED	INTERPRETATION UNREVIEWED
R003152	Sernamee	1	Sernamee	sernamee	8	SEMANTIC VALUE UNRESOLVED	INTERPRETATION UNREVIEWED
R003153	sersemletensin.	1	sersemletensin.	sersemletensin.	15	SEMANTIC VALUE UNRESOLVED	INTERPRETATION UNREVIEWED
R003154	Serveriydi	1	Serveriydi	serveriydi	10	SEMANTIC VALUE UNRESOLVED	INTERPRETATION UNREVIEWED
R003155	Serviiere	1	Serviiere	serviiere	9	SEMANTIC VALUE UNRESOLVED	INTERPRETATION UNREVIEWED
R003156	serwan	1	serwan	serwan	6	SEMANTIC VALUE UNRESOLVED	INTERPRETATION UNREVIEWED
R003157	serwere	1	serwere	serwere	7	SEMANTIC VALUE UNRESOLVED	INTERPRETATION UNREVIEWED
R003158	sesi	1	sesi	sesi	4	SEMANTIC VALUE UNRESOLVED	INTERPRETATION UNREVIEWED
R003159	sesini	1	sesini	sesini	6	SEMANTIC VALUE UNRESOLVED	INTERPRETATION UNREVIEWED
R003160	sevda	1	sevda	sevda	5	SEMANTIC VALUE UNRESOLVED	INTERPRETATION UNREVIEWED
R003161	sevdin?	1	sevdin?	sevdin?	7	SEMANTIC VALUE UNRESOLVED	INTERPRETATION UNREVIEWED
R003162	sevgi	1	sevgi	sevgi	5	SEMANTIC VALUE UNRESOLVED	INTERPRETATION UNREVIEWED
R003163	sevgili	1	sevgili	sevgili	7	SEMANTIC VALUE UNRESOLVED	INTERPRETATION UNREVIEWED
R003164	sevgili!	1	sevgili!	sevgili!	8	SEMANTIC VALUE UNRESOLVED	INTERPRETATION UNREVIEWED
R003165	sevgililer,	1	sevgililer,	sevgililer,	11	SEMANTIC VALUE UNRESOLVED	INTERPRETATION UNREVIEWED
R003166	sevgilinin	1	sevgilinin	sevgilinin	10	SEMANTIC VALUE UNRESOLVED	INTERPRETATION UNREVIEWED
R003167	sevgilisi	1	sevgilisi	sevgilisi	9	SEMANTIC VALUE UNRESOLVED	INTERPRETATION UNREVIEWED
R003168	sevgilisi,	1	sevgilisi,	sevgilisi,	10	SEMANTIC VALUE UNRESOLVED	INTERPRETATION UNREVIEWED
R003169	sevilenler,	1	sevilenler,	sevilenler,	11	SEMANTIC VALUE UNRESOLVED	INTERPRETATION UNREVIEWED
R003170	sevinecek	2	sevinecek	sevinecek	9	SEMANTIC VALUE UNRESOLVED	INTERPRETATION UNREVIEWED
R003171	sevinçliyiz.	1	sevinçliyiz.	sevinçliyiz.	12	SEMANTIC VALUE UNRESOLVED	INTERPRETATION UNREVIEWED
R003172	seviyesindeyiz,	1	seviyesindeyiz,	seviyesindeyiz,	15	SEMANTIC VALUE UNRESOLVED	INTERPRETATION UNREVIEWED
R003173	sewabıt	1	sewabıt	sewabıt	7	SEMANTIC VALUE UNRESOLVED	INTERPRETATION UNREVIEWED
R003174	seyini	1	seyini	seyini	6	SEMANTIC VALUE UNRESOLVED	INTERPRETATION UNREVIEWED
R003175	seyqela	1	seyqela	seyqela	7	SEMANTIC VALUE UNRESOLVED	INTERPRETATION UNREVIEWED
R003176	Seyra	1	Seyra	seyra	5	SEMANTIC VALUE UNRESOLVED	INTERPRETATION UNREVIEWED
R003177	seywan	1	seywan	seywan	6	SEMANTIC VALUE UNRESOLVED	INTERPRETATION UNREVIEWED
R003178	seyyar	1	seyyar	seyyar	6	SEMANTIC VALUE UNRESOLVED	INTERPRETATION UNREVIEWED
R003179	sezawar	1	sezawar	sezawar	7	SEMANTIC VALUE UNRESOLVED	INTERPRETATION UNREVIEWED
R003180	seçkin	2	seçkin	seçkin	6	SEMANTIC VALUE UNRESOLVED	INTERPRETATION UNREVIEWED
R003181	Si.	1	Si.	si.	3	SEMANTIC VALUE UNRESOLVED	INTERPRETATION UNREVIEWED
R003182	sidaq	1	sidaq	sidaq	5	SEMANTIC VALUE UNRESOLVED	INTERPRETATION UNREVIEWED
R003183	sifatan	1	sifatan	sifatan	7	SEMANTIC VALUE UNRESOLVED	INTERPRETATION UNREVIEWED
R003184	Sihdan	1	Sihdan	sihdan	6	SEMANTIC VALUE UNRESOLVED	INTERPRETATION UNREVIEWED
R003185	sikke	1	sikke	sikke	5	SEMANTIC VALUE UNRESOLVED	INTERPRETATION UNREVIEWED
R003186	sikkeye	1	sikkeye	sikkeye	7	SEMANTIC VALUE UNRESOLVED	INTERPRETATION UNREVIEWED
R003187	sikkeyle	2	sikkeyle	sikkeyle	8	SEMANTIC VALUE UNRESOLVED	INTERPRETATION UNREVIEWED
R003188	sirate	1	sirate	sirate	6	SEMANTIC VALUE UNRESOLVED	INTERPRETATION UNREVIEWED
R003189	siteme,	1	siteme,	siteme,	7	SEMANTIC VALUE UNRESOLVED	INTERPRETATION UNREVIEWED
R003190	sitemkar	1	sitemkar	sitemkar	8	SEMANTIC VALUE UNRESOLVED	INTERPRETATION UNREVIEWED
R003191	sitemkar,	1	sitemkar,	sitemkar,	9	SEMANTIC VALUE UNRESOLVED	INTERPRETATION UNREVIEWED
R003192	sitemkaraura	1	sitemkaraura	sitemkaraura	12	SEMANTIC VALUE UNRESOLVED	INTERPRETATION UNREVIEWED
R003193	siya	1	siya	siya	4	SEMANTIC VALUE UNRESOLVED	INTERPRETATION UNREVIEWED
R003194	siyadet	1	siyadet	siyadet	7	SEMANTIC VALUE UNRESOLVED	INTERPRETATION UNREVIEWED
R003195	siyahlar	1	siyahlar	siyahlar	8	SEMANTIC VALUE UNRESOLVED	INTERPRETATION UNREVIEWED
R003196	siyasi	2	siyasi	siyasi	6	SEMANTIC VALUE UNRESOLVED	INTERPRETATION UNREVIEWED
R003197	sman	1	sman	sman	4	SEMANTIC VALUE UNRESOLVED	INTERPRETATION UNREVIEWED
R003198	sofra,	1	sofra,	sofra,	6	SEMANTIC VALUE UNRESOLVED	INTERPRETATION UNREVIEWED
R003199	sofraya	1	sofraya	sofraya	7	SEMANTIC VALUE UNRESOLVED	INTERPRETATION UNREVIEWED
R003200	Sokak,	1	Sokak,	sokak,	6	SEMANTIC VALUE UNRESOLVED	INTERPRETATION UNREVIEWED
R003201	sol,	1	sol,	sol,	4	SEMANTIC VALUE UNRESOLVED	INTERPRETATION UNREVIEWED
R003202	somut	1	somut	somut	5	SEMANTIC VALUE UNRESOLVED	INTERPRETATION UNREVIEWED
R003203	somut­	1	somut­	somut­	6	SEMANTIC VALUE UNRESOLVED	INTERPRETATION UNREVIEWED
R003204	Son	1	Son	son	3	SEMANTIC VALUE UNRESOLVED	INTERPRETATION UNREVIEWED
R003205	son	2	son	son	3	SEMANTIC VALUE UNRESOLVED	INTERPRETATION UNREVIEWED
R003206	sond	2	sond	sond	4	SEMANTIC VALUE UNRESOLVED	INTERPRETATION UNREVIEWED
R003207	sonlarında	1	sonlarında	sonlarında	10	SEMANTIC VALUE UNRESOLVED	INTERPRETATION UNREVIEWED
R003208	sonra	1	sonra	sonra	5	SEMANTIC VALUE UNRESOLVED	INTERPRETATION UNREVIEWED
R003209	sonra?	1	sonra?	sonra?	6	SEMANTIC VALUE UNRESOLVED	INTERPRETATION UNREVIEWED
R003210	sonsuz	1	sonsuz	sonsuz	6	SEMANTIC VALUE UNRESOLVED	INTERPRETATION UNREVIEWED
R003211	sonuna	1	sonuna	sonuna	6	SEMANTIC VALUE UNRESOLVED	INTERPRETATION UNREVIEWED
R003212	sonunda,	1	sonunda,	sonunda,	8	SEMANTIC VALUE UNRESOLVED	INTERPRETATION UNREVIEWED
R003213	Sorgul	1	Sorgul	sorgul	6	SEMANTIC VALUE UNRESOLVED	INTERPRETATION UNREVIEWED
R003214	sorgul!	1	sorgul!	sorgul!	7	SEMANTIC VALUE UNRESOLVED	INTERPRETATION UNREVIEWED
R003215	sosyal,	1	sosyal,	sosyal,	7	SEMANTIC VALUE UNRESOLVED	INTERPRETATION UNREVIEWED
R003216	sos­	1	sos­	sos­	4	SEMANTIC VALUE UNRESOLVED	INTERPRETATION UNREVIEWED
R003217	soz	1	soz	soz	3	SEMANTIC VALUE UNRESOLVED	INTERPRETATION UNREVIEWED
R003218	Sruubkeremek	1	Sruubkeremek	sruubkeremek	12	SEMANTIC VALUE UNRESOLVED	INTERPRETATION UNREVIEWED
R003219	Stenbol'e,	1	Stenbol'e,	stenbol'e,	10	SEMANTIC VALUE UNRESOLVED	INTERPRETATION UNREVIEWED
R003220	Sten­	1	Sten­	sten­	5	SEMANTIC VALUE UNRESOLVED	INTERPRETATION UNREVIEWED
R003221	su	4	su	su	2	SEMANTIC VALUE UNRESOLVED	INTERPRETATION UNREVIEWED
R003222	Subhaneke,	1	Subhaneke,	subhaneke,	10	SEMANTIC VALUE UNRESOLVED	INTERPRETATION UNREVIEWED
R003223	Suda	1	Suda	suda	4	SEMANTIC VALUE UNRESOLVED	INTERPRETATION UNREVIEWED
R003224	sudan	1	sudan	sudan	5	SEMANTIC VALUE UNRESOLVED	INTERPRETATION UNREVIEWED
R003225	sueda	1	sueda	sueda	5	SEMANTIC VALUE UNRESOLVED	INTERPRETATION UNREVIEWED
R003226	sun	1	sun	sun	3	SEMANTIC VALUE UNRESOLVED	INTERPRETATION UNREVIEWED
R003227	sureler	1	sureler	sureler	7	SEMANTIC VALUE UNRESOLVED	INTERPRETATION UNREVIEWED
R003228	surenin	2	surenin	surenin	7	SEMANTIC VALUE UNRESOLVED	INTERPRETATION UNREVIEWED
R003229	suresinin	1	suresinin	suresinin	9	SEMANTIC VALUE UNRESOLVED	INTERPRETATION UNREVIEWED
R003230	surete	1	surete	surete	6	SEMANTIC VALUE UNRESOLVED	INTERPRETATION UNREVIEWED
R003231	suretle	1	suretle	suretle	7	SEMANTIC VALUE UNRESOLVED	INTERPRETATION UNREVIEWED
R003232	suxennuwazek,	1	suxennuwazek,	suxennuwazek,	13	SEMANTIC VALUE UNRESOLVED	INTERPRETATION UNREVIEWED
R003233	suxra	1	suxra	suxra	5	SEMANTIC VALUE UNRESOLVED	INTERPRETATION UNREVIEWED
R003234	suçsuzluğu,	1	suçsuzluğu,	suçsuzluğu,	11	SEMANTIC VALUE UNRESOLVED	INTERPRETATION UNREVIEWED
R003235	söylediklerini	1	söylediklerini	söylediklerini	14	SEMANTIC VALUE UNRESOLVED	INTERPRETATION UNREVIEWED
R003236	söylemekten	1	söylemekten	söylemekten	11	SEMANTIC VALUE UNRESOLVED	INTERPRETATION UNREVIEWED
R003237	söylenen	1	söylenen	söylenen	8	SEMANTIC VALUE UNRESOLVED	INTERPRETATION UNREVIEWED
R003238	söylerler.	1	söylerler.	söylerler.	10	SEMANTIC VALUE UNRESOLVED	INTERPRETATION UNREVIEWED
R003239	söy­	1	söy­	söy­	4	SEMANTIC VALUE UNRESOLVED	INTERPRETATION UNREVIEWED
R003240	sözcük	1	sözcük	sözcük	6	SEMANTIC VALUE UNRESOLVED	INTERPRETATION UNREVIEWED
R003241	sözcüğüyle	1	sözcüğüyle	sözcüğüyle	10	SEMANTIC VALUE UNRESOLVED	INTERPRETATION UNREVIEWED
R003242	sözleri	1	sözleri	sözleri	7	SEMANTIC VALUE UNRESOLVED	INTERPRETATION UNREVIEWED
R003243	Sözlük	1	Sözlük	sözlük	6	SEMANTIC VALUE UNRESOLVED	INTERPRETATION UNREVIEWED
R003244	sözlüktür,	1	sözlüktür,	sözlüktür,	10	SEMANTIC VALUE UNRESOLVED	INTERPRETATION UNREVIEWED
R003245	söz­	1	söz­	söz­	4	SEMANTIC VALUE UNRESOLVED	INTERPRETATION UNREVIEWED
R003246	sözüyle	1	sözüyle	sözüyle	7	SEMANTIC VALUE UNRESOLVED	INTERPRETATION UNREVIEWED
R003247	sürede	1	sürede	sürede	6	SEMANTIC VALUE UNRESOLVED	INTERPRETATION UNREVIEWED
R003248	süreki	1	süreki	süreki	6	SEMANTIC VALUE UNRESOLVED	INTERPRETATION UNREVIEWED
R003249	sürekida	1	sürekida	sürekida	8	SEMANTIC VALUE UNRESOLVED	INTERPRETATION UNREVIEWED
R003250	süsledin.	1	süsledin.	süsledin.	9	SEMANTIC VALUE UNRESOLVED	INTERPRETATION UNREVIEWED
R003251	süslenir	1	süslenir	süslenir	8	SEMANTIC VALUE UNRESOLVED	INTERPRETATION UNREVIEWED
R003252	süz	1	süz	süz	3	SEMANTIC VALUE UNRESOLVED	INTERPRETATION UNREVIEWED
R003253	sı	1	sı	sı	2	SEMANTIC VALUE UNRESOLVED	INTERPRETATION UNREVIEWED
R003254	SıbU-yfı.	1	SıbU-yfı.	sıbu-yfı.	9	SEMANTIC VALUE UNRESOLVED	INTERPRETATION UNREVIEWED
R003255	sıfatıarına	1	sıfatıarına	sıfatıarına	11	SEMANTIC VALUE UNRESOLVED	INTERPRETATION UNREVIEWED
R003256	sıfre	1	sıfre	sıfre	5	SEMANTIC VALUE UNRESOLVED	INTERPRETATION UNREVIEWED
R003257	sılavak	1	sılavak	sılavak	7	SEMANTIC VALUE UNRESOLVED	INTERPRETATION UNREVIEWED
R003258	sınır,	1	sınır,	sınır,	6	SEMANTIC VALUE UNRESOLVED	INTERPRETATION UNREVIEWED
R003259	sıpahan	1	sıpahan	sıpahan	7	SEMANTIC VALUE UNRESOLVED	INTERPRETATION UNREVIEWED
R003260	sıra	1	sıra	sıra	4	SEMANTIC VALUE UNRESOLVED	INTERPRETATION UNREVIEWED
R003261	sızlatan,	1	sızlatan,	sızlatan,	9	SEMANTIC VALUE UNRESOLVED	INTERPRETATION UNREVIEWED
R003262	sı­	1	sı­	sı­	3	SEMANTIC VALUE UNRESOLVED	INTERPRETATION UNREVIEWED
R003263	t1	1	t1	t1	2	SEMANTIC VALUE UNRESOLVED	INTERPRETATION UNREVIEWED
R003264	Ta	1	Ta	ta	2	SEMANTIC VALUE UNRESOLVED	INTERPRETATION UNREVIEWED
R003265	ta	1	ta	ta	2	SEMANTIC VALUE UNRESOLVED	INTERPRETATION UNREVIEWED
R003266	ta!	1	ta!	ta!	3	SEMANTIC VALUE UNRESOLVED	INTERPRETATION UNREVIEWED
R003267	tabidir.	1	tabidir.	tabidir.	8	SEMANTIC VALUE UNRESOLVED	INTERPRETATION UNREVIEWED
R003268	Tabii	2	Tabii	tabii	5	SEMANTIC VALUE UNRESOLVED	INTERPRETATION UNREVIEWED
R003269	Table	1	Table	table	5	SEMANTIC VALUE UNRESOLVED	INTERPRETATION UNREVIEWED
R003270	tabıe	1	tabıe	tabıe	5	SEMANTIC VALUE UNRESOLVED	INTERPRETATION UNREVIEWED
R003271	tace	1	tace	tace	4	SEMANTIC VALUE UNRESOLVED	INTERPRETATION UNREVIEWED
R003272	tacını,	1	tacını,	tacını,	7	SEMANTIC VALUE UNRESOLVED	INTERPRETATION UNREVIEWED
R003273	taet	1	taet	taet	4	SEMANTIC VALUE UNRESOLVED	INTERPRETATION UNREVIEWED
R003274	Taha!	2	Taha!	taha!	5	SEMANTIC VALUE UNRESOLVED	INTERPRETATION UNREVIEWED
R003275	Taha:	2	Taha:	taha:	5	SEMANTIC VALUE UNRESOLVED	INTERPRETATION UNREVIEWED
R003276	tahtı	1	tahtı	tahtı	5	SEMANTIC VALUE UNRESOLVED	INTERPRETATION UNREVIEWED
R003277	tahtının	2	tahtının	tahtının	8	SEMANTIC VALUE UNRESOLVED	INTERPRETATION UNREVIEWED
R003278	taife	1	taife	taife	5	SEMANTIC VALUE UNRESOLVED	INTERPRETATION UNREVIEWED
R003279	takılıp	1	takılıp	takılıp	7	SEMANTIC VALUE UNRESOLVED	INTERPRETATION UNREVIEWED
R003280	takımıdır.	1	takımıdır.	takımıdır.	10	SEMANTIC VALUE UNRESOLVED	INTERPRETATION UNREVIEWED
R003281	talan	1	talan	talan	5	SEMANTIC VALUE UNRESOLVED	INTERPRETATION UNREVIEWED
R003282	talan!	1	talan!	talan!	6	SEMANTIC VALUE UNRESOLVED	INTERPRETATION UNREVIEWED
R003283	talihsizliğimiz,	1	talihsizliğimiz,	talihsizliğimiz,	16	SEMANTIC VALUE UNRESOLVED	INTERPRETATION UNREVIEWED
R003284	Talı'	1	Talı'	talı'	5	SEMANTIC VALUE UNRESOLVED	INTERPRETATION UNREVIEWED
R003285	tamamı	2	tamamı	tamamı	6	SEMANTIC VALUE UNRESOLVED	INTERPRETATION UNREVIEWED
R003286	Tan	1	Tan	tan	3	SEMANTIC VALUE UNRESOLVED	INTERPRETATION UNREVIEWED
R003287	Tanrıdan	1	Tanrıdan	tanrıdan	8	SEMANTIC VALUE UNRESOLVED	INTERPRETATION UNREVIEWED
R003288	tanıtmaktır.	1	tanıtmaktır.	tanıtmaktır.	12	SEMANTIC VALUE UNRESOLVED	INTERPRETATION UNREVIEWED
R003289	Tapınaklarını	1	Tapınaklarını	tapınaklarını	13	SEMANTIC VALUE UNRESOLVED	INTERPRETATION UNREVIEWED
R003290	tapınılan	1	tapınılan	tapınılan	9	SEMANTIC VALUE UNRESOLVED	INTERPRETATION UNREVIEWED
R003291	tarafa	1	tarafa	tarafa	6	SEMANTIC VALUE UNRESOLVED	INTERPRETATION UNREVIEWED
R003292	tardettin	1	tardettin	tardettin	9	SEMANTIC VALUE UNRESOLVED	INTERPRETATION UNREVIEWED
R003293	tari	2	tari	tari	4	SEMANTIC VALUE UNRESOLVED	INTERPRETATION UNREVIEWED
R003294	tarihi	2	tarihi	tarihi	6	SEMANTIC VALUE UNRESOLVED	INTERPRETATION UNREVIEWED
R003295	tarihte	1	tarihte	tarihte	7	SEMANTIC VALUE UNRESOLVED	INTERPRETATION UNREVIEWED
R003296	Tarixa	1	Tarixa	tarixa	6	SEMANTIC VALUE UNRESOLVED	INTERPRETATION UNREVIEWED
R003297	tarixa	1	tarixa	tarixa	6	SEMANTIC VALUE UNRESOLVED	INTERPRETATION UNREVIEWED
R003298	tariüye	1	tariüye	tariüye	7	SEMANTIC VALUE UNRESOLVED	INTERPRETATION UNREVIEWED
R003299	tartışıp	1	tartışıp	tartışıp	8	SEMANTIC VALUE UNRESOLVED	INTERPRETATION UNREVIEWED
R003300	tasvir	1	tasvir	tasvir	6	SEMANTIC VALUE UNRESOLVED	INTERPRETATION UNREVIEWED
R003301	Tatar	1	Tatar	tatar	5	SEMANTIC VALUE UNRESOLVED	INTERPRETATION UNREVIEWED
R003302	Tatarlardan,	1	Tatarlardan,	tatarlardan,	12	SEMANTIC VALUE UNRESOLVED	INTERPRETATION UNREVIEWED
R003303	tave	1	tave	tave	4	SEMANTIC VALUE UNRESOLVED	INTERPRETATION UNREVIEWED
R003304	tazim,	1	tazim,	tazim,	6	SEMANTIC VALUE UNRESOLVED	INTERPRETATION UNREVIEWED
R003305	ta­	1	ta­	ta­	3	SEMANTIC VALUE UNRESOLVED	INTERPRETATION UNREVIEWED
R003306	taşımıyoruz	1	taşımıyoruz	taşımıyoruz	11	SEMANTIC VALUE UNRESOLVED	INTERPRETATION UNREVIEWED
R003307	Te	1	Te	te	2	SEMANTIC VALUE UNRESOLVED	INTERPRETATION UNREVIEWED
R003308	te	83	te	te	2	SEMANTIC VALUE UNRESOLVED	INTERPRETATION UNREVIEWED
R003309	Te'dad	1	Te'dad	te'dad	6	SEMANTIC VALUE UNRESOLVED	INTERPRETATION UNREVIEWED
R003310	te,	4	te,	te,	3	SEMANTIC VALUE UNRESOLVED	INTERPRETATION UNREVIEWED
R003311	te:	1	te:	te:	3	SEMANTIC VALUE UNRESOLVED	INTERPRETATION UNREVIEWED
R003312	te;	1	te;	te;	3	SEMANTIC VALUE UNRESOLVED	INTERPRETATION UNREVIEWED
R003313	teba	1	teba	teba	4	SEMANTIC VALUE UNRESOLVED	INTERPRETATION UNREVIEWED
R003314	tebarek	1	tebarek	tebarek	7	SEMANTIC VALUE UNRESOLVED	INTERPRETATION UNREVIEWED
R003315	tebarekellah!	1	tebarekellah!	tebarekellah!	13	SEMANTIC VALUE UNRESOLVED	INTERPRETATION UNREVIEWED
R003316	tebfı	1	tebfı	tebfı	5	SEMANTIC VALUE UNRESOLVED	INTERPRETATION UNREVIEWED
R003317	tebl	1	tebl	tebl	4	SEMANTIC VALUE UNRESOLVED	INTERPRETATION UNREVIEWED
R003318	tecezzi-yfı	1	tecezzi-yfı	tecezzi-yfı	11	SEMANTIC VALUE UNRESOLVED	INTERPRETATION UNREVIEWED
R003319	tecta	1	tecta	tecta	5	SEMANTIC VALUE UNRESOLVED	INTERPRETATION UNREVIEWED
R003320	teda	1	teda	teda	4	SEMANTIC VALUE UNRESOLVED	INTERPRETATION UNREVIEWED
R003321	teeddud	1	teeddud	teeddud	7	SEMANTIC VALUE UNRESOLVED	INTERPRETATION UNREVIEWED
R003322	teferru'	1	teferru'	teferru'	8	SEMANTIC VALUE UNRESOLVED	INTERPRETATION UNREVIEWED
R003323	tefriq	1	tefriq	tefriq	6	SEMANTIC VALUE UNRESOLVED	INTERPRETATION UNREVIEWED
R003324	tek	7	tek	tek	3	SEMANTIC VALUE UNRESOLVED	INTERPRETATION UNREVIEWED
R003325	Teklif-ı	1	Teklif-ı	teklif-ı	8	SEMANTIC VALUE UNRESOLVED	INTERPRETATION UNREVIEWED
R003326	Tekra	1	Tekra	tekra	5	SEMANTIC VALUE UNRESOLVED	INTERPRETATION UNREVIEWED
R003327	tekrim,	1	tekrim,	tekrim,	7	SEMANTIC VALUE UNRESOLVED	INTERPRETATION UNREVIEWED
R003328	Tekrim:	1	Tekrim:	tekrim:	7	SEMANTIC VALUE UNRESOLVED	INTERPRETATION UNREVIEWED
R003329	Tel.:	1	Tel.:	tel.:	5	SEMANTIC VALUE UNRESOLVED	INTERPRETATION UNREVIEWED
R003330	teleb	1	teleb	teleb	5	SEMANTIC VALUE UNRESOLVED	INTERPRETATION UNREVIEWED
R003331	teleskop	1	teleskop	teleskop	8	SEMANTIC VALUE UNRESOLVED	INTERPRETATION UNREVIEWED
R003332	Telesqop'e	1	Telesqop'e	telesqop'e	10	SEMANTIC VALUE UNRESOLVED	INTERPRETATION UNREVIEWED
R003333	Temam)	1	Temam)	temam)	6	SEMANTIC VALUE UNRESOLVED	INTERPRETATION UNREVIEWED
R003334	temekkun	1	temekkun	temekkun	8	SEMANTIC VALUE UNRESOLVED	INTERPRETATION UNREVIEWED
R003335	temettu'	1	temettu'	temettu'	8	SEMANTIC VALUE UNRESOLVED	INTERPRETATION UNREVIEWED
R003336	temiz	1	temiz	temiz	5	SEMANTIC VALUE UNRESOLVED	INTERPRETATION UNREVIEWED
R003337	temizın	1	temizın	temizın	7	SEMANTIC VALUE UNRESOLVED	INTERPRETATION UNREVIEWED
R003338	ten	2	ten	ten	3	SEMANTIC VALUE UNRESOLVED	INTERPRETATION UNREVIEWED
R003339	tenbeller,	1	tenbeller,	tenbeller,	10	SEMANTIC VALUE UNRESOLVED	INTERPRETATION UNREVIEWED
R003340	tene	2	tene	tene	4	SEMANTIC VALUE UNRESOLVED	INTERPRETATION UNREVIEWED
R003341	Tenha	1	Tenha	tenha	5	SEMANTIC VALUE UNRESOLVED	INTERPRETATION UNREVIEWED
R003342	tenzil	1	tenzil	tenzil	6	SEMANTIC VALUE UNRESOLVED	INTERPRETATION UNREVIEWED
R003343	teqbih	1	teqbih	teqbih	6	SEMANTIC VALUE UNRESOLVED	INTERPRETATION UNREVIEWED
R003344	teqdis	1	teqdis	teqdis	6	SEMANTIC VALUE UNRESOLVED	INTERPRETATION UNREVIEWED
R003345	tera	6	tera	tera	4	SEMANTIC VALUE UNRESOLVED	INTERPRETATION UNREVIEWED
R003346	terefan	1	terefan	terefan	7	SEMANTIC VALUE UNRESOLVED	INTERPRETATION UNREVIEWED
R003347	terew»	1	terew»	terew»	6	SEMANTIC VALUE UNRESOLVED	INTERPRETATION UNREVIEWED
R003348	terew»:	1	terew»:	terew»:	7	SEMANTIC VALUE UNRESOLVED	INTERPRETATION UNREVIEWED
R003349	Tertib-I	1	Tertib-I	tertib-i	8	SEMANTIC VALUE UNRESOLVED	INTERPRETATION UNREVIEWED
R003350	terzeki	1	terzeki	terzeki	7	SEMANTIC VALUE UNRESOLVED	INTERPRETATION UNREVIEWED
R003351	teselli	2	teselli	teselli	7	SEMANTIC VALUE UNRESOLVED	INTERPRETATION UNREVIEWED
R003352	teswir	1	teswir	teswir	6	SEMANTIC VALUE UNRESOLVED	INTERPRETATION UNREVIEWED
R003353	Tesxir-ı	2	Tesxir-ı	tesxir-ı	8	SEMANTIC VALUE UNRESOLVED	INTERPRETATION UNREVIEWED
R003354	tev	3	tev	tev	3	SEMANTIC VALUE UNRESOLVED	INTERPRETATION UNREVIEWED
R003355	tev,	1	tev,	tev,	4	SEMANTIC VALUE UNRESOLVED	INTERPRETATION UNREVIEWED
R003356	tevger	1	tevger	tevger	6	SEMANTIC VALUE UNRESOLVED	INTERPRETATION UNREVIEWED
R003357	tevra	1	tevra	tevra	5	SEMANTIC VALUE UNRESOLVED	INTERPRETATION UNREVIEWED
R003358	Tevrat'ı	1	Tevrat'ı	tevrat'ı	8	SEMANTIC VALUE UNRESOLVED	INTERPRETATION UNREVIEWED
R003359	Tewana	1	Tewana	tewana	6	SEMANTIC VALUE UNRESOLVED	INTERPRETATION UNREVIEWED
R003360	tewettun	1	tewettun	tewettun	8	SEMANTIC VALUE UNRESOLVED	INTERPRETATION UNREVIEWED
R003361	tewfiq:	1	tewfiq:	tewfiq:	7	SEMANTIC VALUE UNRESOLVED	INTERPRETATION UNREVIEWED
R003362	tewkırın.	1	tewkırın.	tewkırın.	9	SEMANTIC VALUE UNRESOLVED	INTERPRETATION UNREVIEWED
R003363	Tewrate	1	Tewrate	tewrate	7	SEMANTIC VALUE UNRESOLVED	INTERPRETATION UNREVIEWED
R003364	texteke	1	texteke	texteke	7	SEMANTIC VALUE UNRESOLVED	INTERPRETATION UNREVIEWED
R003365	teye	8	teye	teye	4	SEMANTIC VALUE UNRESOLVED	INTERPRETATION UNREVIEWED
R003366	teye,	1	teye,	teye,	5	SEMANTIC VALUE UNRESOLVED	INTERPRETATION UNREVIEWED
R003367	teye.	1	teye.	teye.	5	SEMANTIC VALUE UNRESOLVED	INTERPRETATION UNREVIEWED
R003368	Teyran	1	Teyran	teyran	6	SEMANTIC VALUE UNRESOLVED	INTERPRETATION UNREVIEWED
R003369	tezerwan	1	tezerwan	tezerwan	8	SEMANTIC VALUE UNRESOLVED	INTERPRETATION UNREVIEWED
R003370	Tezwic-ı	1	Tezwic-ı	tezwic-ı	8	SEMANTIC VALUE UNRESOLVED	INTERPRETATION UNREVIEWED
R003371	te­	1	te­	te­	3	SEMANTIC VALUE UNRESOLVED	INTERPRETATION UNREVIEWED
R003372	teşa»	1	teşa»	teşa»	5	SEMANTIC VALUE UNRESOLVED	INTERPRETATION UNREVIEWED
R003373	Teşrife	1	Teşrife	teşrife	7	SEMANTIC VALUE UNRESOLVED	INTERPRETATION UNREVIEWED
R003374	Tfiti'lerin	1	Tfiti'lerin	tfiti'lerin	11	SEMANTIC VALUE UNRESOLVED	INTERPRETATION UNREVIEWED
R003375	Tfıti'lerin	1	Tfıti'lerin	tfıti'lerin	11	SEMANTIC VALUE UNRESOLVED	INTERPRETATION UNREVIEWED
R003376	tfıtiyan	1	tfıtiyan	tfıtiyan	8	SEMANTIC VALUE UNRESOLVED	INTERPRETATION UNREVIEWED
R003377	Thsan	1	Thsan	thsan	5	SEMANTIC VALUE UNRESOLVED	INTERPRETATION UNREVIEWED
R003378	tikoşin	1	tikoşin	tikoşin	7	SEMANTIC VALUE UNRESOLVED	INTERPRETATION UNREVIEWED
R003379	tin	1	tin	tin	3	SEMANTIC VALUE UNRESOLVED	INTERPRETATION UNREVIEWED
R003380	Tinane	1	Tinane	tinane	6	SEMANTIC VALUE UNRESOLVED	INTERPRETATION UNREVIEWED
R003381	tinbu	1	tinbu	tinbu	5	SEMANTIC VALUE UNRESOLVED	INTERPRETATION UNREVIEWED
R003382	tir;	1	tir;	tir;	4	SEMANTIC VALUE UNRESOLVED	INTERPRETATION UNREVIEWED
R003383	tire	1	tire	tire	4	SEMANTIC VALUE UNRESOLVED	INTERPRETATION UNREVIEWED
R003384	tiye	2	tiye	tiye	4	SEMANTIC VALUE UNRESOLVED	INTERPRETATION UNREVIEWED
R003385	tlye	1	tlye	tlye	4	SEMANTIC VALUE UNRESOLVED	INTERPRETATION UNREVIEWED
R003386	toplayarak;	1	toplayarak;	toplayarak;	11	SEMANTIC VALUE UNRESOLVED	INTERPRETATION UNREVIEWED
R003387	toplu	1	toplu	toplu	5	SEMANTIC VALUE UNRESOLVED	INTERPRETATION UNREVIEWED
R003388	toprak	1	toprak	toprak	6	SEMANTIC VALUE UNRESOLVED	INTERPRETATION UNREVIEWED
R003389	Toprak,	1	Toprak,	toprak,	7	SEMANTIC VALUE UNRESOLVED	INTERPRETATION UNREVIEWED
R003390	toprak,	1	toprak,	toprak,	7	SEMANTIC VALUE UNRESOLVED	INTERPRETATION UNREVIEWED
R003391	tr	1	tr	tr	2	SEMANTIC VALUE UNRESOLVED	INTERPRETATION UNREVIEWED
R003392	Tu	2	Tu	tu	2	SEMANTIC VALUE UNRESOLVED	INTERPRETATION UNREVIEWED
R003393	tu	23	tu	tu	2	SEMANTIC VALUE UNRESOLVED	INTERPRETATION UNREVIEWED
R003394	tu'wi,	2	tu'wi,	tu'wi,	6	SEMANTIC VALUE UNRESOLVED	INTERPRETATION UNREVIEWED
R003395	tunne.	1	tunne.	tunne.	6	SEMANTIC VALUE UNRESOLVED	INTERPRETATION UNREVIEWED
R003396	tunney!ye	1	tunney!ye	tunney!ye	9	SEMANTIC VALUE UNRESOLVED	INTERPRETATION UNREVIEWED
R003397	tun­	1	tun­	tun­	4	SEMANTIC VALUE UNRESOLVED	INTERPRETATION UNREVIEWED
R003398	Turfandası)	1	Turfandası)	turfandası)	11	SEMANTIC VALUE UNRESOLVED	INTERPRETATION UNREVIEWED
R003399	tutan	1	tutan	tutan	5	SEMANTIC VALUE UNRESOLVED	INTERPRETATION UNREVIEWED
R003400	Tuti	1	Tuti	tuti	4	SEMANTIC VALUE UNRESOLVED	INTERPRETATION UNREVIEWED
R003401	tuttu	1	tuttu	tuttu	5	SEMANTIC VALUE UNRESOLVED	INTERPRETATION UNREVIEWED
R003402	tuzak	2	tuzak	tuzak	5	SEMANTIC VALUE UNRESOLVED	INTERPRETATION UNREVIEWED
R003403	Tîpên	1	Tîpên	tîpên	5	SEMANTIC VALUE UNRESOLVED	INTERPRETATION UNREVIEWED
R003404	tüjdaye,	1	tüjdaye,	tüjdaye,	8	SEMANTIC VALUE UNRESOLVED	INTERPRETATION UNREVIEWED
R003405	Tüm	1	Tüm	tüm	3	SEMANTIC VALUE UNRESOLVED	INTERPRETATION UNREVIEWED
R003406	tüm	7	tüm	tüm	3	SEMANTIC VALUE UNRESOLVED	INTERPRETATION UNREVIEWED
R003407	Türbesi	1	Türbesi	türbesi	7	SEMANTIC VALUE UNRESOLVED	INTERPRETATION UNREVIEWED
R003408	türde	1	türde	türde	5	SEMANTIC VALUE UNRESOLVED	INTERPRETATION UNREVIEWED
R003409	Türkçe	7	Türkçe	türkçe	6	SEMANTIC VALUE UNRESOLVED	INTERPRETATION UNREVIEWED
R003410	Türkçe'ye	2	Türkçe'ye	türkçe'ye	9	SEMANTIC VALUE UNRESOLVED	INTERPRETATION UNREVIEWED
R003411	Türkçe'yi,	1	Türkçe'yi,	türkçe'yi,	10	SEMANTIC VALUE UNRESOLVED	INTERPRETATION UNREVIEWED
R003412	Türkçeye	1	Türkçeye	türkçeye	8	SEMANTIC VALUE UNRESOLVED	INTERPRETATION UNREVIEWED
R003413	tılisme	2	tılisme	tılisme	7	SEMANTIC VALUE UNRESOLVED	INTERPRETATION UNREVIEWED
R003414	tılsımındır	1	tılsımındır	tılsımındır	11	SEMANTIC VALUE UNRESOLVED	INTERPRETATION UNREVIEWED
R003415	tılsımının	1	tılsımının	tılsımının	10	SEMANTIC VALUE UNRESOLVED	INTERPRETATION UNREVIEWED
R003416	Tım	1	Tım	tım	3	SEMANTIC VALUE UNRESOLVED	INTERPRETATION UNREVIEWED
R003417	tım	1	tım	tım	3	SEMANTIC VALUE UNRESOLVED	INTERPRETATION UNREVIEWED
R003418	tımzındi	1	tımzındi	tımzındi	8	SEMANTIC VALUE UNRESOLVED	INTERPRETATION UNREVIEWED
R003419	tın	1	tın	tın	3	SEMANTIC VALUE UNRESOLVED	INTERPRETATION UNREVIEWED
R003420	tın.	2	tın.	tın.	4	SEMANTIC VALUE UNRESOLVED	INTERPRETATION UNREVIEWED
R003421	tır.	1	tır.	tır.	4	SEMANTIC VALUE UNRESOLVED	INTERPRETATION UNREVIEWED
R003422	Tırki	7	Tırki	tırki	5	SEMANTIC VALUE UNRESOLVED	INTERPRETATION UNREVIEWED
R003423	Tırki,	1	Tırki,	tırki,	6	SEMANTIC VALUE UNRESOLVED	INTERPRETATION UNREVIEWED
R003424	Tırki.	1	Tırki.	tırki.	6	SEMANTIC VALUE UNRESOLVED	INTERPRETATION UNREVIEWED
R003425	Tır­	2	Tır­	tır­	4	SEMANTIC VALUE UNRESOLVED	INTERPRETATION UNREVIEWED
R003426	tıştan	2	tıştan	tıştan	6	SEMANTIC VALUE UNRESOLVED	INTERPRETATION UNREVIEWED
R003427	tışte	1	tışte	tışte	5	SEMANTIC VALUE UNRESOLVED	INTERPRETATION UNREVIEWED
R003428	tışteki	1	tışteki	tışteki	7	SEMANTIC VALUE UNRESOLVED	INTERPRETATION UNREVIEWED
R003429	tışten	2	tışten	tışten	6	SEMANTIC VALUE UNRESOLVED	INTERPRETATION UNREVIEWED
R003430	tńnınmıştır.	1	tńnınmıştır.	tńnınmıştır.	12	SEMANTIC VALUE UNRESOLVED	INTERPRETATION UNREVIEWED
R003431	tşten	1	tşten	tşten	5	SEMANTIC VALUE UNRESOLVED	INTERPRETATION UNREVIEWED
R003432	U	1	U	u	1	SEMANTIC VALUE UNRESOLVED	INTERPRETATION UNREVIEWED
R003433	u	81	u	u	1	SEMANTIC VALUE UNRESOLVED	INTERPRETATION UNREVIEWED
R003434	ucuna	1	ucuna	ucuna	5	SEMANTIC VALUE UNRESOLVED	INTERPRETATION UNREVIEWED
R003435	ufku	1	ufku	ufku	4	SEMANTIC VALUE UNRESOLVED	INTERPRETATION UNREVIEWED
R003436	ufku.	1	ufku.	ufku.	5	SEMANTIC VALUE UNRESOLVED	INTERPRETATION UNREVIEWED
R003437	ulaştırdın	1	ulaştırdın	ulaştırdın	10	SEMANTIC VALUE UNRESOLVED	INTERPRETATION UNREVIEWED
R003438	Umer	1	Umer	umer	4	SEMANTIC VALUE UNRESOLVED	INTERPRETATION UNREVIEWED
R003439	umidewarın	1	umidewarın	umidewarın	10	SEMANTIC VALUE UNRESOLVED	INTERPRETATION UNREVIEWED
R003440	ummetini	1	ummetini	ummetini	8	SEMANTIC VALUE UNRESOLVED	INTERPRETATION UNREVIEWED
R003441	umre	2	umre	umre	4	SEMANTIC VALUE UNRESOLVED	INTERPRETATION UNREVIEWED
R003442	umutludurlar.	1	umutludurlar.	umutludurlar.	13	SEMANTIC VALUE UNRESOLVED	INTERPRETATION UNREVIEWED
R003443	unsurları,	1	unsurları,	unsurları,	10	SEMANTIC VALUE UNRESOLVED	INTERPRETATION UNREVIEWED
R003444	unuttu	1	unuttu	unuttu	6	SEMANTIC VALUE UNRESOLVED	INTERPRETATION UNREVIEWED
R003445	urometa	1	urometa	urometa	7	SEMANTIC VALUE UNRESOLVED	INTERPRETATION UNREVIEWED
R003446	usatan	1	usatan	usatan	6	SEMANTIC VALUE UNRESOLVED	INTERPRETATION UNREVIEWED
R003447	usta	1	usta	usta	4	SEMANTIC VALUE UNRESOLVED	INTERPRETATION UNREVIEWED
R003448	uyanıversin,	1	uyanıversin,	uyanıversin,	12	SEMANTIC VALUE UNRESOLVED	INTERPRETATION UNREVIEWED
R003449	uygun	1	uygun	uygun	5	SEMANTIC VALUE UNRESOLVED	INTERPRETATION UNREVIEWED
R003450	uykudan	1	uykudan	uykudan	7	SEMANTIC VALUE UNRESOLVED	INTERPRETATION UNREVIEWED
R003451	uymamış	1	uymamış	uymamış	7	SEMANTIC VALUE UNRESOLVED	INTERPRETATION UNREVIEWED
R003452	uzak	1	uzak	uzak	4	SEMANTIC VALUE UNRESOLVED	INTERPRETATION UNREVIEWED
R003453	uzak,	1	uzak,	uzak,	5	SEMANTIC VALUE UNRESOLVED	INTERPRETATION UNREVIEWED
R003454	uzak.	1	uzak.	uzak.	5	SEMANTIC VALUE UNRESOLVED	INTERPRETATION UNREVIEWED
R003455	Uzaktır	1	Uzaktır	uzaktır	7	SEMANTIC VALUE UNRESOLVED	INTERPRETATION UNREVIEWED
R003456	uzun	1	uzun	uzun	4	SEMANTIC VALUE UNRESOLVED	INTERPRETATION UNREVIEWED
R003457	uğrayanların	1	uğrayanların	uğrayanların	12	SEMANTIC VALUE UNRESOLVED	INTERPRETATION UNREVIEWED
R003458	V	7	V	v	1	SEMANTIC VALUE UNRESOLVED	INTERPRETATION UNREVIEWED
R003459	Vahiyle	1	Vahiyle	vahiyle	7	SEMANTIC VALUE UNRESOLVED	INTERPRETATION UNREVIEWED
R003460	vahiylerin	1	vahiylerin	vahiylerin	10	SEMANTIC VALUE UNRESOLVED	INTERPRETATION UNREVIEWED
R003461	Vallahi	1	Vallahi	vallahi	7	SEMANTIC VALUE UNRESOLVED	INTERPRETATION UNREVIEWED
R003462	Valığı	1	Valığı	valığı	6	SEMANTIC VALUE UNRESOLVED	INTERPRETATION UNREVIEWED
R003463	Vamık'ı	1	Vamık'ı	vamık'ı	7	SEMANTIC VALUE UNRESOLVED	INTERPRETATION UNREVIEWED
R003464	van	6	van	van	3	SEMANTIC VALUE UNRESOLVED	INTERPRETATION UNREVIEWED
R003465	van.	1	van.	van.	4	SEMANTIC VALUE UNRESOLVED	INTERPRETATION UNREVIEWED
R003466	vana	5	vana	vana	4	SEMANTIC VALUE UNRESOLVED	INTERPRETATION UNREVIEWED
R003467	var	7	var	var	3	SEMANTIC VALUE UNRESOLVED	INTERPRETATION UNREVIEWED
R003468	var.»	1	var.»	var.»	5	SEMANTIC VALUE UNRESOLVED	INTERPRETATION UNREVIEWED
R003469	var9a,	1	var9a,	var9a,	6	SEMANTIC VALUE UNRESOLVED	INTERPRETATION UNREVIEWED
R003470	vardı.	3	vardı.	vardı.	6	SEMANTIC VALUE UNRESOLVED	INTERPRETATION UNREVIEWED
R003471	vardın	1	vardın	vardın	6	SEMANTIC VALUE UNRESOLVED	INTERPRETATION UNREVIEWED
R003472	vardır.	1	vardır.	vardır.	7	SEMANTIC VALUE UNRESOLVED	INTERPRETATION UNREVIEWED
R003473	varlıklar	1	varlıklar	varlıklar	9	SEMANTIC VALUE UNRESOLVED	INTERPRETATION UNREVIEWED
R003474	Varlıklar,	1	Varlıklar,	varlıklar,	10	SEMANTIC VALUE UNRESOLVED	INTERPRETATION UNREVIEWED
R003475	varlıklar,	1	varlıklar,	varlıklar,	10	SEMANTIC VALUE UNRESOLVED	INTERPRETATION UNREVIEWED
R003476	Varlığa	1	Varlığa	varlığa	7	SEMANTIC VALUE UNRESOLVED	INTERPRETATION UNREVIEWED
R003477	varlığa	1	varlığa	varlığa	7	SEMANTIC VALUE UNRESOLVED	INTERPRETATION UNREVIEWED
R003478	Varlığı	2	Varlığı	varlığı	7	SEMANTIC VALUE UNRESOLVED	INTERPRETATION UNREVIEWED
R003479	varlığı	4	varlığı	varlığı	7	SEMANTIC VALUE UNRESOLVED	INTERPRETATION UNREVIEWED
R003480	varlığına	1	varlığına	varlığına	9	SEMANTIC VALUE UNRESOLVED	INTERPRETATION UNREVIEWED
R003481	varlığından	1	varlığından	varlığından	11	SEMANTIC VALUE UNRESOLVED	INTERPRETATION UNREVIEWED
R003482	varsa.	1	varsa.	varsa.	6	SEMANTIC VALUE UNRESOLVED	INTERPRETATION UNREVIEWED
R003483	VE	2	VE	ve	2	SEMANTIC VALUE UNRESOLVED	INTERPRETATION UNREVIEWED
R003484	Ve	11	Ve	ve	2	SEMANTIC VALUE UNRESOLVED	INTERPRETATION UNREVIEWED
R003485	ve	140	ve	ve	2	SEMANTIC VALUE UNRESOLVED	INTERPRETATION UNREVIEWED
R003486	vefat	2	vefat	vefat	5	SEMANTIC VALUE UNRESOLVED	INTERPRETATION UNREVIEWED
R003487	vekil	1	vekil	vekil	5	SEMANTIC VALUE UNRESOLVED	INTERPRETATION UNREVIEWED
R003488	Vekra	2	Vekra	vekra	5	SEMANTIC VALUE UNRESOLVED	INTERPRETATION UNREVIEWED
R003489	ven	1	ven	ven	3	SEMANTIC VALUE UNRESOLVED	INTERPRETATION UNREVIEWED
R003490	ver!	1	ver!	ver!	4	SEMANTIC VALUE UNRESOLVED	INTERPRETATION UNREVIEWED
R003491	Vera	1	Vera	vera	4	SEMANTIC VALUE UNRESOLVED	INTERPRETATION UNREVIEWED
R003492	verdi	1	verdi	verdi	5	SEMANTIC VALUE UNRESOLVED	INTERPRETATION UNREVIEWED
R003493	verdin	2	verdin	verdin	6	SEMANTIC VALUE UNRESOLVED	INTERPRETATION UNREVIEWED
R003494	verdiğin	2	verdiğin	verdiğin	8	SEMANTIC VALUE UNRESOLVED	INTERPRETATION UNREVIEWED
R003495	veren	3	veren	veren	5	SEMANTIC VALUE UNRESOLVED	INTERPRETATION UNREVIEWED
R003496	veriyor	1	veriyor	veriyor	7	SEMANTIC VALUE UNRESOLVED	INTERPRETATION UNREVIEWED
R003497	veriyorum	1	veriyorum	veriyorum	9	SEMANTIC VALUE UNRESOLVED	INTERPRETATION UNREVIEWED
R003498	vermişlin	1	vermişlin	vermişlin	9	SEMANTIC VALUE UNRESOLVED	INTERPRETATION UNREVIEWED
R003499	veyada	1	veyada	veyada	6	SEMANTIC VALUE UNRESOLVED	INTERPRETATION UNREVIEWED
R003500	Veysi'ye	1	Veysi'ye	veysi'ye	8	SEMANTIC VALUE UNRESOLVED	INTERPRETATION UNREVIEWED
R003501	vezir	1	vezir	vezir	5	SEMANTIC VALUE UNRESOLVED	INTERPRETATION UNREVIEWED
R003502	vi	4	vi	vi	2	SEMANTIC VALUE UNRESOLVED	INTERPRETATION UNREVIEWED
R003503	vi,	3	vi,	vi,	3	SEMANTIC VALUE UNRESOLVED	INTERPRETATION UNREVIEWED
R003504	virdik.	1	virdik.	virdik.	7	SEMANTIC VALUE UNRESOLVED	INTERPRETATION UNREVIEWED
R003505	visi.	1	visi.	visi.	5	SEMANTIC VALUE UNRESOLVED	INTERPRETATION UNREVIEWED
R003506	vurmuş;	1	vurmuş;	vurmuş;	7	SEMANTIC VALUE UNRESOLVED	INTERPRETATION UNREVIEWED
R003507	vücut,	1	vücut,	vücut,	6	SEMANTIC VALUE UNRESOLVED	INTERPRETATION UNREVIEWED
R003508	vır	1	vır	vır	3	SEMANTIC VALUE UNRESOLVED	INTERPRETATION UNREVIEWED
R003509	W	2	W	w	1	SEMANTIC VALUE UNRESOLVED	INTERPRETATION UNREVIEWED
R003510	w	5	w	w	1	SEMANTIC VALUE UNRESOLVED	INTERPRETATION UNREVIEWED
R003511	wacibun-nar	1	wacibun-nar	wacibun-nar	11	SEMANTIC VALUE UNRESOLVED	INTERPRETATION UNREVIEWED
R003512	Wacıb	2	Wacıb	wacıb	5	SEMANTIC VALUE UNRESOLVED	INTERPRETATION UNREVIEWED
R003513	Wacıbe	1	Wacıbe	wacıbe	6	SEMANTIC VALUE UNRESOLVED	INTERPRETATION UNREVIEWED
R003514	Wacıde	1	Wacıde	wacıde	6	SEMANTIC VALUE UNRESOLVED	INTERPRETATION UNREVIEWED
R003515	Wahıde	1	Wahıde	wahıde	6	SEMANTIC VALUE UNRESOLVED	INTERPRETATION UNREVIEWED
R003516	wahıdın	1	wahıdın	wahıdın	7	SEMANTIC VALUE UNRESOLVED	INTERPRETATION UNREVIEWED
R003517	Wan	1	Wan	wan	3	SEMANTIC VALUE UNRESOLVED	INTERPRETATION UNREVIEWED
R003518	wan	17	wan	wan	3	SEMANTIC VALUE UNRESOLVED	INTERPRETATION UNREVIEWED
R003519	wanbuye.	1	wanbuye.	wanbuye.	8	SEMANTIC VALUE UNRESOLVED	INTERPRETATION UNREVIEWED
R003520	Waroıq	1	Waroıq	waroıq	6	SEMANTIC VALUE UNRESOLVED	INTERPRETATION UNREVIEWED
R003521	wasiteye	1	wasiteye	wasiteye	8	SEMANTIC VALUE UNRESOLVED	INTERPRETATION UNREVIEWED
R003522	wc	1	wc	wc	2	SEMANTIC VALUE UNRESOLVED	INTERPRETATION UNREVIEWED
R003523	We	2	We	we	2	SEMANTIC VALUE UNRESOLVED	INTERPRETATION UNREVIEWED
R003524	we	27	we	we	2	SEMANTIC VALUE UNRESOLVED	INTERPRETATION UNREVIEWED
R003525	we,	3	we,	we,	3	SEMANTIC VALUE UNRESOLVED	INTERPRETATION UNREVIEWED
R003526	wechi	1	wechi	wechi	5	SEMANTIC VALUE UNRESOLVED	INTERPRETATION UNREVIEWED
R003527	weda	3	weda	weda	4	SEMANTIC VALUE UNRESOLVED	INTERPRETATION UNREVIEWED
R003528	wefata	1	wefata	wefata	6	SEMANTIC VALUE UNRESOLVED	INTERPRETATION UNREVIEWED
R003529	weha	2	weha	weha	4	SEMANTIC VALUE UNRESOLVED	INTERPRETATION UNREVIEWED
R003530	wehe	2	wehe	wehe	4	SEMANTIC VALUE UNRESOLVED	INTERPRETATION UNREVIEWED
R003531	wehy-fı	1	wehy-fı	wehy-fı	7	SEMANTIC VALUE UNRESOLVED	INTERPRETATION UNREVIEWED
R003532	Wek	1	Wek	wek	3	SEMANTIC VALUE UNRESOLVED	INTERPRETATION UNREVIEWED
R003533	wek	8	wek	wek	3	SEMANTIC VALUE UNRESOLVED	INTERPRETATION UNREVIEWED
R003534	wekfı	1	wekfı	wekfı	5	SEMANTIC VALUE UNRESOLVED	INTERPRETATION UNREVIEWED
R003535	weki	3	weki	weki	4	SEMANTIC VALUE UNRESOLVED	INTERPRETATION UNREVIEWED
R003536	wekil,	1	wekil,	wekil,	6	SEMANTIC VALUE UNRESOLVED	INTERPRETATION UNREVIEWED
R003537	Wekiliya	1	Wekiliya	wekiliya	8	SEMANTIC VALUE UNRESOLVED	INTERPRETATION UNREVIEWED
R003538	weku	3	weku	weku	4	SEMANTIC VALUE UNRESOLVED	INTERPRETATION UNREVIEWED
R003539	wel-emr!	1	wel-emr!	wel-emr!	8	SEMANTIC VALUE UNRESOLVED	INTERPRETATION UNREVIEWED
R003540	welate	5	welate	welate	6	SEMANTIC VALUE UNRESOLVED	INTERPRETATION UNREVIEWED
R003541	weleded-ı	1	weleded-ı	weleded-ı	9	SEMANTIC VALUE UNRESOLVED	INTERPRETATION UNREVIEWED
R003542	wellalı	1	wellalı	wellalı	7	SEMANTIC VALUE UNRESOLVED	INTERPRETATION UNREVIEWED
R003543	wen	1	wen	wen	3	SEMANTIC VALUE UNRESOLVED	INTERPRETATION UNREVIEWED
R003544	Wer	1	Wer	wer	3	SEMANTIC VALUE UNRESOLVED	INTERPRETATION UNREVIEWED
R003545	wer	4	wer	wer	3	SEMANTIC VALUE UNRESOLVED	INTERPRETATION UNREVIEWED
R003546	Wer'a	1	Wer'a	wer'a	5	SEMANTIC VALUE UNRESOLVED	INTERPRETATION UNREVIEWED
R003547	wergerandın	2	wergerandın	wergerandın	11	SEMANTIC VALUE UNRESOLVED	INTERPRETATION UNREVIEWED
R003548	wergerandın.	2	wergerandın.	wergerandın.	12	SEMANTIC VALUE UNRESOLVED	INTERPRETATION UNREVIEWED
R003549	wergerandına	1	wergerandına	wergerandına	12	SEMANTIC VALUE UNRESOLVED	INTERPRETATION UNREVIEWED
R003550	wergerinıka	2	wergerinıka	wergerinıka	11	SEMANTIC VALUE UNRESOLVED	INTERPRETATION UNREVIEWED
R003551	werin	1	werin	werin	5	SEMANTIC VALUE UNRESOLVED	INTERPRETATION UNREVIEWED
R003552	wesiqe	2	wesiqe	wesiqe	6	SEMANTIC VALUE UNRESOLVED	INTERPRETATION UNREVIEWED
R003553	Wessafe	1	Wessafe	wessafe	7	SEMANTIC VALUE UNRESOLVED	INTERPRETATION UNREVIEWED
R003554	Wey	2	Wey	wey	3	SEMANTIC VALUE UNRESOLVED	INTERPRETATION UNREVIEWED
R003555	weya	2	weya	weya	4	SEMANTIC VALUE UNRESOLVED	INTERPRETATION UNREVIEWED
R003556	weye	2	weye	weye	4	SEMANTIC VALUE UNRESOLVED	INTERPRETATION UNREVIEWED
R003557	Weysi!	1	Weysi!	weysi!	6	SEMANTIC VALUE UNRESOLVED	INTERPRETATION UNREVIEWED
R003558	wez1yeta	1	wez1yeta	wez1yeta	8	SEMANTIC VALUE UNRESOLVED	INTERPRETATION UNREVIEWED
R003559	Wi	6	Wi	wi	2	SEMANTIC VALUE UNRESOLVED	INTERPRETATION UNREVIEWED
R003560	wi	33	wi	wi	2	SEMANTIC VALUE UNRESOLVED	INTERPRETATION UNREVIEWED
R003561	wida	1	wida	wida	4	SEMANTIC VALUE UNRESOLVED	INTERPRETATION UNREVIEWED
R003562	wira	2	wira	wira	4	SEMANTIC VALUE UNRESOLVED	INTERPRETATION UNREVIEWED
R003563	wirabfı.	1	wirabfı.	wirabfı.	8	SEMANTIC VALUE UNRESOLVED	INTERPRETATION UNREVIEWED
R003564	wiye	1	wiye	wiye	4	SEMANTIC VALUE UNRESOLVED	INTERPRETATION UNREVIEWED
R003565	wıcfıde	1	wıcfıde	wıcfıde	7	SEMANTIC VALUE UNRESOLVED	INTERPRETATION UNREVIEWED
R003566	wıcfıdek!	1	wıcfıdek!	wıcfıdek!	9	SEMANTIC VALUE UNRESOLVED	INTERPRETATION UNREVIEWED
R003567	wıcub	1	wıcub	wıcub	5	SEMANTIC VALUE UNRESOLVED	INTERPRETATION UNREVIEWED
R003568	wındabune	1	wındabune	wındabune	9	SEMANTIC VALUE UNRESOLVED	INTERPRETATION UNREVIEWED
R003569	wısa	2	wısa	wısa	4	SEMANTIC VALUE UNRESOLVED	INTERPRETATION UNREVIEWED
R003570	xadıme	1	xadıme	xadıme	6	SEMANTIC VALUE UNRESOLVED	INTERPRETATION UNREVIEWED
R003571	xafıl	1	xafıl	xafıl	5	SEMANTIC VALUE UNRESOLVED	INTERPRETATION UNREVIEWED
R003572	xaibi	1	xaibi	xaibi	5	SEMANTIC VALUE UNRESOLVED	INTERPRETATION UNREVIEWED
R003573	xale	2	xale	xale	4	SEMANTIC VALUE UNRESOLVED	INTERPRETATION UNREVIEWED
R003574	xalıqe	2	xalıqe	xalıqe	6	SEMANTIC VALUE UNRESOLVED	INTERPRETATION UNREVIEWED
R003575	xalıs	1	xalıs	xalıs	5	SEMANTIC VALUE UNRESOLVED	INTERPRETATION UNREVIEWED
R003576	xame	2	xame	xame	4	SEMANTIC VALUE UNRESOLVED	INTERPRETATION UNREVIEWED
R003577	xame,	1	xame,	xame,	5	SEMANTIC VALUE UNRESOLVED	INTERPRETATION UNREVIEWED
R003578	xameya	1	xameya	xameya	6	SEMANTIC VALUE UNRESOLVED	INTERPRETATION UNREVIEWED
R003579	XAN	1	XAN	xan	3	SEMANTIC VALUE UNRESOLVED	INTERPRETATION UNREVIEWED
R003580	Xan'e	1	Xan'e	xan'e	5	SEMANTIC VALUE UNRESOLVED	INTERPRETATION UNREVIEWED
R003581	Xani	10	Xani	xani	4	SEMANTIC VALUE UNRESOLVED	INTERPRETATION UNREVIEWED
R003582	xani!	1	xani!	xani!	5	SEMANTIC VALUE UNRESOLVED	INTERPRETATION UNREVIEWED
R003583	Xani'ye	1	Xani'ye	xani'ye	7	SEMANTIC VALUE UNRESOLVED	INTERPRETATION UNREVIEWED
R003584	XANİ	2	XANİ	xani̇	4	SEMANTIC VALUE UNRESOLVED	INTERPRETATION UNREVIEWED
R003585	XANÎ	1	XANÎ	xanî	4	SEMANTIC VALUE UNRESOLVED	INTERPRETATION UNREVIEWED
R003586	Xaqan	1	Xaqan	xaqan	5	SEMANTIC VALUE UNRESOLVED	INTERPRETATION UNREVIEWED
R003587	xare	1	xare	xare	4	SEMANTIC VALUE UNRESOLVED	INTERPRETATION UNREVIEWED
R003588	xas	2	xas	xas	3	SEMANTIC VALUE UNRESOLVED	INTERPRETATION UNREVIEWED
R003589	Xasma	1	Xasma	xasma	5	SEMANTIC VALUE UNRESOLVED	INTERPRETATION UNREVIEWED
R003590	xasma	1	xasma	xasma	5	SEMANTIC VALUE UNRESOLVED	INTERPRETATION UNREVIEWED
R003591	xebat	1	xebat	xebat	5	SEMANTIC VALUE UNRESOLVED	INTERPRETATION UNREVIEWED
R003592	xebate,	1	xebate,	xebate,	7	SEMANTIC VALUE UNRESOLVED	INTERPRETATION UNREVIEWED
R003593	xeber	2	xeber	xeber	5	SEMANTIC VALUE UNRESOLVED	INTERPRETATION UNREVIEWED
R003594	xeberdan	1	xeberdan	xeberdan	8	SEMANTIC VALUE UNRESOLVED	INTERPRETATION UNREVIEWED
R003595	xef	1	xef	xef	3	SEMANTIC VALUE UNRESOLVED	INTERPRETATION UNREVIEWED
R003596	xeleq	1	xeleq	xeleq	5	SEMANTIC VALUE UNRESOLVED	INTERPRETATION UNREVIEWED
R003597	xeleqte!	1	xeleqte!	xeleqte!	8	SEMANTIC VALUE UNRESOLVED	INTERPRETATION UNREVIEWED
R003598	xelke	1	xelke	xelke	5	SEMANTIC VALUE UNRESOLVED	INTERPRETATION UNREVIEWED
R003599	xelke,	1	xelke,	xelke,	6	SEMANTIC VALUE UNRESOLVED	INTERPRETATION UNREVIEWED
R003600	xelkebfıye.	1	xelkebfıye.	xelkebfıye.	11	SEMANTIC VALUE UNRESOLVED	INTERPRETATION UNREVIEWED
R003601	xelkeda	2	xelkeda	xelkeda	7	SEMANTIC VALUE UNRESOLVED	INTERPRETATION UNREVIEWED
R003602	xelkera	1	xelkera	xelkera	7	SEMANTIC VALUE UNRESOLVED	INTERPRETATION UNREVIEWED
R003603	xelkera,	1	xelkera,	xelkera,	8	SEMANTIC VALUE UNRESOLVED	INTERPRETATION UNREVIEWED
R003604	xelkeyeο	1	xelkeyeο	xelkeyeο	8	SEMANTIC VALUE UNRESOLVED	INTERPRETATION UNREVIEWED
R003605	xelq	1	xelq	xelq	4	SEMANTIC VALUE UNRESOLVED	INTERPRETATION UNREVIEWED
R003606	Xelqa	1	Xelqa	xelqa	5	SEMANTIC VALUE UNRESOLVED	INTERPRETATION UNREVIEWED
R003607	Xelqe	2	Xelqe	xelqe	5	SEMANTIC VALUE UNRESOLVED	INTERPRETATION UNREVIEWED
R003608	xelqe	1	xelqe	xelqe	5	SEMANTIC VALUE UNRESOLVED	INTERPRETATION UNREVIEWED
R003609	xelten	1	xelten	xelten	6	SEMANTIC VALUE UNRESOLVED	INTERPRETATION UNREVIEWED
R003610	Xemxwari	1	Xemxwari	xemxwari	8	SEMANTIC VALUE UNRESOLVED	INTERPRETATION UNREVIEWED
R003611	xerez	1	xerez	xerez	5	SEMANTIC VALUE UNRESOLVED	INTERPRETATION UNREVIEWED
R003612	xeyb	2	xeyb	xeyb	4	SEMANTIC VALUE UNRESOLVED	INTERPRETATION UNREVIEWED
R003613	xeyl	1	xeyl	xeyl	4	SEMANTIC VALUE UNRESOLVED	INTERPRETATION UNREVIEWED
R003614	xeyme	1	xeyme	xeyme	5	SEMANTIC VALUE UNRESOLVED	INTERPRETATION UNREVIEWED
R003615	xeyre	1	xeyre	xeyre	5	SEMANTIC VALUE UNRESOLVED	INTERPRETATION UNREVIEWED
R003616	xeyreta	1	xeyreta	xeyreta	7	SEMANTIC VALUE UNRESOLVED	INTERPRETATION UNREVIEWED
R003617	Xezra	1	Xezra	xezra	5	SEMANTIC VALUE UNRESOLVED	INTERPRETATION UNREVIEWED
R003618	Xilafet:	1	Xilafet:	xilafet:	8	SEMANTIC VALUE UNRESOLVED	INTERPRETATION UNREVIEWED
R003619	xilafete	1	xilafete	xilafete	8	SEMANTIC VALUE UNRESOLVED	INTERPRETATION UNREVIEWED
R003620	xirete	1	xirete	xirete	6	SEMANTIC VALUE UNRESOLVED	INTERPRETATION UNREVIEWED
R003621	xlı.nriz!	1	xlı.nriz!	xlı.nriz!	9	SEMANTIC VALUE UNRESOLVED	INTERPRETATION UNREVIEWED
R003622	xuld	1	xuld	xuld	4	SEMANTIC VALUE UNRESOLVED	INTERPRETATION UNREVIEWED
R003623	xurt	1	xurt	xurt	4	SEMANTIC VALUE UNRESOLVED	INTERPRETATION UNREVIEWED
R003624	Xurşide	1	Xurşide	xurşide	7	SEMANTIC VALUE UNRESOLVED	INTERPRETATION UNREVIEWED
R003625	xuya	1	xuya	xuya	4	SEMANTIC VALUE UNRESOLVED	INTERPRETATION UNREVIEWED
R003626	xuya,	1	xuya,	xuya,	5	SEMANTIC VALUE UNRESOLVED	INTERPRETATION UNREVIEWED
R003627	XVII'anda	1	XVII'anda	xvii'anda	9	SEMANTIC VALUE UNRESOLVED	INTERPRETATION UNREVIEWED
R003628	XVII.	1	XVII.	xvii.	5	SEMANTIC VALUE UNRESOLVED	INTERPRETATION UNREVIEWED
R003629	xwabe	1	xwabe	xwabe	5	SEMANTIC VALUE UNRESOLVED	INTERPRETATION UNREVIEWED
R003630	xwane	1	xwane	xwane	5	SEMANTIC VALUE UNRESOLVED	INTERPRETATION UNREVIEWED
R003631	xwar	1	xwar	xwar	4	SEMANTIC VALUE UNRESOLVED	INTERPRETATION UNREVIEWED
R003632	xwar,	1	xwar,	xwar,	5	SEMANTIC VALUE UNRESOLVED	INTERPRETATION UNREVIEWED
R003633	xwariye.	1	xwariye.	xwariye.	8	SEMANTIC VALUE UNRESOLVED	INTERPRETATION UNREVIEWED
R003634	Xwde	2	Xwde	xwde	4	SEMANTIC VALUE UNRESOLVED	INTERPRETATION UNREVIEWED
R003635	xwe	35	xwe	xwe	3	SEMANTIC VALUE UNRESOLVED	INTERPRETATION UNREVIEWED
R003636	xwe,	3	xwe,	xwe,	4	SEMANTIC VALUE UNRESOLVED	INTERPRETATION UNREVIEWED
R003637	XWED&RA	1	XWED&RA	xwed&ra	7	SEMANTIC VALUE UNRESOLVED	INTERPRETATION UNREVIEWED
R003638	XWED:it	1	XWED:it	xwed:it	7	SEMANTIC VALUE UNRESOLVED	INTERPRETATION UNREVIEWED
R003639	Xweda	2	Xweda	xweda	5	SEMANTIC VALUE UNRESOLVED	INTERPRETATION UNREVIEWED
R003640	xweda	7	xweda	xweda	5	SEMANTIC VALUE UNRESOLVED	INTERPRETATION UNREVIEWED
R003641	Xwedcye,	1	Xwedcye,	xwedcye,	8	SEMANTIC VALUE UNRESOLVED	INTERPRETATION UNREVIEWED
R003642	Xwede	6	Xwede	xwede	5	SEMANTIC VALUE UNRESOLVED	INTERPRETATION UNREVIEWED
R003643	Xwede'da	1	Xwede'da	xwede'da	8	SEMANTIC VALUE UNRESOLVED	INTERPRETATION UNREVIEWED
R003644	Xwede;	1	Xwede;	xwede;	6	SEMANTIC VALUE UNRESOLVED	INTERPRETATION UNREVIEWED
R003645	xwedi	2	xwedi	xwedi	5	SEMANTIC VALUE UNRESOLVED	INTERPRETATION UNREVIEWED
R003646	XWEDI::	1	XWEDI::	xwedi::	7	SEMANTIC VALUE UNRESOLVED	INTERPRETATION UNREVIEWED
R003647	xwediye	2	xwediye	xwediye	7	SEMANTIC VALUE UNRESOLVED	INTERPRETATION UNREVIEWED
R003648	xwendevananra	1	xwendevananra	xwendevananra	13	SEMANTIC VALUE UNRESOLVED	INTERPRETATION UNREVIEWED
R003649	xwendevananra,	1	xwendevananra,	xwendevananra,	14	SEMANTIC VALUE UNRESOLVED	INTERPRETATION UNREVIEWED
R003650	xwendevanen	2	xwendevanen	xwendevanen	11	SEMANTIC VALUE UNRESOLVED	INTERPRETATION UNREVIEWED
R003651	xwendevani	1	xwendevani	xwendevani	10	SEMANTIC VALUE UNRESOLVED	INTERPRETATION UNREVIEWED
R003652	xwendeva­	1	xwendeva­	xwendeva­	9	SEMANTIC VALUE UNRESOLVED	INTERPRETATION UNREVIEWED
R003653	xwendi	1	xwendi	xwendi	6	SEMANTIC VALUE UNRESOLVED	INTERPRETATION UNREVIEWED
R003654	xwendme,	1	xwendme,	xwendme,	8	SEMANTIC VALUE UNRESOLVED	INTERPRETATION UNREVIEWED
R003655	xwendın,	1	xwendın,	xwendın,	8	SEMANTIC VALUE UNRESOLVED	INTERPRETATION UNREVIEWED
R003656	xwendına	2	xwendına	xwendına	8	SEMANTIC VALUE UNRESOLVED	INTERPRETATION UNREVIEWED
R003657	xwera	4	xwera	xwera	5	SEMANTIC VALUE UNRESOLVED	INTERPRETATION UNREVIEWED
R003658	xweve	1	xweve	xweve	5	SEMANTIC VALUE UNRESOLVED	INTERPRETATION UNREVIEWED
R003659	xweye	1	xweye	xweye	5	SEMANTIC VALUE UNRESOLVED	INTERPRETATION UNREVIEWED
R003660	xwe­	2	xwe­	xwe­	4	SEMANTIC VALUE UNRESOLVED	INTERPRETATION UNREVIEWED
R003661	Xweş	2	Xweş	xweş	4	SEMANTIC VALUE UNRESOLVED	INTERPRETATION UNREVIEWED
R003662	xweş	4	xweş	xweş	4	SEMANTIC VALUE UNRESOLVED	INTERPRETATION UNREVIEWED
R003663	Xweşxilqete,	1	Xweşxilqete,	xweşxilqete,	12	SEMANTIC VALUE UNRESOLVED	INTERPRETATION UNREVIEWED
R003664	xweşın.	1	xweşın.	xweşın.	7	SEMANTIC VALUE UNRESOLVED	INTERPRETATION UNREVIEWED
R003665	xwinın.	2	xwinın.	xwinın.	7	SEMANTIC VALUE UNRESOLVED	INTERPRETATION UNREVIEWED
R003666	xılas	1	xılas	xılas	5	SEMANTIC VALUE UNRESOLVED	INTERPRETATION UNREVIEWED
R003667	xırabi-yfı	1	xırabi-yfı	xırabi-yfı	10	SEMANTIC VALUE UNRESOLVED	INTERPRETATION UNREVIEWED
R003668	xırabin,	1	xırabin,	xırabin,	8	SEMANTIC VALUE UNRESOLVED	INTERPRETATION UNREVIEWED
R003669	Xırabiye,	1	Xırabiye,	xırabiye,	9	SEMANTIC VALUE UNRESOLVED	INTERPRETATION UNREVIEWED
R003670	xıstiye	1	xıstiye	xıstiye	7	SEMANTIC VALUE UNRESOLVED	INTERPRETATION UNREVIEWED
R003671	xıstiye.	1	xıstiye.	xıstiye.	8	SEMANTIC VALUE UNRESOLVED	INTERPRETATION UNREVIEWED
R003672	xıstiye;	1	xıstiye;	xıstiye;	8	SEMANTIC VALUE UNRESOLVED	INTERPRETATION UNREVIEWED
R003673	xıstıne	1	xıstıne	xıstıne	7	SEMANTIC VALUE UNRESOLVED	INTERPRETATION UNREVIEWED
R003674	xızanan,	1	xızanan,	xızanan,	8	SEMANTIC VALUE UNRESOLVED	INTERPRETATION UNREVIEWED
R003675	xızmet	1	xızmet	xızmet	6	SEMANTIC VALUE UNRESOLVED	INTERPRETATION UNREVIEWED
R003676	xızmeta	1	xızmeta	xızmeta	7	SEMANTIC VALUE UNRESOLVED	INTERPRETATION UNREVIEWED
R003677	xızmeteki	2	xızmeteki	xızmeteki	9	SEMANTIC VALUE UNRESOLVED	INTERPRETATION UNREVIEWED
R003678	xızmeteki.	1	xızmeteki.	xızmeteki.	10	SEMANTIC VALUE UNRESOLVED	INTERPRETATION UNREVIEWED
R003679	Y	4	Y	y	1	SEMANTIC VALUE UNRESOLVED	INTERPRETATION UNREVIEWED
R003680	Ya	3	Ya	ya	2	SEMANTIC VALUE UNRESOLVED	INTERPRETATION UNREVIEWED
R003681	ya	5	ya	ya	2	SEMANTIC VALUE UNRESOLVED	INTERPRETATION UNREVIEWED
R003682	yabancı	1	yabancı	yabancı	7	SEMANTIC VALUE UNRESOLVED	INTERPRETATION UNREVIEWED
R003683	yada	1	yada	yada	4	SEMANTIC VALUE UNRESOLVED	INTERPRETATION UNREVIEWED
R003684	Yahudi	1	Yahudi	yahudi	6	SEMANTIC VALUE UNRESOLVED	INTERPRETATION UNREVIEWED
R003685	YAKARIŞ	1	YAKARIŞ	yakariş	7	SEMANTIC VALUE UNRESOLVED	INTERPRETATION UNREVIEWED
R003686	yaklaşmaya	1	yaklaşmaya	yaklaşmaya	10	SEMANTIC VALUE UNRESOLVED	INTERPRETATION UNREVIEWED
R003687	yaklaştığı	1	yaklaştığı	yaklaştığı	10	SEMANTIC VALUE UNRESOLVED	INTERPRETATION UNREVIEWED
R003688	Yakın	1	Yakın	yakın	5	SEMANTIC VALUE UNRESOLVED	INTERPRETATION UNREVIEWED
R003689	yakın	1	yakın	yakın	5	SEMANTIC VALUE UNRESOLVED	INTERPRETATION UNREVIEWED
R003690	yakındır	1	yakındır	yakındır	8	SEMANTIC VALUE UNRESOLVED	INTERPRETATION UNREVIEWED
R003691	yakınlarıydı	1	yakınlarıydı	yakınlarıydı	12	SEMANTIC VALUE UNRESOLVED	INTERPRETATION UNREVIEWED
R003692	yakışık	1	yakışık	yakışık	7	SEMANTIC VALUE UNRESOLVED	INTERPRETATION UNREVIEWED
R003693	yal	1	yal	yal	3	SEMANTIC VALUE UNRESOLVED	INTERPRETATION UNREVIEWED
R003694	Yalnız	2	Yalnız	yalnız	6	SEMANTIC VALUE UNRESOLVED	INTERPRETATION UNREVIEWED
R003695	yana	2	yana	yana	4	SEMANTIC VALUE UNRESOLVED	INTERPRETATION UNREVIEWED
R003696	yanan	1	yanan	yanan	5	SEMANTIC VALUE UNRESOLVED	INTERPRETATION UNREVIEWED
R003697	Yani	5	Yani	yani	4	SEMANTIC VALUE UNRESOLVED	INTERPRETATION UNREVIEWED
R003698	yansısın	1	yansısın	yansısın	8	SEMANTIC VALUE UNRESOLVED	INTERPRETATION UNREVIEWED
R003699	yansıyı	1	yansıyı	yansıyı	7	SEMANTIC VALUE UNRESOLVED	INTERPRETATION UNREVIEWED
R003700	yanılmadığı,	1	yanılmadığı,	yanılmadığı,	12	SEMANTIC VALUE UNRESOLVED	INTERPRETATION UNREVIEWED
R003701	yanılmadığını	1	yanılmadığını	yanılmadığını	13	SEMANTIC VALUE UNRESOLVED	INTERPRETATION UNREVIEWED
R003702	yap	1	yap	yap	3	SEMANTIC VALUE UNRESOLVED	INTERPRETATION UNREVIEWED
R003703	yapacağına	1	yapacağına	yapacağına	10	SEMANTIC VALUE UNRESOLVED	INTERPRETATION UNREVIEWED
R003704	yapan	1	yapan	yapan	5	SEMANTIC VALUE UNRESOLVED	INTERPRETATION UNREVIEWED
R003705	yapmış,	1	yapmış,	yapmış,	7	SEMANTIC VALUE UNRESOLVED	INTERPRETATION UNREVIEWED
R003706	yaptı.	1	yaptı.	yaptı.	6	SEMANTIC VALUE UNRESOLVED	INTERPRETATION UNREVIEWED
R003707	yaptın,	1	yaptın,	yaptın,	7	SEMANTIC VALUE UNRESOLVED	INTERPRETATION UNREVIEWED
R003708	yaptın.	1	yaptın.	yaptın.	7	SEMANTIC VALUE UNRESOLVED	INTERPRETATION UNREVIEWED
R003709	yar	2	yar	yar	3	SEMANTIC VALUE UNRESOLVED	INTERPRETATION UNREVIEWED
R003710	yaraltılan,	1	yaraltılan,	yaraltılan,	11	SEMANTIC VALUE UNRESOLVED	INTERPRETATION UNREVIEWED
R003711	yararlanılan	1	yararlanılan	yararlanılan	12	SEMANTIC VALUE UNRESOLVED	INTERPRETATION UNREVIEWED
R003712	yaratan	1	yaratan	yaratan	7	SEMANTIC VALUE UNRESOLVED	INTERPRETATION UNREVIEWED
R003713	yarattık-.	1	yarattık-.	yarattık-.	10	SEMANTIC VALUE UNRESOLVED	INTERPRETATION UNREVIEWED
R003714	yarattın	1	yarattın	yarattın	8	SEMANTIC VALUE UNRESOLVED	INTERPRETATION UNREVIEWED
R003715	yarattın,	1	yarattın,	yarattın,	9	SEMANTIC VALUE UNRESOLVED	INTERPRETATION UNREVIEWED
R003716	yarattınsa	2	yarattınsa	yarattınsa	10	SEMANTIC VALUE UNRESOLVED	INTERPRETATION UNREVIEWED
R003717	yarattığı.	1	yarattığı.	yarattığı.	10	SEMANTIC VALUE UNRESOLVED	INTERPRETATION UNREVIEWED
R003718	yarat­	1	yarat­	yarat­	6	SEMANTIC VALUE UNRESOLVED	INTERPRETATION UNREVIEWED
R003719	yaratıcısı	2	yaratıcısı	yaratıcısı	10	SEMANTIC VALUE UNRESOLVED	INTERPRETATION UNREVIEWED
R003720	yaratıklar,	1	yaratıklar,	yaratıklar,	11	SEMANTIC VALUE UNRESOLVED	INTERPRETATION UNREVIEWED
R003721	yaratıklardır.	1	yaratıklardır.	yaratıklardır.	14	SEMANTIC VALUE UNRESOLVED	INTERPRETATION UNREVIEWED
R003722	Yaratıklarla	1	Yaratıklarla	yaratıklarla	12	SEMANTIC VALUE UNRESOLVED	INTERPRETATION UNREVIEWED
R003723	yaratıkları	1	yaratıkları	yaratıkları	11	SEMANTIC VALUE UNRESOLVED	INTERPRETATION UNREVIEWED
R003724	Yaratıldılar;	1	Yaratıldılar;	yaratıldılar;	13	SEMANTIC VALUE UNRESOLVED	INTERPRETATION UNREVIEWED
R003725	yaratılışlıydı,	1	yaratılışlıydı,	yaratılışlıydı,	15	SEMANTIC VALUE UNRESOLVED	INTERPRETATION UNREVIEWED
R003726	yaratılışı,	1	yaratılışı,	yaratılışı,	11	SEMANTIC VALUE UNRESOLVED	INTERPRETATION UNREVIEWED
R003727	yaratıp	2	yaratıp	yaratıp	7	SEMANTIC VALUE UNRESOLVED	INTERPRETATION UNREVIEWED
R003728	yaratış	1	yaratış	yaratış	7	SEMANTIC VALUE UNRESOLVED	INTERPRETATION UNREVIEWED
R003729	yaratışın	1	yaratışın	yaratışın	9	SEMANTIC VALUE UNRESOLVED	INTERPRETATION UNREVIEWED
R003730	yardım	1	yardım	yardım	6	SEMANTIC VALUE UNRESOLVED	INTERPRETATION UNREVIEWED
R003731	yardımcısı	2	yardımcısı	yardımcısı	10	SEMANTIC VALUE UNRESOLVED	INTERPRETATION UNREVIEWED
R003732	yardımcıydın	1	yardımcıydın	yardımcıydın	12	SEMANTIC VALUE UNRESOLVED	INTERPRETATION UNREVIEWED
R003733	yardımınıza,	1	yardımınıza,	yardımınıza,	12	SEMANTIC VALUE UNRESOLVED	INTERPRETATION UNREVIEWED
R003734	Yareb!	1	Yareb!	yareb!	6	SEMANTIC VALUE UNRESOLVED	INTERPRETATION UNREVIEWED
R003735	Yasin:	1	Yasin:	yasin:	6	SEMANTIC VALUE UNRESOLVED	INTERPRETATION UNREVIEWED
R003736	yatmış	1	yatmış	yatmış	6	SEMANTIC VALUE UNRESOLVED	INTERPRETATION UNREVIEWED
R003737	yay	2	yay	yay	3	SEMANTIC VALUE UNRESOLVED	INTERPRETATION UNREVIEWED
R003738	yaygın	1	yaygın	yaygın	6	SEMANTIC VALUE UNRESOLVED	INTERPRETATION UNREVIEWED
R003739	YAYlNLARI	1	YAYlNLARI	yaylnlari	9	SEMANTIC VALUE UNRESOLVED	INTERPRETATION UNREVIEWED
R003740	yayınlamakla,	1	yayınlamakla,	yayınlamakla,	13	SEMANTIC VALUE UNRESOLVED	INTERPRETATION UNREVIEWED
R003741	yayınlamaktaki	1	yayınlamaktaki	yayınlamaktaki	14	SEMANTIC VALUE UNRESOLVED	INTERPRETATION UNREVIEWED
R003742	yazarlık	1	yazarlık	yazarlık	8	SEMANTIC VALUE UNRESOLVED	INTERPRETATION UNREVIEWED
R003743	yazarından	1	yazarından	yazarından	10	SEMANTIC VALUE UNRESOLVED	INTERPRETATION UNREVIEWED
R003744	yazarının	1	yazarının	yazarının	9	SEMANTIC VALUE UNRESOLVED	INTERPRETATION UNREVIEWED
R003745	yazdık.	2	yazdık.	yazdık.	7	SEMANTIC VALUE UNRESOLVED	INTERPRETATION UNREVIEWED
R003746	yazdım.»	1	yazdım.»	yazdım.»	8	SEMANTIC VALUE UNRESOLVED	INTERPRETATION UNREVIEWED
R003747	yazmaktan	1	yazmaktan	yazmaktan	9	SEMANTIC VALUE UNRESOLVED	INTERPRETATION UNREVIEWED
R003748	yazmamış­	1	yazmamış­	yazmamış­	9	SEMANTIC VALUE UNRESOLVED	INTERPRETATION UNREVIEWED
R003749	yazmaya	1	yazmaya	yazmaya	7	SEMANTIC VALUE UNRESOLVED	INTERPRETATION UNREVIEWED
R003750	yazmış	1	yazmış	yazmış	6	SEMANTIC VALUE UNRESOLVED	INTERPRETATION UNREVIEWED
R003751	yazmış,	1	yazmış,	yazmış,	7	SEMANTIC VALUE UNRESOLVED	INTERPRETATION UNREVIEWED
R003752	yazmıştır.	3	yazmıştır.	yazmıştır.	10	SEMANTIC VALUE UNRESOLVED	INTERPRETATION UNREVIEWED
R003753	yazı	2	yazı	yazı	4	SEMANTIC VALUE UNRESOLVED	INTERPRETATION UNREVIEWED
R003754	yazık	3	yazık	yazık	5	SEMANTIC VALUE UNRESOLVED	INTERPRETATION UNREVIEWED
R003755	yazılar	1	yazılar	yazılar	7	SEMANTIC VALUE UNRESOLVED	INTERPRETATION UNREVIEWED
R003756	yazıldığı	1	yazıldığı	yazıldığı	9	SEMANTIC VALUE UNRESOLVED	INTERPRETATION UNREVIEWED
R003757	yazılmış,	1	yazılmış,	yazılmış,	9	SEMANTIC VALUE UNRESOLVED	INTERPRETATION UNREVIEWED
R003758	yazılır	1	yazılır	yazılır	7	SEMANTIC VALUE UNRESOLVED	INTERPRETATION UNREVIEWED
R003759	yazılır:	1	yazılır:	yazılır:	8	SEMANTIC VALUE UNRESOLVED	INTERPRETATION UNREVIEWED
R003760	yazılış	1	yazılış	yazılış	7	SEMANTIC VALUE UNRESOLVED	INTERPRETATION UNREVIEWED
R003761	yazısı	1	yazısı	yazısı	6	SEMANTIC VALUE UNRESOLVED	INTERPRETATION UNREVIEWED
R003762	yazısı,	1	yazısı,	yazısı,	7	SEMANTIC VALUE UNRESOLVED	INTERPRETATION UNREVIEWED
R003763	yazısızdı,	1	yazısızdı,	yazısızdı,	10	SEMANTIC VALUE UNRESOLVED	INTERPRETATION UNREVIEWED
R003764	ya­	1	ya­	ya­	3	SEMANTIC VALUE UNRESOLVED	INTERPRETATION UNREVIEWED
R003765	yağdıran	1	yağdıran	yağdıran	8	SEMANTIC VALUE UNRESOLVED	INTERPRETATION UNREVIEWED
R003766	yağdırırsa	1	yağdırırsa	yağdırırsa	10	SEMANTIC VALUE UNRESOLVED	INTERPRETATION UNREVIEWED
R003767	yaşantısına	1	yaşantısına	yaşantısına	11	SEMANTIC VALUE UNRESOLVED	INTERPRETATION UNREVIEWED
R003768	yaşantısını,	1	yaşantısını,	yaşantısını,	12	SEMANTIC VALUE UNRESOLVED	INTERPRETATION UNREVIEWED
R003769	yaşların­	1	yaşların­	yaşların­	9	SEMANTIC VALUE UNRESOLVED	INTERPRETATION UNREVIEWED
R003770	yda!	1	yda!	yda!	4	SEMANTIC VALUE UNRESOLVED	INTERPRETATION UNREVIEWED
R003771	ye	5	ye	ye	2	SEMANTIC VALUE UNRESOLVED	INTERPRETATION UNREVIEWED
R003772	ye,	1	ye,	ye,	3	SEMANTIC VALUE UNRESOLVED	INTERPRETATION UNREVIEWED
R003773	yedili	1	yedili	yedili	6	SEMANTIC VALUE UNRESOLVED	INTERPRETATION UNREVIEWED
R003774	Yedili'den	1	Yedili'den	yedili'den	10	SEMANTIC VALUE UNRESOLVED	INTERPRETATION UNREVIEWED
R003775	Yek	5	Yek	yek	3	SEMANTIC VALUE UNRESOLVED	INTERPRETATION UNREVIEWED
R003776	yek	6	yek	yek	3	SEMANTIC VALUE UNRESOLVED	INTERPRETATION UNREVIEWED
R003777	yeke	2	yeke	yeke	4	SEMANTIC VALUE UNRESOLVED	INTERPRETATION UNREVIEWED
R003778	yeke,	1	yeke,	yeke,	5	SEMANTIC VALUE UNRESOLVED	INTERPRETATION UNREVIEWED
R003779	yekeda	2	yekeda	yekeda	6	SEMANTIC VALUE UNRESOLVED	INTERPRETATION UNREVIEWED
R003780	yekta!	1	yekta!	yekta!	6	SEMANTIC VALUE UNRESOLVED	INTERPRETATION UNREVIEWED
R003781	yekın,	1	yekın,	yekın,	6	SEMANTIC VALUE UNRESOLVED	INTERPRETATION UNREVIEWED
R003782	Yem	1	Yem	yem	3	SEMANTIC VALUE UNRESOLVED	INTERPRETATION UNREVIEWED
R003783	yemdir.	1	yemdir.	yemdir.	7	SEMANTIC VALUE UNRESOLVED	INTERPRETATION UNREVIEWED
R003784	yen	2	yen	yen	3	SEMANTIC VALUE UNRESOLVED	INTERPRETATION UNREVIEWED
R003785	Yer	1	Yer	yer	3	SEMANTIC VALUE UNRESOLVED	INTERPRETATION UNREVIEWED
R003786	yer	3	yer	yer	3	SEMANTIC VALUE UNRESOLVED	INTERPRETATION UNREVIEWED
R003787	yer,	1	yer,	yer,	4	SEMANTIC VALUE UNRESOLVED	INTERPRETATION UNREVIEWED
R003788	yerde	1	yerde	yerde	5	SEMANTIC VALUE UNRESOLVED	INTERPRETATION UNREVIEWED
R003789	yerden	1	yerden	yerden	6	SEMANTIC VALUE UNRESOLVED	INTERPRETATION UNREVIEWED
R003790	yere	1	yere	yere	4	SEMANTIC VALUE UNRESOLVED	INTERPRETATION UNREVIEWED
R003791	yerindedir	1	yerindedir	yerindedir	10	SEMANTIC VALUE UNRESOLVED	INTERPRETATION UNREVIEWED
R003792	yerine	1	yerine	yerine	6	SEMANTIC VALUE UNRESOLVED	INTERPRETATION UNREVIEWED
R003793	yerler	1	yerler	yerler	6	SEMANTIC VALUE UNRESOLVED	INTERPRETATION UNREVIEWED
R003794	Yerlerde	1	Yerlerde	yerlerde	8	SEMANTIC VALUE UNRESOLVED	INTERPRETATION UNREVIEWED
R003795	yerlere.	1	yerlere.	yerlere.	8	SEMANTIC VALUE UNRESOLVED	INTERPRETATION UNREVIEWED
R003796	yerlerin	1	yerlerin	yerlerin	8	SEMANTIC VALUE UNRESOLVED	INTERPRETATION UNREVIEWED
R003797	yerleştirensin,	1	yerleştirensin,	yerleştirensin,	15	SEMANTIC VALUE UNRESOLVED	INTERPRETATION UNREVIEWED
R003798	yer­	1	yer­	yer­	4	SEMANTIC VALUE UNRESOLVED	INTERPRETATION UNREVIEWED
R003799	yeter	2	yeter	yeter	5	SEMANTIC VALUE UNRESOLVED	INTERPRETATION UNREVIEWED
R003800	yeter,	1	yeter,	yeter,	6	SEMANTIC VALUE UNRESOLVED	INTERPRETATION UNREVIEWED
R003801	yetiman	1	yetiman	yetiman	7	SEMANTIC VALUE UNRESOLVED	INTERPRETATION UNREVIEWED
R003802	yi!	1	yi!	yi!	3	SEMANTIC VALUE UNRESOLVED	INTERPRETATION UNREVIEWED
R003803	Yine	1	Yine	yine	4	SEMANTIC VALUE UNRESOLVED	INTERPRETATION UNREVIEWED
R003804	yine	3	yine	yine	4	SEMANTIC VALUE UNRESOLVED	INTERPRETATION UNREVIEWED
R003805	yiyeceklerle	1	yiyeceklerle	yiyeceklerle	12	SEMANTIC VALUE UNRESOLVED	INTERPRETATION UNREVIEWED
R003806	yiğit	1	yiğit	yiğit	5	SEMANTIC VALUE UNRESOLVED	INTERPRETATION UNREVIEWED
R003807	yografisi	1	yografisi	yografisi	9	SEMANTIC VALUE UNRESOLVED	INTERPRETATION UNREVIEWED
R003808	yok	2	yok	yok	3	SEMANTIC VALUE UNRESOLVED	INTERPRETATION UNREVIEWED
R003809	yok,	1	yok,	yok,	4	SEMANTIC VALUE UNRESOLVED	INTERPRETATION UNREVIEWED
R003810	yok.	1	yok.	yok.	4	SEMANTIC VALUE UNRESOLVED	INTERPRETATION UNREVIEWED
R003811	yokken	1	yokken	yokken	6	SEMANTIC VALUE UNRESOLVED	INTERPRETATION UNREVIEWED
R003812	yokluktan	1	yokluktan	yokluktan	9	SEMANTIC VALUE UNRESOLVED	INTERPRETATION UNREVIEWED
R003813	Yoksa	1	Yoksa	yoksa	5	SEMANTIC VALUE UNRESOLVED	INTERPRETATION UNREVIEWED
R003814	yoksulların,	1	yoksulların,	yoksulların,	12	SEMANTIC VALUE UNRESOLVED	INTERPRETATION UNREVIEWED
R003815	yoktur	2	yoktur	yoktur	6	SEMANTIC VALUE UNRESOLVED	INTERPRETATION UNREVIEWED
R003816	yoktur.	2	yoktur.	yoktur.	7	SEMANTIC VALUE UNRESOLVED	INTERPRETATION UNREVIEWED
R003817	yok­	1	yok­	yok­	4	SEMANTIC VALUE UNRESOLVED	INTERPRETATION UNREVIEWED
R003818	yol	1	yol	yol	3	SEMANTIC VALUE UNRESOLVED	INTERPRETATION UNREVIEWED
R003819	yol.	1	yol.	yol.	4	SEMANTIC VALUE UNRESOLVED	INTERPRETATION UNREVIEWED
R003820	yola	2	yola	yola	4	SEMANTIC VALUE UNRESOLVED	INTERPRETATION UNREVIEWED
R003821	yolda	1	yolda	yolda	5	SEMANTIC VALUE UNRESOLVED	INTERPRETATION UNREVIEWED
R003822	yolu	1	yolu	yolu	4	SEMANTIC VALUE UNRESOLVED	INTERPRETATION UNREVIEWED
R003823	yolu)	1	yolu)	yolu)	5	SEMANTIC VALUE UNRESOLVED	INTERPRETATION UNREVIEWED
R003824	yolunda	2	yolunda	yolunda	7	SEMANTIC VALUE UNRESOLVED	INTERPRETATION UNREVIEWED
R003825	yolundan	1	yolundan	yolundan	8	SEMANTIC VALUE UNRESOLVED	INTERPRETATION UNREVIEWED
R003826	yolundan.	1	yolundan.	yolundan.	9	SEMANTIC VALUE UNRESOLVED	INTERPRETATION UNREVIEWED
R003827	yucuları	1	yucuları	yucuları	8	SEMANTIC VALUE UNRESOLVED	INTERPRETATION UNREVIEWED
R003828	yudum	1	yudum	yudum	5	SEMANTIC VALUE UNRESOLVED	INTERPRETATION UNREVIEWED
R003829	Yusuf'u	1	Yusuf'u	yusuf'u	7	SEMANTIC VALUE UNRESOLVED	INTERPRETATION UNREVIEWED
R003830	Yusıf	1	Yusıf	yusıf	5	SEMANTIC VALUE UNRESOLVED	INTERPRETATION UNREVIEWED
R003831	yön	1	yön	yön	3	SEMANTIC VALUE UNRESOLVED	INTERPRETATION UNREVIEWED
R003832	yönelecek	1	yönelecek	yönelecek	9	SEMANTIC VALUE UNRESOLVED	INTERPRETATION UNREVIEWED
R003833	yönelttiği	1	yönelttiği	yönelttiği	10	SEMANTIC VALUE UNRESOLVED	INTERPRETATION UNREVIEWED
R003834	yöneticilere	1	yöneticilere	yöneticilere	12	SEMANTIC VALUE UNRESOLVED	INTERPRETATION UNREVIEWED
R003835	yöneticilere,	1	yöneticilere,	yöneticilere,	13	SEMANTIC VALUE UNRESOLVED	INTERPRETATION UNREVIEWED
R003836	yöneticilerin	1	yöneticilerin	yöneticilerin	13	SEMANTIC VALUE UNRESOLVED	INTERPRETATION UNREVIEWED
R003837	yönetimi	1	yönetimi	yönetimi	8	SEMANTIC VALUE UNRESOLVED	INTERPRETATION UNREVIEWED
R003838	yörüngeleridir;	1	yörüngeleridir;	yörüngeleridir;	15	SEMANTIC VALUE UNRESOLVED	INTERPRETATION UNREVIEWED
R003839	yücelere	1	yücelere	yücelere	8	SEMANTIC VALUE UNRESOLVED	INTERPRETATION UNREVIEWED
R003840	yük	2	yük	yük	3	SEMANTIC VALUE UNRESOLVED	INTERPRETATION UNREVIEWED
R003841	yüksek	2	yüksek	yüksek	6	SEMANTIC VALUE UNRESOLVED	INTERPRETATION UNREVIEWED
R003842	yürümek	1	yürümek	yürümek	7	SEMANTIC VALUE UNRESOLVED	INTERPRETATION UNREVIEWED
R003843	yürütürdü	1	yürütürdü	yürütürdü	9	SEMANTIC VALUE UNRESOLVED	INTERPRETATION UNREVIEWED
R003844	Yüz	1	Yüz	yüz	3	SEMANTIC VALUE UNRESOLVED	INTERPRETATION UNREVIEWED
R003845	yüz	3	yüz	yüz	3	SEMANTIC VALUE UNRESOLVED	INTERPRETATION UNREVIEWED
R003846	yüzlüdür	1	yüzlüdür	yüzlüdür	8	SEMANTIC VALUE UNRESOLVED	INTERPRETATION UNREVIEWED
R003847	yüzyüze	1	yüzyüze	yüzyüze	7	SEMANTIC VALUE UNRESOLVED	INTERPRETATION UNREVIEWED
R003848	yüzyılın	1	yüzyılın	yüzyılın	8	SEMANTIC VALUE UNRESOLVED	INTERPRETATION UNREVIEWED
R003849	yüzünde	1	yüzünde	yüzünde	7	SEMANTIC VALUE UNRESOLVED	INTERPRETATION UNREVIEWED
R003850	yüzündeki	1	yüzündeki	yüzündeki	9	SEMANTIC VALUE UNRESOLVED	INTERPRETATION UNREVIEWED
R003851	yı	1	yı	yı	2	SEMANTIC VALUE UNRESOLVED	INTERPRETATION UNREVIEWED
R003852	yıkardı,	1	yıkardı,	yıkardı,	8	SEMANTIC VALUE UNRESOLVED	INTERPRETATION UNREVIEWED
R003853	yıldız,	1	yıldız,	yıldız,	7	SEMANTIC VALUE UNRESOLVED	INTERPRETATION UNREVIEWED
R003854	yıldızlar,	1	yıldızlar,	yıldızlar,	10	SEMANTIC VALUE UNRESOLVED	INTERPRETATION UNREVIEWED
R003855	yıldızları	1	yıldızları	yıldızları	10	SEMANTIC VALUE UNRESOLVED	INTERPRETATION UNREVIEWED
R003856	yılında	6	yılında	yılında	7	SEMANTIC VALUE UNRESOLVED	INTERPRETATION UNREVIEWED
R003857	Z!N	7	Z!N	z!n	3	SEMANTIC VALUE UNRESOLVED	INTERPRETATION UNREVIEWED
R003858	Z1N	1	Z1N	z1n	3	SEMANTIC VALUE UNRESOLVED	INTERPRETATION UNREVIEWED
R003859	zabtetti	1	zabtetti	zabtetti	8	SEMANTIC VALUE UNRESOLVED	INTERPRETATION UNREVIEWED
R003860	Zahır	2	Zahır	zahır	5	SEMANTIC VALUE UNRESOLVED	INTERPRETATION UNREVIEWED
R003861	zahır	1	zahır	zahır	5	SEMANTIC VALUE UNRESOLVED	INTERPRETATION UNREVIEWED
R003862	zahır!	1	zahır!	zahır!	6	SEMANTIC VALUE UNRESOLVED	INTERPRETATION UNREVIEWED
R003863	zakır	1	zakır	zakır	5	SEMANTIC VALUE UNRESOLVED	INTERPRETATION UNREVIEWED
R003864	zalim,	1	zalim,	zalim,	6	SEMANTIC VALUE UNRESOLVED	INTERPRETATION UNREVIEWED
R003865	zaman	1	zaman	zaman	5	SEMANTIC VALUE UNRESOLVED	INTERPRETATION UNREVIEWED
R003866	zaman,	3	zaman,	zaman,	6	SEMANTIC VALUE UNRESOLVED	INTERPRETATION UNREVIEWED
R003867	zaman.	1	zaman.	zaman.	6	SEMANTIC VALUE UNRESOLVED	INTERPRETATION UNREVIEWED
R003868	zamanlar	1	zamanlar	zamanlar	8	SEMANTIC VALUE UNRESOLVED	INTERPRETATION UNREVIEWED
R003869	zamanın	1	zamanın	zamanın	7	SEMANTIC VALUE UNRESOLVED	INTERPRETATION UNREVIEWED
R003870	zan1yari	1	zan1yari	zan1yari	8	SEMANTIC VALUE UNRESOLVED	INTERPRETATION UNREVIEWED
R003871	zana	1	zana	zana	4	SEMANTIC VALUE UNRESOLVED	INTERPRETATION UNREVIEWED
R003872	Zana:	1	Zana:	zana:	5	SEMANTIC VALUE UNRESOLVED	INTERPRETATION UNREVIEWED
R003873	zanayen	3	zanayen	zanayen	7	SEMANTIC VALUE UNRESOLVED	INTERPRETATION UNREVIEWED
R003874	zane,	1	zane,	zane,	5	SEMANTIC VALUE UNRESOLVED	INTERPRETATION UNREVIEWED
R003875	zane.	1	zane.	zane.	5	SEMANTIC VALUE UNRESOLVED	INTERPRETATION UNREVIEWED
R003876	zanin	4	zanin	zanin	5	SEMANTIC VALUE UNRESOLVED	INTERPRETATION UNREVIEWED
R003877	zanineki	1	zanineki	zanineki	8	SEMANTIC VALUE UNRESOLVED	INTERPRETATION UNREVIEWED
R003878	zaniyariya	1	zaniyariya	zaniyariya	10	SEMANTIC VALUE UNRESOLVED	INTERPRETATION UNREVIEWED
R003879	zaniyariyeda	1	zaniyariyeda	zaniyariyeda	12	SEMANTIC VALUE UNRESOLVED	INTERPRETATION UNREVIEWED
R003880	zaniyariyeki	1	zaniyariyeki	zaniyariyeki	12	SEMANTIC VALUE UNRESOLVED	INTERPRETATION UNREVIEWED
R003881	zaniya­	1	zaniya­	zaniya­	7	SEMANTIC VALUE UNRESOLVED	INTERPRETATION UNREVIEWED
R003882	zanıbuye.	1	zanıbuye.	zanıbuye.	9	SEMANTIC VALUE UNRESOLVED	INTERPRETATION UNREVIEWED
R003883	zar!	1	zar!	zar!	4	SEMANTIC VALUE UNRESOLVED	INTERPRETATION UNREVIEWED
R003884	zar:	1	zar:	zar:	4	SEMANTIC VALUE UNRESOLVED	INTERPRETATION UNREVIEWED
R003885	zare	17	zare	zare	4	SEMANTIC VALUE UNRESOLVED	INTERPRETATION UNREVIEWED
R003886	zaruken	1	zaruken	zaruken	7	SEMANTIC VALUE UNRESOLVED	INTERPRETATION UNREVIEWED
R003887	Zat-i	1	Zat-i	zat-i	5	SEMANTIC VALUE UNRESOLVED	INTERPRETATION UNREVIEWED
R003888	zate	1	zate	zate	4	SEMANTIC VALUE UNRESOLVED	INTERPRETATION UNREVIEWED
R003889	zatimiere	1	zatimiere	zatimiere	9	SEMANTIC VALUE UNRESOLVED	INTERPRETATION UNREVIEWED
R003890	Zavallı	2	Zavallı	zavallı	7	SEMANTIC VALUE UNRESOLVED	INTERPRETATION UNREVIEWED
R003891	zavallıların,	1	zavallıların,	zavallıların,	13	SEMANTIC VALUE UNRESOLVED	INTERPRETATION UNREVIEWED
R003892	Zaxel	1	Zaxel	zaxel	5	SEMANTIC VALUE UNRESOLVED	INTERPRETATION UNREVIEWED
R003893	Zaxel-besera	1	Zaxel-besera	zaxel-besera	12	SEMANTIC VALUE UNRESOLVED	INTERPRETATION UNREVIEWED
R003894	zayıf	1	zayıf	zayıf	5	SEMANTIC VALUE UNRESOLVED	INTERPRETATION UNREVIEWED
R003895	zayıflığı	1	zayıflığı	zayıflığı	9	SEMANTIC VALUE UNRESOLVED	INTERPRETATION UNREVIEWED
R003896	zayıfız,	1	zayıfız,	zayıfız,	8	SEMANTIC VALUE UNRESOLVED	INTERPRETATION UNREVIEWED
R003897	za­	1	za­	za­	3	SEMANTIC VALUE UNRESOLVED	INTERPRETATION UNREVIEWED
R003898	zebane!	1	zebane!	zebane!	7	SEMANTIC VALUE UNRESOLVED	INTERPRETATION UNREVIEWED
R003899	zebane»	1	zebane»	zebane»	7	SEMANTIC VALUE UNRESOLVED	INTERPRETATION UNREVIEWED
R003900	Zebfır-ı	1	Zebfır-ı	zebfır-ı	8	SEMANTIC VALUE UNRESOLVED	INTERPRETATION UNREVIEWED
R003901	Zebt	1	Zebt	zebt	4	SEMANTIC VALUE UNRESOLVED	INTERPRETATION UNREVIEWED
R003902	Zebur	1	Zebur	zebur	5	SEMANTIC VALUE UNRESOLVED	INTERPRETATION UNREVIEWED
R003903	zedebfına	1	zedebfına	zedebfına	9	SEMANTIC VALUE UNRESOLVED	INTERPRETATION UNREVIEWED
R003904	zelale	1	zelale	zelale	6	SEMANTIC VALUE UNRESOLVED	INTERPRETATION UNREVIEWED
R003905	zelame,	1	zelame,	zelame,	7	SEMANTIC VALUE UNRESOLVED	INTERPRETATION UNREVIEWED
R003906	zemane,	1	zemane,	zemane,	7	SEMANTIC VALUE UNRESOLVED	INTERPRETATION UNREVIEWED
R003907	zemin	1	zemin	zemin	5	SEMANTIC VALUE UNRESOLVED	INTERPRETATION UNREVIEWED
R003908	zemin,	1	zemin,	zemin,	6	SEMANTIC VALUE UNRESOLVED	INTERPRETATION UNREVIEWED
R003909	zenginleşmesine	1	zenginleşmesine	zenginleşmesine	15	SEMANTIC VALUE UNRESOLVED	INTERPRETATION UNREVIEWED
R003910	Zer	1	Zer	zer	3	SEMANTIC VALUE UNRESOLVED	INTERPRETATION UNREVIEWED
R003911	zerre	2	zerre	zerre	5	SEMANTIC VALUE UNRESOLVED	INTERPRETATION UNREVIEWED
R003912	zevale	1	zevale	zevale	6	SEMANTIC VALUE UNRESOLVED	INTERPRETATION UNREVIEWED
R003913	zevali	1	zevali	zevali	6	SEMANTIC VALUE UNRESOLVED	INTERPRETATION UNREVIEWED
R003914	zevke	1	zevke	zevke	5	SEMANTIC VALUE UNRESOLVED	INTERPRETATION UNREVIEWED
R003915	zewale	1	zewale	zewale	6	SEMANTIC VALUE UNRESOLVED	INTERPRETATION UNREVIEWED
R003916	zewale?	1	zewale?	zewale?	7	SEMANTIC VALUE UNRESOLVED	INTERPRETATION UNREVIEWED
R003917	zihniyeta	1	zihniyeta	zihniyeta	9	SEMANTIC VALUE UNRESOLVED	INTERPRETATION UNREVIEWED
R003918	zikrini,	1	zikrini,	zikrini,	8	SEMANTIC VALUE UNRESOLVED	INTERPRETATION UNREVIEWED
R003919	zildi.	1	zildi.	zildi.	6	SEMANTIC VALUE UNRESOLVED	INTERPRETATION UNREVIEWED
R003920	ZIN	11	ZIN	zin	3	SEMANTIC VALUE UNRESOLVED	INTERPRETATION UNREVIEWED
R003921	ZiN	3	ZiN	zin	3	SEMANTIC VALUE UNRESOLVED	INTERPRETATION UNREVIEWED
R003922	Zin	1	Zin	zin	3	SEMANTIC VALUE UNRESOLVED	INTERPRETATION UNREVIEWED
R003923	Zin'e	1	Zin'e	zin'e	5	SEMANTIC VALUE UNRESOLVED	INTERPRETATION UNREVIEWED
R003924	Zin'in	2	Zin'in	zin'in	6	SEMANTIC VALUE UNRESOLVED	INTERPRETATION UNREVIEWED
R003925	Zine	1	Zine	zine	4	SEMANTIC VALUE UNRESOLVED	INTERPRETATION UNREVIEWED
R003926	Zine,	1	Zine,	zine,	5	SEMANTIC VALUE UNRESOLVED	INTERPRETATION UNREVIEWED
R003927	zineta	1	zineta	zineta	6	SEMANTIC VALUE UNRESOLVED	INTERPRETATION UNREVIEWED
R003928	ziv.	1	ziv.	ziv.	4	SEMANTIC VALUE UNRESOLVED	INTERPRETATION UNREVIEWED
R003929	ziyade	1	ziyade	ziyade	6	SEMANTIC VALUE UNRESOLVED	INTERPRETATION UNREVIEWED
R003930	ziyaretgaha	1	ziyaretgaha	ziyaretgaha	11	SEMANTIC VALUE UNRESOLVED	INTERPRETATION UNREVIEWED
R003931	ziyaretgahıdır.	1	ziyaretgahıdır.	ziyaretgahıdır.	15	SEMANTIC VALUE UNRESOLVED	INTERPRETATION UNREVIEWED
R003932	ZİN	15	ZİN	zi̇n	3	SEMANTIC VALUE UNRESOLVED	INTERPRETATION UNREVIEWED
R003933	ZİN'den	1	ZİN'den	zi̇n'den	7	SEMANTIC VALUE UNRESOLVED	INTERPRETATION UNREVIEWED
R003934	ZİN'dir.	1	ZİN'dir.	zi̇n'dir.	8	SEMANTIC VALUE UNRESOLVED	INTERPRETATION UNREVIEWED
R003935	ZİN'e	3	ZİN'e	zi̇n'e	5	SEMANTIC VALUE UNRESOLVED	INTERPRETATION UNREVIEWED
R003936	ZİN'e.	1	ZİN'e.	zi̇n'e.	6	SEMANTIC VALUE UNRESOLVED	INTERPRETATION UNREVIEWED
R003937	ZİN'i	1	ZİN'i	zi̇n'i	5	SEMANTIC VALUE UNRESOLVED	INTERPRETATION UNREVIEWED
R003938	zlliniyeta	2	zlliniyeta	zlliniyeta	10	SEMANTIC VALUE UNRESOLVED	INTERPRETATION UNREVIEWED
R003939	ZlN	7	ZlN	zln	3	SEMANTIC VALUE UNRESOLVED	INTERPRETATION UNREVIEWED
R003940	zor	1	zor	zor	3	SEMANTIC VALUE UNRESOLVED	INTERPRETATION UNREVIEWED
R003941	zorla	1	zorla	zorla	5	SEMANTIC VALUE UNRESOLVED	INTERPRETATION UNREVIEWED
R003942	zorunlu	3	zorunlu	zorunlu	7	SEMANTIC VALUE UNRESOLVED	INTERPRETATION UNREVIEWED
R003943	zorunlu,	1	zorunlu,	zorunlu,	8	SEMANTIC VALUE UNRESOLVED	INTERPRETATION UNREVIEWED
R003944	zorunsuz	2	zorunsuz	zorunsuz	8	SEMANTIC VALUE UNRESOLVED	INTERPRETATION UNREVIEWED
R003945	zvlme,	1	zvlme,	zvlme,	6	SEMANTIC VALUE UNRESOLVED	INTERPRETATION UNREVIEWED
R003946	ZÎN	1	ZÎN	zîn	3	SEMANTIC VALUE UNRESOLVED	INTERPRETATION UNREVIEWED
R003947	Zîn	1	Zîn	zîn	3	SEMANTIC VALUE UNRESOLVED	INTERPRETATION UNREVIEWED
R003948	Züleyha'ya	1	Züleyha'ya	züleyha'ya	10	SEMANTIC VALUE UNRESOLVED	INTERPRETATION UNREVIEWED
R003949	zülüf	3	zülüf	zülüf	5	SEMANTIC VALUE UNRESOLVED	INTERPRETATION UNREVIEWED
R003950	zıkre	1	zıkre	zıkre	5	SEMANTIC VALUE UNRESOLVED	INTERPRETATION UNREVIEWED
R003951	zıkrek	1	zıkrek	zıkrek	6	SEMANTIC VALUE UNRESOLVED	INTERPRETATION UNREVIEWED
R003952	Zılcelal'i»	1	Zılcelal'i»	zılcelal'i»	11	SEMANTIC VALUE UNRESOLVED	INTERPRETATION UNREVIEWED
R003953	Zılcelal'le	1	Zılcelal'le	zılcelal'le	11	SEMANTIC VALUE UNRESOLVED	INTERPRETATION UNREVIEWED
R003954	Zıleyxa?	1	Zıleyxa?	zıleyxa?	8	SEMANTIC VALUE UNRESOLVED	INTERPRETATION UNREVIEWED
R003955	zılf	2	zılf	zılf	4	SEMANTIC VALUE UNRESOLVED	INTERPRETATION UNREVIEWED
R003956	zılf.	1	zılf.	zılf.	5	SEMANTIC VALUE UNRESOLVED	INTERPRETATION UNREVIEWED
R003957	zımane	2	zımane	zımane	6	SEMANTIC VALUE UNRESOLVED	INTERPRETATION UNREVIEWED
R003958	Zımane:	1	Zımane:	zımane:	7	SEMANTIC VALUE UNRESOLVED	INTERPRETATION UNREVIEWED
R003959	{)ldu	1	{)ldu	{)ldu	5	SEMANTIC VALUE UNRESOLVED	INTERPRETATION UNREVIEWED
R003960	{1)	1	{1)	{1)	3	SEMANTIC VALUE UNRESOLVED	INTERPRETATION UNREVIEWED
R003961	«	1	«	«	1	SEMANTIC VALUE UNRESOLVED	INTERPRETATION UNREVIEWED
R003962	«01»	2	«01»	«01»	4	SEMANTIC VALUE UNRESOLVED	INTERPRETATION UNREVIEWED
R003963	«Agıre»	1	«Agıre»	«agıre»	7	SEMANTIC VALUE UNRESOLVED	INTERPRETATION UNREVIEWED
R003964	«Allah	2	«Allah	«allah	6	SEMANTIC VALUE UNRESOLVED	INTERPRETATION UNREVIEWED
R003965	«Allah,	1	«Allah,	«allah,	7	SEMANTIC VALUE UNRESOLVED	INTERPRETATION UNREVIEWED
R003966	«aşk-ı	2	«aşk-ı	«aşk-ı	6	SEMANTIC VALUE UNRESOLVED	INTERPRETATION UNREVIEWED
R003967	«Bağışlayıcı»	1	«Bağışlayıcı»	«bağışlayıcı»	13	SEMANTIC VALUE UNRESOLVED	INTERPRETATION UNREVIEWED
R003968	«Ben	1	«Ben	«ben	4	SEMANTIC VALUE UNRESOLVED	INTERPRETATION UNREVIEWED
R003969	«Biz	1	«Biz	«biz	4	SEMANTIC VALUE UNRESOLVED	INTERPRETATION UNREVIEWED
R003970	«Büyük	1	«Büyük	«büyük	6	SEMANTIC VALUE UNRESOLVED	INTERPRETATION UNREVIEWED
R003971	«Dana»	1	«Dana»	«dana»	6	SEMANTIC VALUE UNRESOLVED	INTERPRETATION UNREVIEWED
R003972	«Dı	1	«Dı	«dı	3	SEMANTIC VALUE UNRESOLVED	INTERPRETATION UNREVIEWED
R003973	«Eger	2	«Eger	«eger	5	SEMANTIC VALUE UNRESOLVED	INTERPRETATION UNREVIEWED
R003974	«Hayatına	1	«Hayatına	«hayatına	9	SEMANTIC VALUE UNRESOLVED	INTERPRETATION UNREVIEWED
R003975	«Hep	1	«Hep	«hep	4	SEMANTIC VALUE UNRESOLVED	INTERPRETATION UNREVIEWED
R003976	«Himmet»	1	«Himmet»	«himmet»	8	SEMANTIC VALUE UNRESOLVED	INTERPRETATION UNREVIEWED
R003977	«İlkler»	1	«İlkler»	«i̇lkler»	8	SEMANTIC VALUE UNRESOLVED	INTERPRETATION UNREVIEWED
R003978	«Jar>•	1	«Jar>•	«jar>•	6	SEMANTIC VALUE UNRESOLVED	INTERPRETATION UNREVIEWED
R003979	«Kahredici»	1	«Kahredici»	«kahredici»	11	SEMANTIC VALUE UNRESOLVED	INTERPRETATION UNREVIEWED
R003980	«KUn>>	1	«KUn>>	«kun>>	6	SEMANTIC VALUE UNRESOLVED	INTERPRETATION UNREVIEWED
R003981	«Kun»,	1	«Kun»,	«kun»,	6	SEMANTIC VALUE UNRESOLVED	INTERPRETATION UNREVIEWED
R003982	«lareyb»	1	«lareyb»	«lareyb»	8	SEMANTIC VALUE UNRESOLVED	INTERPRETATION UNREVIEWED
R003983	«Lem	1	«Lem	«lem	4	SEMANTIC VALUE UNRESOLVED	INTERPRETATION UNREVIEWED
R003984	«Levlak-.:	1	«Levlak-.:	«levlak-.:	10	SEMANTIC VALUE UNRESOLVED	INTERPRETATION UNREVIEWED
R003985	«Levlak»	1	«Levlak»	«levlak»	8	SEMANTIC VALUE UNRESOLVED	INTERPRETATION UNREVIEWED
R003986	«Lewlak»!	1	«Lewlak»!	«lewlak»!	9	SEMANTIC VALUE UNRESOLVED	INTERPRETATION UNREVIEWED
R003987	«Ma	1	«Ma	«ma	3	SEMANTIC VALUE UNRESOLVED	INTERPRETATION UNREVIEWED
R003988	«Me	2	«Me	«me	3	SEMANTIC VALUE UNRESOLVED	INTERPRETATION UNREVIEWED
R003989	«Mehra	1	«Mehra	«mehra	6	SEMANTIC VALUE UNRESOLVED	INTERPRETATION UNREVIEWED
R003990	«Meme	3	«Meme	«meme	5	SEMANTIC VALUE UNRESOLVED	INTERPRETATION UNREVIEWED
R003991	«Mm	1	«Mm	«mm	3	SEMANTIC VALUE UNRESOLVED	INTERPRETATION UNREVIEWED
R003992	«Müjde	1	«Müjde	«müjde	6	SEMANTIC VALUE UNRESOLVED	INTERPRETATION UNREVIEWED
R003993	«Mıjde	1	«Mıjde	«mıjde	6	SEMANTIC VALUE UNRESOLVED	INTERPRETATION UNREVIEWED
R003994	«Ol»	1	«Ol»	«ol»	4	SEMANTIC VALUE UNRESOLVED	INTERPRETATION UNREVIEWED
R003995	«Pexember	1	«Pexember	«pexember	9	SEMANTIC VALUE UNRESOLVED	INTERPRETATION UNREVIEWED
R003996	«Qabe	1	«Qabe	«qabe	5	SEMANTIC VALUE UNRESOLVED	INTERPRETATION UNREVIEWED
R003997	«Qehhar»	1	«Qehhar»	«qehhar»	8	SEMANTIC VALUE UNRESOLVED	INTERPRETATION UNREVIEWED
R003998	«Sen	1	«Sen	«sen	4	SEMANTIC VALUE UNRESOLVED	INTERPRETATION UNREVIEWED
R003999	«sen	1	«sen	«sen	4	SEMANTIC VALUE UNRESOLVED	INTERPRETATION UNREVIEWED
R004000	«Tanımadık»	1	«Tanımadık»	«tanımadık»	11	SEMANTIC VALUE UNRESOLVED	INTERPRETATION UNREVIEWED
R004001	«Tasin»	4	«Tasin»	«tasin»	7	SEMANTIC VALUE UNRESOLVED	INTERPRETATION UNREVIEWED
R004002	«Tasin»:	1	«Tasin»:	«tasin»:	8	SEMANTIC VALUE UNRESOLVED	INTERPRETATION UNREVIEWED
R004003	«Tu	1	«Tu	«tu	3	SEMANTIC VALUE UNRESOLVED	INTERPRETATION UNREVIEWED
R004004	«Tudillu	1	«Tudillu	«tudillu	8	SEMANTIC VALUE UNRESOLVED	INTERPRETATION UNREVIEWED
R004005	«We	1	«We	«we	3	SEMANTIC VALUE UNRESOLVED	INTERPRETATION UNREVIEWED
R004006	«Xeffer»e	1	«Xeffer»e	«xeffer»e	9	SEMANTIC VALUE UNRESOLVED	INTERPRETATION UNREVIEWED
R004007	«Yas	1	«Yas	«yas	4	SEMANTIC VALUE UNRESOLVED	INTERPRETATION UNREVIEWED
R004008	«Yasin»	1	«Yasin»	«yasin»	7	SEMANTIC VALUE UNRESOLVED	INTERPRETATION UNREVIEWED
R004009	«Zana»	1	«Zana»	«zana»	6	SEMANTIC VALUE UNRESOLVED	INTERPRETATION UNREVIEWED
R004010	«Zar»	1	«Zar»	«zar»	5	SEMANTIC VALUE UNRESOLVED	INTERPRETATION UNREVIEWED
R004011	«Zımane»	1	«Zımane»	«zımane»	8	SEMANTIC VALUE UNRESOLVED	INTERPRETATION UNREVIEWED
R004012	«Şey'eki	1	«Şey'eki	«şey'eki	8	SEMANTIC VALUE UNRESOLVED	INTERPRETATION UNREVIEWED
R004013	·	1	·	·	1	SEMANTIC VALUE UNRESOLVED	INTERPRETATION UNREVIEWED
R004014	·di'nin,	1	·di'nin,	·di'nin,	8	SEMANTIC VALUE UNRESOLVED	INTERPRETATION UNREVIEWED
R004015	·etmemiş,	1	·etmemiş,	·etmemiş,	9	SEMANTIC VALUE UNRESOLVED	INTERPRETATION UNREVIEWED
R004016	·kırın	1	·kırın	·kırın	6	SEMANTIC VALUE UNRESOLVED	INTERPRETATION UNREVIEWED
R004017	·üzerimizde	1	·üzerimizde	·üzerimizde	11	SEMANTIC VALUE UNRESOLVED	INTERPRETATION UNREVIEWED
R004018	ºekici	1	ºekici	ºekici	6	SEMANTIC VALUE UNRESOLVED	INTERPRETATION UNREVIEWED
R004019	»	1	»	»	1	SEMANTIC VALUE UNRESOLVED	INTERPRETATION UNREVIEWED
R004020	»Oldu»	1	»Oldu»	»oldu»	6	SEMANTIC VALUE UNRESOLVED	INTERPRETATION UNREVIEWED
R004021	çabucak	1	çabucak	çabucak	7	SEMANTIC VALUE UNRESOLVED	INTERPRETATION UNREVIEWED
R004022	Çadırsız,	1	Çadırsız,	çadırsız,	9	SEMANTIC VALUE UNRESOLVED	INTERPRETATION UNREVIEWED
R004023	ÇAGRI	1	ÇAGRI	çagri	5	SEMANTIC VALUE UNRESOLVED	INTERPRETATION UNREVIEWED
R004024	çalak	1	çalak	çalak	5	SEMANTIC VALUE UNRESOLVED	INTERPRETATION UNREVIEWED
R004025	çalışma,	1	çalışma,	çalışma,	8	SEMANTIC VALUE UNRESOLVED	INTERPRETATION UNREVIEWED
R004026	çalışmamış;	1	çalışmamış;	çalışmamış;	11	SEMANTIC VALUE UNRESOLVED	INTERPRETATION UNREVIEWED
R004027	çalışmış	1	çalışmış	çalışmış	8	SEMANTIC VALUE UNRESOLVED	INTERPRETATION UNREVIEWED
R004028	çamur	1	çamur	çamur	5	SEMANTIC VALUE UNRESOLVED	INTERPRETATION UNREVIEWED
R004029	çamurdu	1	çamurdu	çamurdu	7	SEMANTIC VALUE UNRESOLVED	INTERPRETATION UNREVIEWED
R004030	çapkırm.	1	çapkırm.	çapkırm.	8	SEMANTIC VALUE UNRESOLVED	INTERPRETATION UNREVIEWED
R004031	çapkırın:	1	çapkırın:	çapkırın:	9	SEMANTIC VALUE UNRESOLVED	INTERPRETATION UNREVIEWED
R004032	çar	1	çar	çar	3	SEMANTIC VALUE UNRESOLVED	INTERPRETATION UNREVIEWED
R004033	Çaresiz	1	Çaresiz	çaresiz	7	SEMANTIC VALUE UNRESOLVED	INTERPRETATION UNREVIEWED
R004034	çaresizlerin	1	çaresizlerin	çaresizlerin	12	SEMANTIC VALUE UNRESOLVED	INTERPRETATION UNREVIEWED
R004035	çare­	1	çare­	çare­	5	SEMANTIC VALUE UNRESOLVED	INTERPRETATION UNREVIEWED
R004036	çark,	1	çark,	çark,	5	SEMANTIC VALUE UNRESOLVED	INTERPRETATION UNREVIEWED
R004037	çarkına	1	çarkına	çarkına	7	SEMANTIC VALUE UNRESOLVED	INTERPRETATION UNREVIEWED
R004038	çarkından,	1	çarkından,	çarkından,	10	SEMANTIC VALUE UNRESOLVED	INTERPRETATION UNREVIEWED
R004039	çarptırdı.	1	çarptırdı.	çarptırdı.	10	SEMANTIC VALUE UNRESOLVED	INTERPRETATION UNREVIEWED
R004040	çarpık	1	çarpık	çarpık	6	SEMANTIC VALUE UNRESOLVED	INTERPRETATION UNREVIEWED
R004041	çatıncaya	1	çatıncaya	çatıncaya	9	SEMANTIC VALUE UNRESOLVED	INTERPRETATION UNREVIEWED
R004042	çav;	1	çav;	çav;	4	SEMANTIC VALUE UNRESOLVED	INTERPRETATION UNREVIEWED
R004043	çavan	1	çavan	çavan	5	SEMANTIC VALUE UNRESOLVED	INTERPRETATION UNREVIEWED
R004044	çave	1	çave	çave	4	SEMANTIC VALUE UNRESOLVED	INTERPRETATION UNREVIEWED
R004045	Çawa	1	Çawa	çawa	4	SEMANTIC VALUE UNRESOLVED	INTERPRETATION UNREVIEWED
R004046	çawa	3	çawa	çawa	4	SEMANTIC VALUE UNRESOLVED	INTERPRETATION UNREVIEWED
R004047	ça­	1	ça­	ça­	3	SEMANTIC VALUE UNRESOLVED	INTERPRETATION UNREVIEWED
R004048	çağda	1	çağda	çağda	5	SEMANTIC VALUE UNRESOLVED	INTERPRETATION UNREVIEWED
R004049	çağdaş	1	çağdaş	çağdaş	6	SEMANTIC VALUE UNRESOLVED	INTERPRETATION UNREVIEWED
R004050	Çağdaşı	1	Çağdaşı	çağdaşı	7	SEMANTIC VALUE UNRESOLVED	INTERPRETATION UNREVIEWED
R004051	çağ­	1	çağ­	çağ­	4	SEMANTIC VALUE UNRESOLVED	INTERPRETATION UNREVIEWED
R004052	çağın	1	çağın	çağın	5	SEMANTIC VALUE UNRESOLVED	INTERPRETATION UNREVIEWED
R004053	çağında	1	çağında	çağında	7	SEMANTIC VALUE UNRESOLVED	INTERPRETATION UNREVIEWED
R004054	çağının	1	çağının	çağının	7	SEMANTIC VALUE UNRESOLVED	INTERPRETATION UNREVIEWED
R004055	çağı­	1	çağı­	çağı­	5	SEMANTIC VALUE UNRESOLVED	INTERPRETATION UNREVIEWED
R004056	Çe	1	Çe	çe	2	SEMANTIC VALUE UNRESOLVED	INTERPRETATION UNREVIEWED
R004057	çe	9	çe	çe	2	SEMANTIC VALUE UNRESOLVED	INTERPRETATION UNREVIEWED
R004058	çebuna	1	çebuna	çebuna	6	SEMANTIC VALUE UNRESOLVED	INTERPRETATION UNREVIEWED
R004059	çeken!	1	çeken!	çeken!	6	SEMANTIC VALUE UNRESOLVED	INTERPRETATION UNREVIEWED
R004060	çeken,	1	çeken,	çeken,	6	SEMANTIC VALUE UNRESOLVED	INTERPRETATION UNREVIEWED
R004061	çekimindir;	1	çekimindir;	çekimindir;	11	SEMANTIC VALUE UNRESOLVED	INTERPRETATION UNREVIEWED
R004062	çekip	1	çekip	çekip	5	SEMANTIC VALUE UNRESOLVED	INTERPRETATION UNREVIEWED
R004063	çekmekte,	1	çekmekte,	çekmekte,	9	SEMANTIC VALUE UNRESOLVED	INTERPRETATION UNREVIEWED
R004064	çekse	1	çekse	çekse	5	SEMANTIC VALUE UNRESOLVED	INTERPRETATION UNREVIEWED
R004065	çekten	1	çekten	çekten	6	SEMANTIC VALUE UNRESOLVED	INTERPRETATION UNREVIEWED
R004066	Çekti	1	Çekti	çekti	5	SEMANTIC VALUE UNRESOLVED	INTERPRETATION UNREVIEWED
R004067	çend	2	çend	çend	4	SEMANTIC VALUE UNRESOLVED	INTERPRETATION UNREVIEWED
R004068	çende	5	çende	çende	5	SEMANTIC VALUE UNRESOLVED	INTERPRETATION UNREVIEWED
R004069	çendi	1	çendi	çendi	5	SEMANTIC VALUE UNRESOLVED	INTERPRETATION UNREVIEWED
R004070	çepe,	1	çepe,	çepe,	5	SEMANTIC VALUE UNRESOLVED	INTERPRETATION UNREVIEWED
R004071	çerxa	1	çerxa	çerxa	5	SEMANTIC VALUE UNRESOLVED	INTERPRETATION UNREVIEWED
R004072	çerxe	1	çerxe	çerxe	5	SEMANTIC VALUE UNRESOLVED	INTERPRETATION UNREVIEWED
R004073	çevirdik.	1	çevirdik.	çevirdik.	9	SEMANTIC VALUE UNRESOLVED	INTERPRETATION UNREVIEWED
R004074	çevirilmemiştir.	1	çevirilmemiştir.	çevirilmemiştir.	16	SEMANTIC VALUE UNRESOLVED	INTERPRETATION UNREVIEWED
R004075	çevirilmiştir.	1	çevirilmiştir.	çevirilmiştir.	14	SEMANTIC VALUE UNRESOLVED	INTERPRETATION UNREVIEWED
R004076	çevirip	1	çevirip	çevirip	7	SEMANTIC VALUE UNRESOLVED	INTERPRETATION UNREVIEWED
R004077	çevirisinde	1	çevirisinde	çevirisinde	11	SEMANTIC VALUE UNRESOLVED	INTERPRETATION UNREVIEWED
R004078	çevirisinin	1	çevirisinin	çevirisinin	11	SEMANTIC VALUE UNRESOLVED	INTERPRETATION UNREVIEWED
R004079	Çevirmek	1	Çevirmek	çevirmek	8	SEMANTIC VALUE UNRESOLVED	INTERPRETATION UNREVIEWED
R004080	çevirmekte	1	çevirmekte	çevirmekte	10	SEMANTIC VALUE UNRESOLVED	INTERPRETATION UNREVIEWED
R004081	çevresinde	1	çevresinde	çevresinde	10	SEMANTIC VALUE UNRESOLVED	INTERPRETATION UNREVIEWED
R004082	çewt	1	çewt	çewt	4	SEMANTIC VALUE UNRESOLVED	INTERPRETATION UNREVIEWED
R004083	çe­	1	çe­	çe­	3	SEMANTIC VALUE UNRESOLVED	INTERPRETATION UNREVIEWED
R004084	çeşidi	1	çeşidi	çeşidi	6	SEMANTIC VALUE UNRESOLVED	INTERPRETATION UNREVIEWED
R004085	çeşidinden	1	çeşidinden	çeşidinden	10	SEMANTIC VALUE UNRESOLVED	INTERPRETATION UNREVIEWED
R004086	çeşidine	1	çeşidine	çeşidine	8	SEMANTIC VALUE UNRESOLVED	INTERPRETATION UNREVIEWED
R004087	çeşit	1	çeşit	çeşit	5	SEMANTIC VALUE UNRESOLVED	INTERPRETATION UNREVIEWED
R004088	çfın	1	çfın	çfın	4	SEMANTIC VALUE UNRESOLVED	INTERPRETATION UNREVIEWED
R004089	Çiftleştirilmişler	1	Çiftleştirilmişler	çiftleştirilmişler	18	SEMANTIC VALUE UNRESOLVED	INTERPRETATION UNREVIEWED
R004090	çihar-ı	1	çihar-ı	çihar-ı	7	SEMANTIC VALUE UNRESOLVED	INTERPRETATION UNREVIEWED
R004091	çinbfı.	1	çinbfı.	çinbfı.	7	SEMANTIC VALUE UNRESOLVED	INTERPRETATION UNREVIEWED
R004092	çirok	1	çirok	çirok	5	SEMANTIC VALUE UNRESOLVED	INTERPRETATION UNREVIEWED
R004093	Çiroka	1	Çiroka	çiroka	6	SEMANTIC VALUE UNRESOLVED	INTERPRETATION UNREVIEWED
R004094	çiroka	2	çiroka	çiroka	6	SEMANTIC VALUE UNRESOLVED	INTERPRETATION UNREVIEWED
R004095	çiroke	1	çiroke	çiroke	6	SEMANTIC VALUE UNRESOLVED	INTERPRETATION UNREVIEWED
R004096	çite	1	çite	çite	4	SEMANTIC VALUE UNRESOLVED	INTERPRETATION UNREVIEWED
R004097	çiğdir	1	çiğdir	çiğdir	6	SEMANTIC VALUE UNRESOLVED	INTERPRETATION UNREVIEWED
R004098	çiı.ye.	1	çiı.ye.	çiı.ye.	7	SEMANTIC VALUE UNRESOLVED	INTERPRETATION UNREVIEWED
R004099	çobanı	1	çobanı	çobanı	6	SEMANTIC VALUE UNRESOLVED	INTERPRETATION UNREVIEWED
R004100	çocukları	2	çocukları	çocukları	9	SEMANTIC VALUE UNRESOLVED	INTERPRETATION UNREVIEWED
R004101	çok	6	çok	çok	3	SEMANTIC VALUE UNRESOLVED	INTERPRETATION UNREVIEWED
R004102	ço­	1	ço­	ço­	3	SEMANTIC VALUE UNRESOLVED	INTERPRETATION UNREVIEWED
R004103	çoğu	1	çoğu	çoğu	4	SEMANTIC VALUE UNRESOLVED	INTERPRETATION UNREVIEWED
R004104	çoğu,	1	çoğu,	çoğu,	5	SEMANTIC VALUE UNRESOLVED	INTERPRETATION UNREVIEWED
R004105	çu	2	çu	çu	2	SEMANTIC VALUE UNRESOLVED	INTERPRETATION UNREVIEWED
R004106	çuye	1	çuye	çuye	4	SEMANTIC VALUE UNRESOLVED	INTERPRETATION UNREVIEWED
R004107	çü	2	çü	çü	2	SEMANTIC VALUE UNRESOLVED	INTERPRETATION UNREVIEWED
R004108	Çünkü	2	Çünkü	çünkü	5	SEMANTIC VALUE UNRESOLVED	INTERPRETATION UNREVIEWED
R004109	çürük	1	çürük	çürük	5	SEMANTIC VALUE UNRESOLVED	INTERPRETATION UNREVIEWED
R004110	Çı	1	Çı	çı	2	SEMANTIC VALUE UNRESOLVED	INTERPRETATION UNREVIEWED
R004111	çı	16	çı	çı	2	SEMANTIC VALUE UNRESOLVED	INTERPRETATION UNREVIEWED
R004112	çı?»,	1	çı?»,	çı?»,	5	SEMANTIC VALUE UNRESOLVED	INTERPRETATION UNREVIEWED
R004113	çık.	1	çık.	çık.	4	SEMANTIC VALUE UNRESOLVED	INTERPRETATION UNREVIEWED
R004114	çıkar	1	çıkar	çıkar	5	SEMANTIC VALUE UNRESOLVED	INTERPRETATION UNREVIEWED
R004115	çıkaran	1	çıkaran	çıkaran	7	SEMANTIC VALUE UNRESOLVED	INTERPRETATION UNREVIEWED
R004116	çıkarcı	1	çıkarcı	çıkarcı	7	SEMANTIC VALUE UNRESOLVED	INTERPRETATION UNREVIEWED
R004117	çıksın	2	çıksın	çıksın	6	SEMANTIC VALUE UNRESOLVED	INTERPRETATION UNREVIEWED
R004118	çıksın,	1	çıksın,	çıksın,	7	SEMANTIC VALUE UNRESOLVED	INTERPRETATION UNREVIEWED
R004119	çıktı	1	çıktı	çıktı	5	SEMANTIC VALUE UNRESOLVED	INTERPRETATION UNREVIEWED
R004120	çıra	1	çıra	çıra	4	SEMANTIC VALUE UNRESOLVED	INTERPRETATION UNREVIEWED
R004121	çıroke	1	çıroke	çıroke	6	SEMANTIC VALUE UNRESOLVED	INTERPRETATION UNREVIEWED
R004122	ödemiyoruz	1	ödemiyoruz	ödemiyoruz	10	SEMANTIC VALUE UNRESOLVED	INTERPRETATION UNREVIEWED
R004123	öksüzlere.	1	öksüzlere.	öksüzlere.	10	SEMANTIC VALUE UNRESOLVED	INTERPRETATION UNREVIEWED
R004124	ölmez	5	ölmez	ölmez	5	SEMANTIC VALUE UNRESOLVED	INTERPRETATION UNREVIEWED
R004125	Ölümsüz	1	Ölümsüz	ölümsüz	7	SEMANTIC VALUE UNRESOLVED	INTERPRETATION UNREVIEWED
R004126	Ömer	1	Ömer	ömer	4	SEMANTIC VALUE UNRESOLVED	INTERPRETATION UNREVIEWED
R004127	ön	1	ön	ön	2	SEMANTIC VALUE UNRESOLVED	INTERPRETATION UNREVIEWED
R004128	Önce	1	Önce	önce	4	SEMANTIC VALUE UNRESOLVED	INTERPRETATION UNREVIEWED
R004129	önce	3	önce	önce	4	SEMANTIC VALUE UNRESOLVED	INTERPRETATION UNREVIEWED
R004130	önceden	1	önceden	önceden	7	SEMANTIC VALUE UNRESOLVED	INTERPRETATION UNREVIEWED
R004131	öncülerinden	1	öncülerinden	öncülerinden	12	SEMANTIC VALUE UNRESOLVED	INTERPRETATION UNREVIEWED
R004132	önde	1	önde	önde	4	SEMANTIC VALUE UNRESOLVED	INTERPRETATION UNREVIEWED
R004133	Önden	1	Önden	önden	5	SEMANTIC VALUE UNRESOLVED	INTERPRETATION UNREVIEWED
R004134	ÖNSöZ	1	ÖNSöZ	önsöz	5	SEMANTIC VALUE UNRESOLVED	INTERPRETATION UNREVIEWED
R004135	önsö­	1	önsö­	önsö­	5	SEMANTIC VALUE UNRESOLVED	INTERPRETATION UNREVIEWED
R004136	önümüzde	1	önümüzde	önümüzde	8	SEMANTIC VALUE UNRESOLVED	INTERPRETATION UNREVIEWED
R004137	önünde	2	önünde	önünde	6	SEMANTIC VALUE UNRESOLVED	INTERPRETATION UNREVIEWED
R004138	önünde;	1	önünde;	önünde;	7	SEMANTIC VALUE UNRESOLVED	INTERPRETATION UNREVIEWED
R004139	önüne	2	önüne	önüne	5	SEMANTIC VALUE UNRESOLVED	INTERPRETATION UNREVIEWED
R004140	örgüler,	1	örgüler,	örgüler,	8	SEMANTIC VALUE UNRESOLVED	INTERPRETATION UNREVIEWED
R004141	örneğin	1	örneğin	örneğin	7	SEMANTIC VALUE UNRESOLVED	INTERPRETATION UNREVIEWED
R004142	Örneğin,	1	Örneğin,	örneğin,	8	SEMANTIC VALUE UNRESOLVED	INTERPRETATION UNREVIEWED
R004143	övdükten	1	övdükten	övdükten	8	SEMANTIC VALUE UNRESOLVED	INTERPRETATION UNREVIEWED
R004144	öven.	1	öven.	öven.	5	SEMANTIC VALUE UNRESOLVED	INTERPRETATION UNREVIEWED
R004145	ÖVGÜ	2	ÖVGÜ	övgü	4	SEMANTIC VALUE UNRESOLVED	INTERPRETATION UNREVIEWED
R004146	övmek!	1	övmek!	övmek!	6	SEMANTIC VALUE UNRESOLVED	INTERPRETATION UNREVIEWED
R004147	Övünen	1	Övünen	övünen	6	SEMANTIC VALUE UNRESOLVED	INTERPRETATION UNREVIEWED
R004148	Öyle	1	Öyle	öyle	4	SEMANTIC VALUE UNRESOLVED	INTERPRETATION UNREVIEWED
R004149	öylece	3	öylece	öylece	6	SEMANTIC VALUE UNRESOLVED	INTERPRETATION UNREVIEWED
R004150	Özellikle	1	Özellikle	özellikle	9	SEMANTIC VALUE UNRESOLVED	INTERPRETATION UNREVIEWED
R004151	özellikle	1	özellikle	özellikle	9	SEMANTIC VALUE UNRESOLVED	INTERPRETATION UNREVIEWED
R004152	özgürdü,	1	özgürdü,	özgürdü,	8	SEMANTIC VALUE UNRESOLVED	INTERPRETATION UNREVIEWED
R004153	özü	1	özü	özü	3	SEMANTIC VALUE UNRESOLVED	INTERPRETATION UNREVIEWED
R004154	öğreticisiydi,	1	öğreticisiydi,	öğreticisiydi,	14	SEMANTIC VALUE UNRESOLVED	INTERPRETATION UNREVIEWED
R004155	öğüt	1	öğüt	öğüt	4	SEMANTIC VALUE UNRESOLVED	INTERPRETATION UNREVIEWED
R004156	Û	1	Û	û	1	SEMANTIC VALUE UNRESOLVED	INTERPRETATION UNREVIEWED
R004157	û	1	û	û	1	SEMANTIC VALUE UNRESOLVED	INTERPRETATION UNREVIEWED
R004158	Ü	19	Ü	ü	1	SEMANTIC VALUE UNRESOLVED	INTERPRETATION UNREVIEWED
R004159	ü	16	ü	ü	1	SEMANTIC VALUE UNRESOLVED	INTERPRETATION UNREVIEWED
R004160	Ülkelerin,	1	Ülkelerin,	ülkelerin,	10	SEMANTIC VALUE UNRESOLVED	INTERPRETATION UNREVIEWED
R004161	Ülkemizde	1	Ülkemizde	ülkemizde	9	SEMANTIC VALUE UNRESOLVED	INTERPRETATION UNREVIEWED
R004162	ülkemizin	4	ülkemizin	ülkemizin	9	SEMANTIC VALUE UNRESOLVED	INTERPRETATION UNREVIEWED
R004163	ümitsiz	1	ümitsiz	ümitsiz	7	SEMANTIC VALUE UNRESOLVED	INTERPRETATION UNREVIEWED
R004164	Ümmetten	1	Ümmetten	ümmetten	8	SEMANTIC VALUE UNRESOLVED	INTERPRETATION UNREVIEWED
R004165	ün	1	ün	ün	2	SEMANTIC VALUE UNRESOLVED	INTERPRETATION UNREVIEWED
R004166	üna	1	üna	üna	3	SEMANTIC VALUE UNRESOLVED	INTERPRETATION UNREVIEWED
R004167	üslupla	1	üslupla	üslupla	7	SEMANTIC VALUE UNRESOLVED	INTERPRETATION UNREVIEWED
R004168	üs­	1	üs­	üs­	3	SEMANTIC VALUE UNRESOLVED	INTERPRETATION UNREVIEWED
R004169	üysa	1	üysa	üysa	4	SEMANTIC VALUE UNRESOLVED	INTERPRETATION UNREVIEWED
R004170	üzerine	2	üzerine	üzerine	7	SEMANTIC VALUE UNRESOLVED	INTERPRETATION UNREVIEWED
R004171	üç	1	üç	üç	2	SEMANTIC VALUE UNRESOLVED	INTERPRETATION UNREVIEWED
R004172	üçler:	1	üçler:	üçler:	6	SEMANTIC VALUE UNRESOLVED	INTERPRETATION UNREVIEWED
R004173	üçüdür	1	üçüdür	üçüdür	6	SEMANTIC VALUE UNRESOLVED	INTERPRETATION UNREVIEWED
R004174	Ć	1	Ć	ć	1	SEMANTIC VALUE UNRESOLVED	INTERPRETATION UNREVIEWED
R004175	ć	1	ć	ć	1	SEMANTIC VALUE UNRESOLVED	INTERPRETATION UNREVIEWED
R004176	ğan	1	ğan	ğan	3	SEMANTIC VALUE UNRESOLVED	INTERPRETATION UNREVIEWED
R004177	ğer	1	ğer	ğer	3	SEMANTIC VALUE UNRESOLVED	INTERPRETATION UNREVIEWED
R004178	ğunluğu	1	ğunluğu	ğunluğu	7	SEMANTIC VALUE UNRESOLVED	INTERPRETATION UNREVIEWED
R004179	ğı	1	ğı	ğı	2	SEMANTIC VALUE UNRESOLVED	INTERPRETATION UNREVIEWED
R004180	ğız.	1	ğız.	ğız.	4	SEMANTIC VALUE UNRESOLVED	INTERPRETATION UNREVIEWED
R004181	ı1	14	ı1	ı1	2	SEMANTIC VALUE UNRESOLVED	INTERPRETATION UNREVIEWED
R004182	ılın	1	ılın	ılın	4	SEMANTIC VALUE UNRESOLVED	INTERPRETATION UNREVIEWED
R004183	ınıdare	1	ınıdare	ınıdare	7	SEMANTIC VALUE UNRESOLVED	INTERPRETATION UNREVIEWED
R004184	ınıhale	1	ınıhale	ınıhale	7	SEMANTIC VALUE UNRESOLVED	INTERPRETATION UNREVIEWED
R004185	ınıherhen	1	ınıherhen	ınıherhen	9	SEMANTIC VALUE UNRESOLVED	INTERPRETATION UNREVIEWED
R004186	ınıin	1	ınıin	ınıin	5	SEMANTIC VALUE UNRESOLVED	INTERPRETATION UNREVIEWED
R004187	ınırade	1	ınırade	ınırade	7	SEMANTIC VALUE UNRESOLVED	INTERPRETATION UNREVIEWED
R004188	ınıradi!	1	ınıradi!	ınıradi!	8	SEMANTIC VALUE UNRESOLVED	INTERPRETATION UNREVIEWED
R004189	ınırari	1	ınırari	ınırari	7	SEMANTIC VALUE UNRESOLVED	INTERPRETATION UNREVIEWED
R004190	ınısılman	1	ınısılman	ınısılman	9	SEMANTIC VALUE UNRESOLVED	INTERPRETATION UNREVIEWED
R004191	ışık	1	ışık	ışık	4	SEMANTIC VALUE UNRESOLVED	INTERPRETATION UNREVIEWED
R004192	ışık;	1	ışık;	ışık;	5	SEMANTIC VALUE UNRESOLVED	INTERPRETATION UNREVIEWED
R004193	ışıktı;	1	ışıktı;	ışıktı;	7	SEMANTIC VALUE UNRESOLVED	INTERPRETATION UNREVIEWED
R004194	ışığı	1	ışığı	ışığı	5	SEMANTIC VALUE UNRESOLVED	INTERPRETATION UNREVIEWED
R004195	ışığı.	1	ışığı.	ışığı.	6	SEMANTIC VALUE UNRESOLVED	INTERPRETATION UNREVIEWED
R004196	ışığındandır.	1	ışığındandır.	ışığındandır.	13	SEMANTIC VALUE UNRESOLVED	INTERPRETATION UNREVIEWED
R004197	Ş	1	Ş	ş	1	SEMANTIC VALUE UNRESOLVED	INTERPRETATION UNREVIEWED
R004198	şa'yi!	1	şa'yi!	şa'yi!	6	SEMANTIC VALUE UNRESOLVED	INTERPRETATION UNREVIEWED
R004199	şad-ı	1	şad-ı	şad-ı	5	SEMANTIC VALUE UNRESOLVED	INTERPRETATION UNREVIEWED
R004200	Şahesere	1	Şahesere	şahesere	8	SEMANTIC VALUE UNRESOLVED	INTERPRETATION UNREVIEWED
R004201	Şahinşehe	1	Şahinşehe	şahinşehe	9	SEMANTIC VALUE UNRESOLVED	INTERPRETATION UNREVIEWED
R004202	şahsın,	1	şahsın,	şahsın,	7	SEMANTIC VALUE UNRESOLVED	INTERPRETATION UNREVIEWED
R004203	şahsında	1	şahsında	şahsında	8	SEMANTIC VALUE UNRESOLVED	INTERPRETATION UNREVIEWED
R004204	şahı	1	şahı	şahı	4	SEMANTIC VALUE UNRESOLVED	INTERPRETATION UNREVIEWED
R004205	Şahım!	1	Şahım!	şahım!	6	SEMANTIC VALUE UNRESOLVED	INTERPRETATION UNREVIEWED
R004206	şakır!	1	şakır!	şakır!	6	SEMANTIC VALUE UNRESOLVED	INTERPRETATION UNREVIEWED
R004207	şalftz	1	şalftz	şalftz	6	SEMANTIC VALUE UNRESOLVED	INTERPRETATION UNREVIEWED
R004208	şalfızi	1	şalfızi	şalfızi	7	SEMANTIC VALUE UNRESOLVED	INTERPRETATION UNREVIEWED
R004209	şaluziye,	1	şaluziye,	şaluziye,	9	SEMANTIC VALUE UNRESOLVED	INTERPRETATION UNREVIEWED
R004210	ŞaM	1	ŞaM	şam	3	SEMANTIC VALUE UNRESOLVED	INTERPRETATION UNREVIEWED
R004211	şaM	1	şaM	şam	3	SEMANTIC VALUE UNRESOLVED	INTERPRETATION UNREVIEWED
R004212	Şam'da	1	Şam'da	şam'da	6	SEMANTIC VALUE UNRESOLVED	INTERPRETATION UNREVIEWED
R004213	Şam'e	1	Şam'e	şam'e	5	SEMANTIC VALUE UNRESOLVED	INTERPRETATION UNREVIEWED
R004214	şand	1	şand	şand	4	SEMANTIC VALUE UNRESOLVED	INTERPRETATION UNREVIEWED
R004215	şanlı	1	şanlı	şanlı	5	SEMANTIC VALUE UNRESOLVED	INTERPRETATION UNREVIEWED
R004216	şarap.	1	şarap.	şarap.	6	SEMANTIC VALUE UNRESOLVED	INTERPRETATION UNREVIEWED
R004217	şarapla	1	şarapla	şarapla	7	SEMANTIC VALUE UNRESOLVED	INTERPRETATION UNREVIEWED
R004218	Şatır	1	Şatır	şatır	5	SEMANTIC VALUE UNRESOLVED	INTERPRETATION UNREVIEWED
R004219	Şayesteye	1	Şayesteye	şayesteye	9	SEMANTIC VALUE UNRESOLVED	INTERPRETATION UNREVIEWED
R004220	şa­	1	şa­	şa­	3	SEMANTIC VALUE UNRESOLVED	INTERPRETATION UNREVIEWED
R004221	şaşbCın	1	şaşbCın	şaşbcın	7	SEMANTIC VALUE UNRESOLVED	INTERPRETATION UNREVIEWED
R004222	Şaşılacak	1	Şaşılacak	şaşılacak	9	SEMANTIC VALUE UNRESOLVED	INTERPRETATION UNREVIEWED
R004223	şe'r	2	şe'r	şe'r	4	SEMANTIC VALUE UNRESOLVED	INTERPRETATION UNREVIEWED
R004224	ŞEFAAT,	1	ŞEFAAT,	şefaat,	7	SEMANTIC VALUE UNRESOLVED	INTERPRETATION UNREVIEWED
R004225	Şefaatının	1	Şefaatının	şefaatının	10	SEMANTIC VALUE UNRESOLVED	INTERPRETATION UNREVIEWED
R004226	şefaeta	1	şefaeta	şefaeta	7	SEMANTIC VALUE UNRESOLVED	INTERPRETATION UNREVIEWED
R004227	şefaf	1	şefaf	şefaf	5	SEMANTIC VALUE UNRESOLVED	INTERPRETATION UNREVIEWED
R004228	şefkatinden,	1	şefkatinden,	şefkatinden,	12	SEMANTIC VALUE UNRESOLVED	INTERPRETATION UNREVIEWED
R004229	şehadet	1	şehadet	şehadet	7	SEMANTIC VALUE UNRESOLVED	INTERPRETATION UNREVIEWED
R004230	şehane?	1	şehane?	şehane?	7	SEMANTIC VALUE UNRESOLVED	INTERPRETATION UNREVIEWED
R004231	Şehinşah!	2	Şehinşah!	şehinşah!	9	SEMANTIC VALUE UNRESOLVED	INTERPRETATION UNREVIEWED
R004232	Şehinşahı!	1	Şehinşahı!	şehinşahı!	10	SEMANTIC VALUE UNRESOLVED	INTERPRETATION UNREVIEWED
R004233	şehir,	1	şehir,	şehir,	6	SEMANTIC VALUE UNRESOLVED	INTERPRETATION UNREVIEWED
R004234	şehre	1	şehre	şehre	5	SEMANTIC VALUE UNRESOLVED	INTERPRETATION UNREVIEWED
R004235	şehrekın,	1	şehrekın,	şehrekın,	9	SEMANTIC VALUE UNRESOLVED	INTERPRETATION UNREVIEWED
R004236	şeker	3	şeker	şeker	5	SEMANTIC VALUE UNRESOLVED	INTERPRETATION UNREVIEWED
R004237	şekker	1	şekker	şekker	6	SEMANTIC VALUE UNRESOLVED	INTERPRETATION UNREVIEWED
R004238	şekline	1	şekline	şekline	7	SEMANTIC VALUE UNRESOLVED	INTERPRETATION UNREVIEWED
R004239	Şekspir	1	Şekspir	şekspir	7	SEMANTIC VALUE UNRESOLVED	INTERPRETATION UNREVIEWED
R004240	Şekspir'in	1	Şekspir'in	şekspir'in	10	SEMANTIC VALUE UNRESOLVED	INTERPRETATION UNREVIEWED
R004241	şekır	2	şekır	şekır	5	SEMANTIC VALUE UNRESOLVED	INTERPRETATION UNREVIEWED
R004242	Şem'i,	1	Şem'i,	şem'i,	6	SEMANTIC VALUE UNRESOLVED	INTERPRETATION UNREVIEWED
R004243	Şemsi,	1	Şemsi,	şemsi,	6	SEMANTIC VALUE UNRESOLVED	INTERPRETATION UNREVIEWED
R004244	şeqi-yfı	1	şeqi-yfı	şeqi-yfı	8	SEMANTIC VALUE UNRESOLVED	INTERPRETATION UNREVIEWED
R004245	Şeqqel-qemera	1	Şeqqel-qemera	şeqqel-qemera	13	SEMANTIC VALUE UNRESOLVED	INTERPRETATION UNREVIEWED
R004246	Şeqqel-qemeı·:	1	Şeqqel-qemeı·:	şeqqel-qemeı·:	14	SEMANTIC VALUE UNRESOLVED	INTERPRETATION UNREVIEWED
R004247	Şere	1	Şere	şere	4	SEMANTIC VALUE UNRESOLVED	INTERPRETATION UNREVIEWED
R004248	şeref	1	şeref	şeref	5	SEMANTIC VALUE UNRESOLVED	INTERPRETATION UNREVIEWED
R004249	şerefine	1	şerefine	şerefine	8	SEMANTIC VALUE UNRESOLVED	INTERPRETATION UNREVIEWED
R004250	şerefli	1	şerefli	şerefli	7	SEMANTIC VALUE UNRESOLVED	INTERPRETATION UNREVIEWED
R004251	Şeriatİyle	1	Şeriatİyle	şeriati̇yle	10	SEMANTIC VALUE UNRESOLVED	INTERPRETATION UNREVIEWED
R004252	şerike	1	şerike	şerike	6	SEMANTIC VALUE UNRESOLVED	INTERPRETATION UNREVIEWED
R004253	Şerin	1	Şerin	şerin	5	SEMANTIC VALUE UNRESOLVED	INTERPRETATION UNREVIEWED
R004254	Şerla	1	Şerla	şerla	5	SEMANTIC VALUE UNRESOLVED	INTERPRETATION UNREVIEWED
R004255	şernal	1	şernal	şernal	6	SEMANTIC VALUE UNRESOLVED	INTERPRETATION UNREVIEWED
R004256	Şernsa	1	Şernsa	şernsa	6	SEMANTIC VALUE UNRESOLVED	INTERPRETATION UNREVIEWED
R004257	şeva	1	şeva	şeva	4	SEMANTIC VALUE UNRESOLVED	INTERPRETATION UNREVIEWED
R004258	şewqe	1	şewqe	şewqe	5	SEMANTIC VALUE UNRESOLVED	INTERPRETATION UNREVIEWED
R004259	Şex:	1	Şex:	şex:	4	SEMANTIC VALUE UNRESOLVED	INTERPRETATION UNREVIEWED
R004260	Şexe	2	Şexe	şexe	4	SEMANTIC VALUE UNRESOLVED	INTERPRETATION UNREVIEWED
R004261	şexse	2	şexse	şexse	5	SEMANTIC VALUE UNRESOLVED	INTERPRETATION UNREVIEWED
R004262	şey	2	şey	şey	3	SEMANTIC VALUE UNRESOLVED	INTERPRETATION UNREVIEWED
R004263	şeyatm	1	şeyatm	şeyatm	6	SEMANTIC VALUE UNRESOLVED	INTERPRETATION UNREVIEWED
R004264	şeyda!	1	şeyda!	şeyda!	6	SEMANTIC VALUE UNRESOLVED	INTERPRETATION UNREVIEWED
R004265	şeyden	1	şeyden	şeyden	6	SEMANTIC VALUE UNRESOLVED	INTERPRETATION UNREVIEWED
R004266	şeydir,	1	şeydir,	şeydir,	7	SEMANTIC VALUE UNRESOLVED	INTERPRETATION UNREVIEWED
R004267	şeyhi	1	şeyhi	şeyhi	5	SEMANTIC VALUE UNRESOLVED	INTERPRETATION UNREVIEWED
R004268	Şeyhinin	1	Şeyhinin	şeyhinin	8	SEMANTIC VALUE UNRESOLVED	INTERPRETATION UNREVIEWED
R004269	şeyi	1	şeyi	şeyi	4	SEMANTIC VALUE UNRESOLVED	INTERPRETATION UNREVIEWED
R004270	Şeytan,	1	Şeytan,	şeytan,	7	SEMANTIC VALUE UNRESOLVED	INTERPRETATION UNREVIEWED
R004271	Şeytanlar	1	Şeytanlar	şeytanlar	9	SEMANTIC VALUE UNRESOLVED	INTERPRETATION UNREVIEWED
R004272	Şfmƀ	1	Şfmƀ	şfmƀ	4	SEMANTIC VALUE UNRESOLVED	INTERPRETATION UNREVIEWED
R004273	şfı.r	1	şfı.r	şfı.r	5	SEMANTIC VALUE UNRESOLVED	INTERPRETATION UNREVIEWED
R004274	şfı.r,	1	şfı.r,	şfı.r,	6	SEMANTIC VALUE UNRESOLVED	INTERPRETATION UNREVIEWED
R004275	şfıne	1	şfıne	şfıne	5	SEMANTIC VALUE UNRESOLVED	INTERPRETATION UNREVIEWED
R004276	şfır-ı	1	şfır-ı	şfır-ı	6	SEMANTIC VALUE UNRESOLVED	INTERPRETATION UNREVIEWED
R004277	şfıre	1	şfıre	şfıre	5	SEMANTIC VALUE UNRESOLVED	INTERPRETATION UNREVIEWED
R004278	şi	1	şi	şi	2	SEMANTIC VALUE UNRESOLVED	INTERPRETATION UNREVIEWED
R004279	şiir	2	şiir	şiir	4	SEMANTIC VALUE UNRESOLVED	INTERPRETATION UNREVIEWED
R004280	şir	1	şir	şir	3	SEMANTIC VALUE UNRESOLVED	INTERPRETATION UNREVIEWED
R004281	şireteki	1	şireteki	şireteki	8	SEMANTIC VALUE UNRESOLVED	INTERPRETATION UNREVIEWED
R004282	Şirin'i	1	Şirin'i	şirin'i	7	SEMANTIC VALUE UNRESOLVED	INTERPRETATION UNREVIEWED
R004283	Şmutina	1	Şmutina	şmutina	7	SEMANTIC VALUE UNRESOLVED	INTERPRETATION UNREVIEWED
R004284	ştikredici	1	ştikredici	ştikredici	10	SEMANTIC VALUE UNRESOLVED	INTERPRETATION UNREVIEWED
R004285	ŞTİ.	1	ŞTİ.	şti̇.	4	SEMANTIC VALUE UNRESOLVED	INTERPRETATION UNREVIEWED
R004286	Şu	3	Şu	şu	2	SEMANTIC VALUE UNRESOLVED	INTERPRETATION UNREVIEWED
R004287	şu	5	şu	şu	2	SEMANTIC VALUE UNRESOLVED	INTERPRETATION UNREVIEWED
R004288	şudur:	1	şudur:	şudur:	6	SEMANTIC VALUE UNRESOLVED	INTERPRETATION UNREVIEWED
R004289	şuhret	1	şuhret	şuhret	6	SEMANTIC VALUE UNRESOLVED	INTERPRETATION UNREVIEWED
R004290	şundakariye	1	şundakariye	şundakariye	11	SEMANTIC VALUE UNRESOLVED	INTERPRETATION UNREVIEWED
R004291	şur	1	şur	şur	3	SEMANTIC VALUE UNRESOLVED	INTERPRETATION UNREVIEWED
R004292	şurası	1	şurası	şurası	6	SEMANTIC VALUE UNRESOLVED	INTERPRETATION UNREVIEWED
R004293	şure	2	şure	şure	4	SEMANTIC VALUE UNRESOLVED	INTERPRETATION UNREVIEWED
R004294	şuribe	1	şuribe	şuribe	6	SEMANTIC VALUE UNRESOLVED	INTERPRETATION UNREVIEWED
R004295	şuştın	1	şuştın	şuştın	6	SEMANTIC VALUE UNRESOLVED	INTERPRETATION UNREVIEWED
R004296	Şöyle	1	Şöyle	şöyle	5	SEMANTIC VALUE UNRESOLVED	INTERPRETATION UNREVIEWED
R004297	şöyle	1	şöyle	şöyle	5	SEMANTIC VALUE UNRESOLVED	INTERPRETATION UNREVIEWED
R004298	Şöylece	1	Şöylece	şöylece	7	SEMANTIC VALUE UNRESOLVED	INTERPRETATION UNREVIEWED
R004299	şükrü	1	şükrü	şükrü	5	SEMANTIC VALUE UNRESOLVED	INTERPRETATION UNREVIEWED
R004300	şükrünü.	1	şükrünü.	şükrünü.	8	SEMANTIC VALUE UNRESOLVED	INTERPRETATION UNREVIEWED
R004301	şüna	1	şüna	şüna	4	SEMANTIC VALUE UNRESOLVED	INTERPRETATION UNREVIEWED
R004302	şüne	1	şüne	şüne	4	SEMANTIC VALUE UNRESOLVED	INTERPRETATION UNREVIEWED
R004303	şüphe	1	şüphe	şüphe	5	SEMANTIC VALUE UNRESOLVED	INTERPRETATION UNREVIEWED
R004304	şüpheli	1	şüpheli	şüpheli	7	SEMANTIC VALUE UNRESOLVED	INTERPRETATION UNREVIEWED
R004305	Şüphesiz	1	Şüphesiz	şüphesiz	8	SEMANTIC VALUE UNRESOLVED	INTERPRETATION UNREVIEWED
R004306	şıbhe	4	şıbhe	şıbhe	5	SEMANTIC VALUE UNRESOLVED	INTERPRETATION UNREVIEWED
R004307	şıbheyek	1	şıbheyek	şıbheyek	8	SEMANTIC VALUE UNRESOLVED	INTERPRETATION UNREVIEWED
R004308	şıkle	1	şıkle	şıkle	5	SEMANTIC VALUE UNRESOLVED	INTERPRETATION UNREVIEWED
R004309	şıkre	1	şıkre	şıkre	5	SEMANTIC VALUE UNRESOLVED	INTERPRETATION UNREVIEWED
R004310	şıkrek	1	şıkrek	şıkrek	6	SEMANTIC VALUE UNRESOLVED	INTERPRETATION UNREVIEWED
R004311	şımıti	1	şımıti	şımıti	6	SEMANTIC VALUE UNRESOLVED	INTERPRETATION UNREVIEWED
R004312	şıvane	1	şıvane	şıvane	6	SEMANTIC VALUE UNRESOLVED	INTERPRETATION UNREVIEWED
R004313	ş̰	1	ş̰	ş̰	2	SEMANTIC VALUE UNRESOLVED	INTERPRETATION UNREVIEWED
R004314	ǫİki	1	ǫİki	ǫi̇ki	4	SEMANTIC VALUE UNRESOLVED	INTERPRETATION UNREVIEWED
R004315	̲	1	̲	̲	1	SEMANTIC VALUE UNRESOLVED	INTERPRETATION UNREVIEWED
R004316	й	1	й	й	1	SEMANTIC VALUE UNRESOLVED	INTERPRETATION UNREVIEWED
R004317	•	1	•	•	1	SEMANTIC VALUE UNRESOLVED	INTERPRETATION UNREVIEWED
R004318	•·.	2	•·.	•·.	3	SEMANTIC VALUE UNRESOLVED	INTERPRETATION UNREVIEWED
R004319	•••	1	•••	•••	3	SEMANTIC VALUE UNRESOLVED	INTERPRETATION UNREVIEWED
